[Tue Aug 04 00:03:53 2026] You begin casting Cancel Magic VI.
[Tue Aug 04 00:03:56 2026] You begin reciting the inversion invocation.
[Tue Aug 04 00:04:04 2026] You begin casting Lay on Hands X.
[Tue Aug 04 00:04:06 2026] You begin casting Cancel Magic VI.
[Tue Aug 04 00:05:09 2026] You begin casting Superior Healing IV.
[Tue Aug 04 00:05:13 2026] You begin casting Superior Healing IV.
[Tue Aug 04 00:05:17 2026] You begin casting Calm.
[Tue Aug 04 00:05:23 2026] You begin casting Calm.
[Tue Aug 04 00:05:27 2026] You begin casting Cancel Magic VI.
[Tue Aug 04 00:05:33 2026] You begin casting Cancel Magic VI.
[Tue Aug 04 00:05:39 2026] You begin casting Cancel Magic VI.
[Tue Aug 04 00:05:46 2026] You begin casting Cancel Magic VI.
[Tue Aug 04 00:05:51 2026] You begin casting Divine Stun I.
[Tue Aug 04 00:05:53 2026] You begin casting Cancel Magic VI.
[Tue Aug 04 00:06:06 2026] You begin casting Lay on Hands X.
[Tue Aug 04 00:06:20 2026] You coat your blades in a paralytic poison.
[Tue Aug 04 00:07:09 2026] You begin casting Cancel Magic VI.
[Tue Aug 04 00:07:13 2026] You begin casting Superior Healing IV.
[Tue Aug 04 00:07:17 2026] You begin casting Superior Healing IV.
[Tue Aug 04 00:07:22 2026] You begin casting Ethereal Cleansing.
[Tue Aug 04 00:07:36 2026] You begin casting Cancel Magic VI.
[Tue Aug 04 00:07:42 2026] You begin reciting the recovery invocation.
[Tue Aug 04 00:08:20 2026] You begin casting Superior Healing IV.
[Tue Aug 04 00:08:25 2026] You begin reciting the inversion invocation.
[Tue Aug 04 00:08:27 2026] You begin casting Ethereal Cleansing.
[Tue Aug 04 00:08:33 2026] You begin reciting the recovery invocation.
[Tue Aug 04 00:08:41 2026] You begin casting Lay on Hands X.
[Tue Aug 04 00:09:01 2026] You begin casting Cancel Magic VI.
[Tue Aug 04 00:09:18 2026] You begin casting Divine Stun I.
[Tue Aug 04 00:10:54 2026] You begin casting Divine Stun I.
[Tue Aug 04 00:11:09 2026] You begin reciting the unyielding invocation.
[Tue Aug 04 00:11:34 2026] You begin casting Lay on Hands X.
[Tue Aug 04 00:11:57 2026] You assume a balanced stance.
[Tue Aug 04 00:12:36 2026] You begin casting Divine Stun I.
[Tue Aug 04 00:13:17 2026] You begin casting Divine Stun I.
[Tue Aug 04 00:15:03 2026] You begin casting Lay on Hands X.
[Tue Aug 04 00:16:39 2026] You begin casting Divine Stun I.
[Tue Aug 04 00:16:45 2026] You assume a berserker stance.
[Tue Aug 04 00:16:46 2026] You begin casting Ethereal Cleansing.
[Tue Aug 04 00:16:51 2026] You begin reciting the inversion invocation.
[Tue Aug 04 00:16:52 2026] You begin casting Superior Healing IV.
[Tue Aug 04 00:16:57 2026] You begin casting Counteract Poison.
[Tue Aug 04 00:17:02 2026] You begin casting Counteract Poison.
[Tue Aug 04 00:17:09 2026] You begin casting Counteract Poison.
[Tue Aug 04 00:17:15 2026] You begin casting Counteract Poison.
[Tue Aug 04 00:17:20 2026] You begin casting Superior Healing IV.
[Tue Aug 04 00:17:24 2026] You begin casting Superior Healing IV.
[Tue Aug 04 00:17:53 2026] You begin casting Cancel Magic VI.
[Tue Aug 04 00:17:58 2026] You begin casting Divine Stun I.
[Tue Aug 04 00:18:04 2026] You begin casting Superior Healing IV.
[Tue Aug 04 00:18:11 2026] You begin casting Superior Healing IV.
[Tue Aug 04 00:18:20 2026] You begin casting Superior Healing IV.
[Tue Aug 04 00:18:38 2026] You begin casting Lay on Hands X.
[Tue Aug 04 00:20:10 2026] You begin casting Superior Healing IV.
[Tue Aug 04 00:22:28 2026] You begin casting Ethereal Cleansing.
[Tue Aug 04 00:23:20 2026] You begin casting Superior Healing IV.
[Tue Aug 04 00:23:24 2026] You begin casting Superior Healing IV.
[Tue Aug 04 00:24:16 2026] You begin casting Cancel Magic VI.
[Tue Aug 04 00:24:22 2026] You begin casting Cancel Magic VI.
[Tue Aug 04 00:25:15 2026] You begin casting Lay on Hands X.
[Tue Aug 04 00:26:13 2026] You begin casting Superior Healing IV.
[Tue Aug 04 00:26:23 2026] You begin casting Ethereal Cleansing.
[Tue Aug 04 00:27:31 2026] You begin casting Lay on Hands X.
[Tue Aug 04 00:28:39 2026] You begin casting Escape I.
[Tue Aug 04 15:46:44 2026] You begin casting Lay on Hands X.
[Tue Aug 04 15:48:26 2026] You begin casting Superior Healing IV.
[Tue Aug 04 15:48:31 2026] You begin casting Superior Healing IV.
[Tue Aug 04 15:49:26 2026] You begin casting Superior Healing IV.
[Tue Aug 04 15:49:27 2026] You begin casting Lay on Hands X.
[Tue Aug 04 15:50:19 2026] You begin casting Superior Healing IV.
[Tue Aug 04 15:51:22 2026] You begin casting Superior Healing IV.
[Tue Aug 04 15:52:00 2026] You begin casting Superior Healing IV.
[Tue Aug 04 15:52:01 2026] You begin casting Lay on Hands X.
[Tue Aug 04 15:52:13 2026] You begin reciting the recovery invocation.
[Tue Aug 04 15:52:22 2026] You begin reciting the inversion invocation.
[Tue Aug 04 15:52:29 2026] You begin casting Superior Healing IV.
[Tue Aug 04 15:55:42 2026] You begin casting Superior Healing IV.
[Tue Aug 04 15:55:52 2026] You have gained a level! Welcome to level 48!
[Tue Aug 04 15:58:28 2026] You have become better at Kick! (164)
[Tue Aug 04 15:58:34 2026] You have become better at 1H Piercing! (239)
[Tue Aug 04 15:58:37 2026] You have become better at Kick! (165)
[Tue Aug 04 15:58:37 2026] You have become better at Kick! (166)
[Tue Aug 04 15:58:39 2026] You have become better at Backstab! (195)
[Tue Aug 04 15:58:41 2026] You begin casting Wrath.
[Tue Aug 04 15:58:42 2026] You have become better at Kick! (167)
[Tue Aug 04 15:58:44 2026] You begin casting Lay on Hands X.
[Tue Aug 04 15:58:46 2026] You begin casting Superior Healing IV.
[Tue Aug 04 15:58:47 2026] You have become better at 1H Piercing! (240)
[Tue Aug 04 15:58:48 2026] You have become better at 1H Piercing! (241)
[Tue Aug 04 15:58:52 2026] You have become better at Backstab! (196)
[Tue Aug 04 15:58:57 2026] You have become better at Parry! (191)
[Tue Aug 04 15:59:04 2026] You begin casting Superior Healing IV.
[Tue Aug 04 15:59:24 2026] You have become better at Frenzy! (193)
[Tue Aug 04 15:59:24 2026] You have become better at Frenzy! (194)
[Tue Aug 04 15:59:28 2026] You have become better at Frenzy! (195)
[Tue Aug 04 15:59:30 2026] You begin casting Superior Healing IV.
[Tue Aug 04 15:59:37 2026] You have become better at 1H Piercing! (242)
[Tue Aug 04 15:59:40 2026] You have become better at Parry! (192)
[Tue Aug 04 15:59:41 2026] You have become better at Frenzy! (196)
[Tue Aug 04 15:59:52 2026] You have become better at Parry! (193)
[Tue Aug 04 16:00:02 2026] You begin casting Wrath.
[Tue Aug 04 16:00:06 2026] You begin casting Superior Healing IV.
[Tue Aug 04 16:00:11 2026] You have become better at Parry! (194)
[Tue Aug 04 16:01:31 2026] You begin casting Superior Healing IV.
[Tue Aug 04 16:01:59 2026] You begin casting Superior Healing IV.
[Tue Aug 04 16:02:00 2026] You begin casting Lay on Hands X.
[Tue Aug 04 16:05:12 2026] You have become better at Parry! (195)
[Tue Aug 04 16:05:40 2026] You begin casting Superior Healing IV.
[Tue Aug 04 16:05:45 2026] You begin casting Superior Healing IV.
[Tue Aug 04 16:06:23 2026] You begin casting Superior Healing IV.
[Tue Aug 04 16:10:14 2026] You begin casting Superior Healing IV.
[Tue Aug 04 16:25:32 2026] You begin casting Superior Healing IV.
[Tue Aug 04 16:29:25 2026] You begin casting Superior Healing IV.
[Tue Aug 04 16:40:31 2026] You begin casting Superior Healing IV.
[Tue Aug 04 16:41:09 2026] You begin casting Superior Healing IV.
[Tue Aug 04 16:41:13 2026] You begin casting Divine Stun I.
[Tue Aug 04 16:41:21 2026] You begin casting Superior Healing IV.
[Tue Aug 04 16:41:31 2026] You begin casting Superior Healing IV.
[Tue Aug 04 16:41:42 2026] You begin casting Superior Healing IV.
[Tue Aug 04 16:41:52 2026] You begin casting Superior Healing IV.
[Tue Aug 04 16:42:24 2026] You begin casting Superior Healing IV.
[Tue Aug 04 16:43:19 2026] You begin casting Superior Healing IV.
[Tue Aug 04 16:43:24 2026] You begin casting Superior Healing IV.
[Tue Aug 04 16:43:28 2026] You begin casting Superior Healing IV.
[Tue Aug 04 16:43:35 2026] You begin casting Superior Healing IV.
[Tue Aug 04 16:43:40 2026] You begin casting Superior Healing IV.
[Tue Aug 04 16:44:00 2026] You begin reciting the recovery invocation.
[Tue Aug 04 16:44:28 2026] You begin casting Divine Stun I.
[Tue Aug 04 16:44:28 2026] You begin casting Lay on Hands X.
[Tue Aug 04 16:47:47 2026] You begin casting Lay on Hands X.
[Tue Aug 04 16:48:02 2026] You begin casting Superior Healing IV.
[Tue Aug 04 16:48:06 2026] You begin reciting the inversion invocation.
[Tue Aug 04 16:48:07 2026] You begin casting Superior Healing IV.
[Tue Aug 04 16:49:02 2026] You begin casting Superior Healing IV.
[Tue Aug 04 17:01:35 2026] You begin casting Superior Healing IV.
[Tue Aug 04 17:02:57 2026] You begin casting Superior Healing IV.
[Tue Aug 04 17:03:02 2026] You begin casting Superior Healing IV.
[Tue Aug 04 17:03:50 2026] You begin casting Superior Healing IV.
[Tue Aug 04 17:03:54 2026] You begin casting Superior Healing IV.
[Tue Aug 04 17:03:58 2026] You begin casting Superior Healing IV.
[Tue Aug 04 17:04:59 2026] You begin casting Lay on Hands X.
[Tue Aug 04 17:09:32 2026] You begin casting Lay on Hands X.
[Tue Aug 04 17:20:03 2026] You begin casting Lay on Hands X.
[Tue Aug 04 17:25:31 2026] You begin casting Superior Healing IV.
[Tue Aug 04 17:25:34 2026] You begin casting Superior Healing IV.
[Tue Aug 04 17:25:42 2026] You begin casting Superior Healing IV.
[Tue Aug 04 17:25:43 2026] You begin casting Lay on Hands X.
[Tue Aug 04 17:25:56 2026] You begin casting Superior Healing IV.
[Tue Aug 04 17:26:00 2026] You begin casting Superior Healing IV.
[Tue Aug 04 17:26:04 2026] You begin casting Superior Healing IV.
[Tue Aug 04 17:26:06 2026] You begin casting Divine Stun I.
[Tue Aug 04 17:26:11 2026] You begin casting Superior Healing IV.
[Tue Aug 04 17:26:15 2026] You begin casting Superior Healing IV.
[Tue Aug 04 17:26:37 2026] You begin casting Superior Healing IV.
[Tue Aug 04 17:26:41 2026] You begin casting Superior Healing IV.
[Tue Aug 04 17:26:45 2026] You begin casting Divine Stun I.
[Tue Aug 04 17:26:46 2026] You begin casting Superior Healing IV.
[Tue Aug 04 17:26:50 2026] You begin casting Superior Healing IV.
[Tue Aug 04 17:26:54 2026] You begin casting Superior Healing IV.
[Tue Aug 04 17:26:56 2026] You begin casting Lay on Hands X.
[Tue Aug 04 17:26:59 2026] You begin reciting the recovery invocation.
[Tue Aug 04 17:27:17 2026] You begin casting Superior Healing IV.
[Tue Aug 04 17:27:35 2026] You begin casting Divine Stun I.
[Tue Aug 04 17:27:45 2026] You begin reciting the inversion invocation.
[Tue Aug 04 17:48:07 2026] You begin casting Superior Healing IV.
[Tue Aug 04 17:48:11 2026] You begin casting Superior Healing IV.
[Tue Aug 04 17:48:23 2026] You begin casting Superior Healing IV.
[Tue Aug 04 17:55:14 2026] You begin casting Divine Stun I.
[Tue Aug 04 17:55:16 2026] You begin casting Superior Healing IV.
[Tue Aug 04 17:55:27 2026] You begin casting Lay on Hands X.
[Tue Aug 04 17:55:50 2026] You begin casting Superior Healing IV.
[Tue Aug 04 17:55:54 2026] You begin casting Superior Healing IV.
[Tue Aug 04 17:56:00 2026] You begin casting Superior Healing IV.
[Tue Aug 04 17:56:07 2026] You begin casting Divine Stun I.
[Tue Aug 04 17:56:24 2026] You begin casting Superior Healing IV.
[Tue Aug 04 17:57:05 2026] You begin casting Superior Healing IV.
[Tue Aug 04 17:57:58 2026] You begin casting Superior Healing IV.
[Tue Aug 04 17:57:59 2026] You begin casting Divine Stun I.
[Tue Aug 04 17:58:16 2026] You begin casting Superior Healing IV.
[Tue Aug 04 17:58:17 2026] You begin casting Lay on Hands X.
[Tue Aug 04 18:00:09 2026] You begin casting Counteract Poison.
[Tue Aug 04 18:00:32 2026] You begin casting Divine Stun I.
[Tue Aug 04 18:00:34 2026] You begin casting Superior Healing IV.
[Tue Aug 04 18:00:38 2026] You begin casting Superior Healing IV.
[Tue Aug 04 18:00:44 2026] You begin casting Superior Healing IV.
[Tue Aug 04 18:01:24 2026] You begin casting Superior Healing IV.
[Tue Aug 04 18:01:26 2026] You begin casting Divine Stun I.
[Tue Aug 04 18:01:27 2026] You begin casting Lay on Hands X.
[Tue Aug 04 18:01:33 2026] You begin casting Counteract Poison.
[Tue Aug 04 18:02:13 2026] You have become better at Abjuration! (228)
[Tue Aug 04 18:02:14 2026] You begin reciting the recovery invocation.
[Tue Aug 04 18:02:22 2026] You assume a balanced stance.
[Tue Aug 04 18:03:30 2026] You begin casting Lay on Hands X.
[Tue Aug 04 18:08:34 2026] You begin casting Superior Healing IV.
[Tue Aug 04 18:10:03 2026] You assume a berserker stance.
[Tue Aug 04 18:10:55 2026] You begin casting Superior Healing IV.
[Tue Aug 04 18:11:00 2026] You begin reciting the inversion invocation.
[Tue Aug 04 18:11:01 2026] You begin casting Cancel Magic VI.
[Tue Aug 04 18:11:02 2026] You have become better at Abjuration! (229)
[Tue Aug 04 18:11:05 2026] You begin casting Superior Healing IV.
[Tue Aug 04 18:11:09 2026] You begin casting Cancel Magic VI.
[Tue Aug 04 18:11:13 2026] You begin casting Lay on Hands X.
[Tue Aug 04 18:11:57 2026] You begin casting Cancel Magic VI.
[Tue Aug 04 18:12:59 2026] You begin casting Cancel Magic VI.
[Tue Aug 04 18:13:02 2026] You begin casting Divine Stun I.
[Tue Aug 04 18:13:04 2026] You begin casting Cancel Magic VI.
[Tue Aug 04 18:13:15 2026] You begin casting Superior Healing IV.
[Tue Aug 04 18:13:23 2026] You begin casting Lay on Hands X.
[Tue Aug 04 18:13:33 2026] You begin casting Cancel Magic VI.
[Tue Aug 04 18:13:54 2026] You begin casting Ethereal Cleansing.
[Tue Aug 04 18:15:48 2026] You begin casting Cancel Magic VI.
[Tue Aug 04 18:15:53 2026] You begin casting Cancel Magic VI.
[Tue Aug 04 18:17:10 2026] You begin casting Cancel Magic VI.
[Tue Aug 04 18:17:15 2026] You begin casting Cancel Magic VI.
[Tue Aug 04 18:17:32 2026] You begin casting Superior Healing IV.
[Tue Aug 04 18:17:56 2026] You begin casting Superior Healing IV.
[Tue Aug 04 18:18:05 2026] You begin reciting the recovery invocation.
[Tue Aug 04 18:18:13 2026] You begin casting Lay on Hands X.
[Tue Aug 04 18:18:16 2026] You begin casting Cancel Magic VI.
[Tue Aug 04 18:18:22 2026] You begin reciting the inversion invocation.
[Tue Aug 04 18:18:48 2026] You begin casting Superior Healing IV.
[Tue Aug 04 18:18:53 2026] You begin casting Superior Healing IV.
[Tue Aug 04 18:18:57 2026] You begin casting Superior Healing IV.
[Tue Aug 04 18:19:00 2026] You begin casting Divine Stun I.
[Tue Aug 04 18:19:02 2026] You begin casting Superior Healing IV.
[Tue Aug 04 18:19:07 2026] You begin casting Superior Healing IV.
[Tue Aug 04 18:19:11 2026] You begin casting Superior Healing IV.
[Tue Aug 04 18:19:12 2026] You assume a balanced stance.
[Tue Aug 04 18:19:15 2026] You begin casting Superior Healing IV.
[Tue Aug 04 18:19:18 2026] You begin reciting the recovery invocation.
[Tue Aug 04 18:19:45 2026] You begin casting Superior Healing IV.
[Tue Aug 04 18:19:48 2026] You begin reciting the inversion invocation.
[Tue Aug 04 18:19:49 2026] You begin casting Superior Healing IV.
[Tue Aug 04 18:19:54 2026] You begin casting Superior Healing IV.
[Tue Aug 04 18:19:56 2026] You begin casting Lay on Hands X.
[Tue Aug 04 18:20:00 2026] You begin casting Divine Stun I.
[Tue Aug 04 18:20:07 2026] You assume a berserker stance.
[Tue Aug 04 18:20:23 2026] You begin casting Superior Healing IV.
[Tue Aug 04 18:20:33 2026] You begin casting Divine Stun I.
[Tue Aug 04 18:20:36 2026] You begin reciting the recovery invocation.
[Tue Aug 04 18:21:28 2026] You begin casting Illusion: Dark Elf.
[Tue Aug 04 18:21:43 2026] You coat your blades with a stunning agent.
[Tue Aug 04 18:21:47 2026] You coat your blades in a drawing poison.
[Tue Aug 04 18:21:52 2026] You coat your blades in cobra venom.
[Tue Aug 04 18:21:57 2026] You coat your blades in a paralytic poison.
[Tue Aug 04 19:28:22 2026] You begin reciting the unyielding invocation.
[Tue Aug 04 19:28:31 2026] You begin casting Lay on Hands X.
[Tue Aug 04 19:28:57 2026] You begin casting Divine Stun I.
[Tue Aug 04 19:29:01 2026] You begin casting Cancel Magic VI.
[Tue Aug 04 19:29:05 2026] You begin reciting the inversion invocation.
[Tue Aug 04 19:29:07 2026] You begin casting Superior Healing IV.
[Tue Aug 04 19:29:35 2026] You begin casting Divine Stun I.
[Tue Aug 04 19:29:39 2026] You begin casting Cure Disease.
[Tue Aug 04 19:29:43 2026] You begin casting Cure Disease.
[Tue Aug 04 19:29:47 2026] You begin casting Cure Disease.
[Tue Aug 04 19:30:01 2026] You begin casting Cure Disease.
[Tue Aug 04 19:30:04 2026] You begin casting Cure Disease.
[Tue Aug 04 19:30:16 2026] You begin reciting the spellblade invocation.
[Tue Aug 04 19:30:23 2026] You begin casting Cure Disease.
[Tue Aug 04 19:30:26 2026] You begin casting Cure Disease.
[Tue Aug 04 19:31:00 2026] You begin casting Lay on Hands X.
[Tue Aug 04 19:31:31 2026] You begin casting Bottle of Alternate Adventure.
[Tue Aug 04 19:32:36 2026] You begin casting Superior Healing IV.
[Tue Aug 04 19:32:40 2026] You begin casting Divine Stun I.
[Tue Aug 04 19:33:02 2026] You begin reciting the inversion invocation.
[Tue Aug 04 19:33:02 2026] You begin casting Superior Healing IV.
[Tue Aug 04 19:33:07 2026] You begin casting Superior Healing IV.
[Tue Aug 04 19:33:12 2026] You begin casting Superior Healing IV.
[Tue Aug 04 19:33:15 2026] You begin reciting the recovery invocation.
[Tue Aug 04 19:34:22 2026] You begin casting Lay on Hands X.
[Tue Aug 04 19:35:38 2026] You begin casting Ethereal Cleansing.
[Tue Aug 04 19:35:52 2026] You have gained a level! Welcome to level 49!
[Tue Aug 04 19:35:56 2026] You have become better at Parry! (196)
[Tue Aug 04 19:35:58 2026] You begin casting Divine Stun I.
[Tue Aug 04 19:35:58 2026] You have become better at 1H Piercing! (243)
[Tue Aug 04 19:35:58 2026] You have become better at 1H Piercing! (244)
[Tue Aug 04 19:35:58 2026] You have become better at Kick! (168)
[Tue Aug 04 19:35:59 2026] You begin casting Superior Healing IV.
[Tue Aug 04 19:36:02 2026] You have become better at Kick! (169)
[Tue Aug 04 19:36:07 2026] You have become better at 1H Piercing! (245)
[Tue Aug 04 19:36:09 2026] You have become better at 1H Piercing! (246)
[Tue Aug 04 19:36:12 2026] You have become better at Backstab! (197)
[Tue Aug 04 19:36:54 2026] You begin reciting the inversion invocation.
[Tue Aug 04 19:36:56 2026] You begin casting Superior Healing IV.
[Tue Aug 04 19:37:03 2026] You begin casting Superior Healing IV.
[Tue Aug 04 19:37:07 2026] You have become better at Kick! (170)
[Tue Aug 04 19:37:10 2026] You have become better at Frenzy! (197)
[Tue Aug 04 19:37:21 2026] You have become better at Backstab! (198)
[Tue Aug 04 19:37:27 2026] You have become better at Kick! (171)
[Tue Aug 04 19:37:32 2026] You have become better at Parry! (197)
[Tue Aug 04 19:37:38 2026] You have become better at Frenzy! (198)
[Tue Aug 04 19:37:47 2026] You begin casting Lay on Hands X.
[Tue Aug 04 19:37:58 2026] You have become better at Frenzy! (199)
[Tue Aug 04 19:38:03 2026] You begin casting Divine Stun I.
[Tue Aug 04 19:40:06 2026] You have become better at Frenzy! (200)
[Tue Aug 04 19:40:16 2026] You begin casting Divine Stun I.
[Tue Aug 04 19:41:05 2026] You begin casting Superior Healing IV.
[Tue Aug 04 19:41:10 2026] You begin casting Ethereal Cleansing.
[Tue Aug 04 19:41:41 2026] You have become better at Parry! (198)
[Tue Aug 04 19:41:41 2026] You have become better at Parry! (199)
[Tue Aug 04 19:41:43 2026] You have become better at Parry! (200)
[Tue Aug 04 19:42:53 2026] You begin casting Lay on Hands X.
[Tue Aug 04 19:45:54 2026] You begin casting Divine Stun I.
[Tue Aug 04 19:46:17 2026] You begin casting Lay on Hands X.
[Tue Aug 04 19:48:16 2026] You begin casting Superior Healing IV.
[Tue Aug 04 19:48:24 2026] You begin casting Superior Healing IV.
[Tue Aug 04 19:48:57 2026] You coat your blades with a magical poison.
[Tue Aug 04 19:49:43 2026] You begin reciting the spellblade invocation.
[Tue Aug 04 19:49:59 2026] You begin casting Superior Healing IV.
[Tue Aug 04 19:50:04 2026] You begin casting Superior Healing IV.
[Tue Aug 04 19:50:07 2026] You begin casting Illusion: Dark Elf.
[Tue Aug 04 19:50:17 2026] You begin casting Cancel Magic VI.
[Tue Aug 04 19:50:48 2026] You begin reciting the inversion invocation.
[Tue Aug 04 19:50:48 2026] You begin casting Superior Healing IV.
[Tue Aug 04 19:50:53 2026] You begin casting Cancel Magic VI.
[Tue Aug 04 19:50:58 2026] You begin casting Cancel Magic VI.
[Tue Aug 04 19:52:51 2026] You begin casting Superior Healing IV.
[Tue Aug 04 19:52:55 2026] You begin casting Lay on Hands X.
[Tue Aug 04 19:53:12 2026] You begin casting Ethereal Cleansing.
[Tue Aug 04 19:55:32 2026] You begin casting Cancel Magic VI.
[Tue Aug 04 19:55:38 2026] You begin casting Cancel Magic VI.
[Tue Aug 04 19:55:55 2026] You begin reciting the recovery invocation.
[Tue Aug 04 19:56:43 2026] You begin casting Lay on Hands X.
[Tue Aug 04 19:56:47 2026] You begin casting Cancel Magic VI.
[Tue Aug 04 19:56:54 2026] You begin reciting the inversion invocation.
[Tue Aug 04 19:56:55 2026] You begin casting Cancel Magic VI.
[Tue Aug 04 19:57:00 2026] You begin casting Cancel Magic VI.
[Tue Aug 04 19:57:01 2026] You have become better at Abjuration! (230)
[Tue Aug 04 19:57:10 2026] You begin casting Superior Healing IV.
[Tue Aug 04 19:59:05 2026] You begin casting Divine Stun I.
[Tue Aug 04 19:59:31 2026] You begin casting Lay on Hands X.
[Tue Aug 04 20:01:10 2026] You begin casting Calm.
[Tue Aug 04 20:01:15 2026] You begin casting Cancel Magic VI.
[Tue Aug 04 20:01:20 2026] You begin casting Cancel Magic VI.
[Tue Aug 04 20:01:30 2026] You begin casting Superior Healing IV.
[Tue Aug 04 20:01:38 2026] You begin casting Superior Healing IV.
[Tue Aug 04 20:01:46 2026] You begin casting Superior Healing IV.
[Tue Aug 04 20:01:51 2026] You begin casting Superior Healing IV.
[Tue Aug 04 20:01:57 2026] You begin casting Superior Healing IV.
[Tue Aug 04 20:02:01 2026] You begin casting Superior Healing IV.
[Tue Aug 04 20:02:06 2026] You begin casting Superior Healing IV.
[Tue Aug 04 20:02:11 2026] You begin casting Superior Healing IV.
[Tue Aug 04 20:02:28 2026] You begin casting Superior Healing IV.
[Tue Aug 04 20:02:33 2026] You begin casting Superior Healing IV.
[Tue Aug 04 20:02:42 2026] You begin casting Superior Healing IV.
[Tue Aug 04 20:02:53 2026] You begin casting Cancel Magic VI.
[Tue Aug 04 20:02:59 2026] You begin casting Cancel Magic VI.
[Tue Aug 04 20:03:33 2026] You begin casting Superior Healing IV.
[Tue Aug 04 20:03:49 2026] You begin reciting the recovery invocation.
[Tue Aug 04 20:04:08 2026] You begin casting Lay on Hands X.
[Tue Aug 04 20:06:12 2026] You begin casting Cancel Magic VI.
[Tue Aug 04 20:06:19 2026] You begin reciting the inversion invocation.
[Tue Aug 04 20:06:19 2026] You begin casting Cancel Magic VI.
[Tue Aug 04 20:06:25 2026] You begin casting Cancel Magic VI.
[Tue Aug 04 20:06:30 2026] You begin casting Cancel Magic VI.
[Tue Aug 04 20:06:43 2026] You begin casting Lay on Hands X.
[Tue Aug 04 20:07:16 2026] You coat your blades in a paralytic poison.
[Tue Aug 04 20:10:40 2026] You begin casting Lay on Hands X.
[Tue Aug 04 20:11:26 2026] You begin casting Divine Stun I.
[Tue Aug 04 20:11:28 2026] You begin casting Retribution.
[Tue Aug 04 20:11:36 2026] You begin casting Superior Healing IV.
[Tue Aug 04 20:11:40 2026] You begin casting Superior Healing IV.
[Tue Aug 04 20:11:52 2026] You begin casting Superior Healing IV.
[Tue Aug 04 20:12:11 2026] You begin casting Calm.
[Tue Aug 04 20:12:16 2026] You begin casting Cancel Magic VI.
[Tue Aug 04 20:12:32 2026] You begin casting Divine Stun I.
[Tue Aug 04 20:12:37 2026] You begin reciting the recovery invocation.
[Tue Aug 04 20:12:47 2026] You begin casting Lay on Hands X.
[Tue Aug 04 20:13:11 2026] You begin casting Superior Healing IV.
[Tue Aug 04 20:13:14 2026] You begin reciting the inversion invocation.
[Tue Aug 04 20:13:14 2026] You begin casting Superior Healing IV.
[Tue Aug 04 20:13:19 2026] You begin casting Superior Healing IV.
[Tue Aug 04 20:13:23 2026] You begin casting Superior Healing IV.
[Tue Aug 04 20:13:27 2026] You begin casting Superior Healing IV.
[Tue Aug 04 20:13:32 2026] You begin casting Superior Healing IV.
[Tue Aug 04 20:13:38 2026] You begin casting Superior Healing IV.
[Tue Aug 04 20:15:39 2026] You begin casting Counteract Poison.
[Tue Aug 04 20:15:51 2026] You begin casting Lay on Hands X.
[Tue Aug 04 20:15:53 2026] You begin casting Counteract Poison.
[Tue Aug 04 20:16:03 2026] You begin casting Cancel Magic VI.
[Tue Aug 04 20:16:08 2026] You begin casting Cancel Magic VI.
[Tue Aug 04 20:16:14 2026] You begin casting Cancel Magic VI.
[Tue Aug 04 20:16:14 2026] You have become better at Abjuration! (231)
[Tue Aug 04 20:16:25 2026] You begin casting Cancel Magic VI.
[Tue Aug 04 20:16:48 2026] You begin casting Cancel Magic VI.
[Tue Aug 04 20:17:12 2026] You begin casting Counteract Poison.
[Tue Aug 04 20:17:21 2026] You begin casting Cancel Magic VI.
[Tue Aug 04 20:23:08 2026] You begin casting Cancel Magic VI.
[Tue Aug 04 20:23:27 2026] You begin casting Cancel Magic VI.
[Tue Aug 04 20:23:32 2026] You begin casting Cancel Magic VI.
[Tue Aug 04 20:23:46 2026] You begin casting Superior Healing IV.
[Tue Aug 04 20:24:04 2026] You begin casting Superior Healing IV.
[Tue Aug 04 20:24:08 2026] You begin casting Cancel Magic VI.
[Tue Aug 04 20:24:14 2026] You begin casting Cancel Magic VI.
[Tue Aug 04 20:24:24 2026] You begin casting Cancel Magic VI.
[Tue Aug 04 20:24:29 2026] You begin casting Cancel Magic VI.
[Tue Aug 04 20:24:35 2026] You begin casting Cancel Magic VI.
[Tue Aug 04 20:24:47 2026] You begin casting Superior Healing IV.
[Tue Aug 04 20:24:57 2026] You begin casting Superior Healing IV.
[Tue Aug 04 20:25:05 2026] You begin casting Superior Healing IV.
[Tue Aug 04 20:25:12 2026] You begin casting Cancel Magic VI.
[Tue Aug 04 20:25:34 2026] You begin casting Cancel Magic VI.
[Tue Aug 04 20:26:13 2026] You begin casting Superior Healing IV.
[Tue Aug 04 20:26:18 2026] You begin casting Superior Healing IV.
[Tue Aug 04 20:26:22 2026] You begin casting Superior Healing IV.
[Tue Aug 04 20:26:27 2026] You begin casting Superior Healing IV.
[Tue Aug 04 20:26:32 2026] You begin casting Superior Healing IV.
[Tue Aug 04 20:26:34 2026] You begin casting Divine Stun I.
[Tue Aug 04 20:26:37 2026] You begin casting Superior Healing IV.
[Tue Aug 04 20:26:41 2026] You begin reciting the recovery invocation.
[Tue Aug 04 20:35:54 2026] You begin casting Superior Healing IV.
[Tue Aug 04 20:36:04 2026] You begin reciting the inversion invocation.
[Tue Aug 04 20:36:05 2026] You begin casting Superior Healing IV.
[Tue Aug 04 20:38:00 2026] You begin casting Superior Healing IV.
[Tue Aug 04 20:42:05 2026] You begin casting Superior Healing IV.
[Tue Aug 04 20:42:53 2026] You begin casting Cancel Magic VI.
[Tue Aug 04 20:43:00 2026] You begin casting Cancel Magic VI.
[Tue Aug 04 20:43:04 2026] You begin casting Superior Healing IV.
[Tue Aug 04 20:43:08 2026] You begin casting Cancel Magic VI.
[Tue Aug 04 20:43:22 2026] You begin casting Superior Healing IV.
[Tue Aug 04 20:43:25 2026] You begin casting Divine Stun I.
[Tue Aug 04 20:43:45 2026] You begin casting Superior Healing IV.
[Tue Aug 04 20:43:53 2026] You begin casting Superior Healing IV.
[Tue Aug 04 20:44:05 2026] You begin casting Superior Healing IV.
[Tue Aug 04 20:44:41 2026] You begin casting Cancel Magic VI.
[Tue Aug 04 20:44:59 2026] You begin casting Divine Stun I.
[Tue Aug 04 20:45:00 2026] You begin casting Lay on Hands X.
[Tue Aug 04 20:45:26 2026] You begin casting Ethereal Cleansing.
[Tue Aug 04 20:45:31 2026] You begin reciting the unyielding invocation.
[Tue Aug 04 20:46:42 2026] You begin casting Lay on Hands X.
[Tue Aug 04 20:48:48 2026] You begin reciting the inversion invocation.
[Tue Aug 04 20:48:49 2026] You begin casting Superior Healing IV.
[Tue Aug 04 20:48:55 2026] You begin casting Ethereal Cleansing.
[Tue Aug 04 20:48:58 2026] You begin casting Superior Healing IV.
[Tue Aug 04 20:49:02 2026] You begin casting Superior Healing IV.
[Tue Aug 04 20:49:07 2026] You begin casting Superior Healing IV.
[Tue Aug 04 20:54:05 2026] You begin casting Retribution.
[Tue Aug 04 20:54:42 2026] You begin casting Lay on Hands X.
[Tue Aug 04 20:54:46 2026] You begin casting Retribution.
[Tue Aug 04 20:54:51 2026] You begin casting Retribution.
[Tue Aug 04 20:54:57 2026] You begin casting Retribution.
[Tue Aug 04 20:55:04 2026] You begin casting Retribution.
[Tue Aug 04 20:55:09 2026] You begin casting Superior Healing IV.
[Tue Aug 04 20:56:07 2026] You begin casting Cancel Magic VI.
[Tue Aug 04 20:56:35 2026] You begin casting Superior Healing IV.
[Tue Aug 04 20:56:37 2026] You begin casting Lay on Hands X.
[Tue Aug 04 20:57:35 2026] You have gained a level! Welcome to level 50!
[Tue Aug 04 21:00:06 2026] You begin casting Gate.
[Tue Aug 04 21:00:42 2026] You begin casting Gate.
[Tue Aug 04 21:01:13 2026] You begin casting Holy Steed.
[Tue Aug 04 21:03:30 2026] You have become better at Safe Fall! (87)
[Tue Aug 04 21:04:15 2026] You have become better at Safe Fall! (88)
[Tue Aug 04 21:04:35 2026] You have become better at Safe Fall! (89)
[Tue Aug 04 21:04:58 2026] You have become better at Safe Fall! (90)
[Tue Aug 04 21:05:01 2026] You have become better at Safe Fall! (91)
[Tue Aug 04 21:05:02 2026] You have become better at Safe Fall! (92)
[Tue Aug 04 21:05:56 2026] You have become better at Safe Fall! (93)
[Tue Aug 04 21:06:03 2026] You have become better at Safe Fall! (94)
[Tue Aug 04 21:06:22 2026] You have become better at Safe Fall! (95)
[Tue Aug 04 21:06:30 2026] You have become better at Safe Fall! (96)
[Tue Aug 04 21:06:46 2026] You have become better at Safe Fall! (97)
[Tue Aug 04 21:06:50 2026] You have become better at Safe Fall! (98)
[Tue Aug 04 21:06:58 2026] You have become better at Safe Fall! (99)
[Tue Aug 04 21:16:44 2026] You have become better at Safe Fall! (100)
[Tue Aug 04 21:16:59 2026] You have become better at Safe Fall! (101)
[Tue Aug 04 21:17:29 2026] You begin casting Escape I.
[Tue Aug 04 21:19:59 2026] You have become better at Kick! (172)
[Tue Aug 04 21:20:04 2026] You have become better at Kick! (173)
[Tue Aug 04 21:20:09 2026] You have become better at Kick! (174)
[Tue Aug 04 21:20:11 2026] You have become better at 1H Piercing! (247)
[Tue Aug 04 21:20:12 2026] You have become better at Backstab! (199)
[Tue Aug 04 21:20:15 2026] You have become better at Frenzy! (201)
[Tue Aug 04 21:20:20 2026] You have become better at Frenzy! (202)
[Tue Aug 04 21:20:25 2026] You have become better at Parry! (201)
[Tue Aug 04 21:20:34 2026] You have become better at Parry! (202)
[Tue Aug 04 21:20:37 2026] You have become better at Kick! (175)
[Tue Aug 04 21:20:44 2026] You have become better at Frenzy! (203)
[Tue Aug 04 21:21:05 2026] You begin reciting the recovery invocation.
[Tue Aug 04 21:21:20 2026] You have become better at Parry! (203)
[Tue Aug 04 21:21:24 2026] You have become better at 1H Piercing! (248)
[Tue Aug 04 21:21:24 2026] You have become better at Parry! (204)
[Tue Aug 04 21:21:26 2026] You have become better at Parry! (205)
[Tue Aug 04 21:21:33 2026] You have become better at Backstab! (200)
[Tue Aug 04 21:21:33 2026] You have become better at Frenzy! (204)
[Tue Aug 04 21:22:42 2026] You begin casting Rampage I.
[Tue Aug 04 21:22:51 2026] You have become better at 1H Piercing! (249)
[Tue Aug 04 21:22:58 2026] You have become better at 1H Piercing! (250)
[Tue Aug 04 21:23:01 2026] You begin casting Lay on Hands X.
[Tue Aug 04 21:24:19 2026] You begin casting Divine Stun I.
[Tue Aug 04 21:25:00 2026] You begin casting Lay on Hands X.
[Tue Aug 04 21:25:34 2026] You assume a balanced stance.
[Tue Aug 04 21:27:57 2026] You begin reciting the spellblade invocation.
[Tue Aug 04 21:28:43 2026] You begin casting Lay on Hands X.
[Tue Aug 04 21:29:35 2026] You begin casting Calm.
[Tue Aug 04 21:29:39 2026] You begin casting Retribution.
[Tue Aug 04 21:30:26 2026] You assume a berserker stance.
[Tue Aug 04 21:30:41 2026] You begin casting Divine Stun I.
[Tue Aug 04 21:33:26 2026] You begin casting Valor.
[Tue Aug 04 21:38:31 2026] You begin casting Escape I.
[Tue Aug 04 21:41:09 2026] You begin casting Superior Healing IV.
[Tue Aug 04 21:41:16 2026] You begin casting Superior Healing IV.
[Tue Aug 04 21:41:43 2026] You begin casting Lay on Hands X.
[Tue Aug 04 21:43:20 2026] You begin casting Lay on Hands X.
[Tue Aug 04 21:43:30 2026] You begin reciting the recovery invocation.
[Tue Aug 04 21:45:02 2026] You assume a balanced stance.
[Tue Aug 04 21:46:49 2026] You begin casting Lay on Hands X.
[Tue Aug 04 21:48:45 2026] You assume a berserker stance.
[Tue Aug 04 21:49:30 2026] You begin casting Lay on Hands X.
[Tue Aug 04 21:52:50 2026] You begin casting Lay on Hands X.
[Tue Aug 04 21:52:51 2026] You begin reciting the unyielding invocation.
[Tue Aug 04 21:53:00 2026] You begin reciting the spellblade invocation.
[Tue Aug 04 21:53:37 2026] You begin reciting the inversion invocation.
[Tue Aug 04 21:53:38 2026] You begin casting Ethereal Cleansing.
[Tue Aug 04 21:53:41 2026] You begin casting Superior Healing IV.
[Tue Aug 04 21:53:45 2026] You begin casting Superior Healing IV.
[Tue Aug 04 21:53:47 2026] You begin reciting the spellblade invocation.
[Tue Aug 04 21:54:08 2026] You begin casting Lay on Hands X.
[Tue Aug 04 21:56:50 2026] You begin casting Calm.
[Tue Aug 04 21:57:00 2026] You begin casting Calm.
[Tue Aug 04 21:57:06 2026] You begin casting Escape I.
[Tue Aug 04 21:57:14 2026] You begin casting Calm.
[Tue Aug 04 21:57:32 2026] You begin casting Cancel Magic VI.
[Tue Aug 04 21:59:05 2026] You begin casting Calm.
[Tue Aug 04 21:59:10 2026] You begin casting Cancel Magic VI.
[Tue Aug 04 21:59:44 2026] You begin casting Lay on Hands X.
[Tue Aug 04 22:00:31 2026] You begin casting Calm.
[Tue Aug 04 22:00:38 2026] You begin casting Calm.
[Tue Aug 04 22:00:49 2026] You begin casting Calm.
[Tue Aug 04 22:00:57 2026] You begin casting Calm.
[Tue Aug 04 22:02:20 2026] You begin casting Calm.
[Tue Aug 04 22:02:26 2026] You begin casting Cancel Magic VI.
[Tue Aug 04 22:02:28 2026] You have become better at Abjuration! (232)
[Tue Aug 04 22:02:49 2026] You begin casting Lay on Hands X.
[Tue Aug 04 22:06:06 2026] You begin casting Calm.
[Tue Aug 04 22:06:22 2026] You assume an evasive stance.
[Tue Aug 04 22:06:28 2026] You assume a berserker stance.
[Tue Aug 04 22:06:43 2026] You begin casting Valor of Marr.
[Tue Aug 04 22:06:55 2026] You begin casting Lay on Hands X.
[Tue Aug 04 22:07:06 2026] You begin reciting the inversion invocation.
[Tue Aug 04 22:07:09 2026] You assume a mage hunter stance.
[Tue Aug 04 22:07:10 2026] You begin casting Superior Healing IV.
[Tue Aug 04 22:07:14 2026] You begin casting Superior Healing IV.
[Tue Aug 04 22:07:19 2026] You begin casting Superior Healing IV.
[Tue Aug 04 22:08:02 2026] You begin casting Superior Healing IV.
[Tue Aug 04 22:08:06 2026] You begin casting Superior Healing IV.
[Tue Aug 04 22:08:10 2026] You begin casting Superior Healing IV.
[Tue Aug 04 22:08:12 2026] You assume a berserker stance.
[Tue Aug 04 22:08:13 2026] You begin reciting the recovery invocation.
[Tue Aug 04 22:08:56 2026] You begin casting Lay on Hands X.
[Tue Aug 04 22:09:26 2026] You begin reciting the inversion invocation.
[Tue Aug 04 22:09:26 2026] You begin casting Superior Healing IV.
[Tue Aug 04 22:09:31 2026] You begin casting Superior Healing IV.
[Tue Aug 04 22:09:38 2026] You begin casting Superior Healing IV.
[Tue Aug 04 22:09:42 2026] You begin casting Superior Healing IV.
[Tue Aug 04 22:09:46 2026] You begin casting Superior Healing IV.
[Tue Aug 04 22:09:51 2026] You begin casting Superior Healing IV.
[Tue Aug 04 22:09:52 2026] You assume a defensive stance.
[Tue Aug 04 22:09:55 2026] You begin casting Superior Healing IV.
[Tue Aug 04 22:10:00 2026] You begin casting Superior Healing IV.
[Tue Aug 04 22:10:02 2026] You begin reciting the recovery invocation.
[Tue Aug 04 22:11:15 2026] You begin reciting the inversion invocation.
[Tue Aug 04 22:11:15 2026] You begin casting Superior Healing IV.
[Tue Aug 04 22:11:19 2026] You begin casting Superior Healing IV.
[Tue Aug 04 22:11:24 2026] You begin casting Lay on Hands X.
[Tue Aug 04 22:11:25 2026] You begin reciting the recovery invocation.
[Tue Aug 04 22:12:53 2026] You begin casting Illusion: Dark Elf.
[Tue Aug 04 22:29:36 2026] You begin casting Calm.
[Tue Aug 04 22:29:48 2026] You begin casting Calm.
[Tue Aug 04 22:30:00 2026] You begin casting Calm.
[Tue Aug 04 22:30:08 2026] You begin casting Calm.
[Tue Aug 04 22:30:23 2026] You begin casting Calm.
[Tue Aug 04 22:30:44 2026] You assume a berserker stance.
[Tue Aug 04 22:30:45 2026] You begin reciting the inversion invocation.
[Tue Aug 04 22:30:52 2026] You begin casting Lay on Hands X.
[Tue Aug 04 22:31:07 2026] You begin casting Retribution.
[Tue Aug 04 22:31:12 2026] You begin casting Superior Healing IV.
[Tue Aug 04 22:31:16 2026] You begin casting Superior Healing IV.
[Tue Aug 04 22:31:21 2026] You begin casting Superior Healing IV.
[Tue Aug 04 22:31:26 2026] You begin casting Superior Healing IV.
[Tue Aug 04 22:31:31 2026] You begin casting Superior Healing IV.
[Tue Aug 04 22:31:40 2026] You assume an evasive stance.
[Tue Aug 04 22:31:41 2026] You begin casting Superior Healing IV.
[Tue Aug 04 22:31:45 2026] You begin casting Cure Disease.
[Tue Aug 04 22:31:50 2026] You begin casting Cure Disease.
[Tue Aug 04 22:31:53 2026] You begin casting Superior Healing IV.
[Tue Aug 04 22:31:58 2026] You begin casting Superior Healing IV.
[Tue Aug 04 22:32:01 2026] You begin casting Superior Healing IV.
[Tue Aug 04 22:32:06 2026] You begin casting Cure Disease.
[Tue Aug 04 22:32:09 2026] You assume a defensive stance.
[Tue Aug 04 22:32:11 2026] You begin casting Superior Healing IV.
[Tue Aug 04 22:32:15 2026] You begin casting Cure Disease.
[Tue Aug 04 22:32:20 2026] You begin casting Cure Disease.
[Tue Aug 04 22:32:23 2026] You begin casting Superior Healing IV.
[Tue Aug 04 22:32:28 2026] You begin casting Cure Disease.
[Tue Aug 04 22:32:30 2026] You begin casting Cure Disease.
[Tue Aug 04 22:32:34 2026] You begin casting Counteract Poison.
[Tue Aug 04 22:32:41 2026] You assume a berserker stance.
[Tue Aug 04 22:32:50 2026] You begin casting Superior Healing IV.
[Tue Aug 04 22:32:53 2026] You begin casting Lay on Hands X.
[Tue Aug 04 22:33:21 2026] You begin reciting the recovery invocation.
[Tue Aug 04 22:34:04 2026] You begin casting Gate.
[Tue Aug 04 22:40:08 2026] You begin casting Boon of the Garou II.
[Tue Aug 04 22:40:36 2026] You begin casting Illusion: Dark Elf.
[Tue Aug 04 22:40:43 2026] You begin casting Holy Steed.
[Tue Aug 04 22:48:35 2026] You begin casting Tashani.
[Tue Aug 04 22:48:38 2026] You begin reciting the overchannel invocation.
[Tue Aug 04 22:48:38 2026] You begin casting Allure VI.
[Tue Aug 04 22:48:44 2026] You begin reciting the inversion invocation.
[Tue Aug 04 22:48:45 2026] You begin casting Swift Like the Wind IV.
[Tue Aug 04 22:49:00 2026] You begin casting Boon of the Garou II.
[Tue Aug 04 22:49:59 2026] You begin casting Shiftless Deeds IV.
[Tue Aug 04 22:50:07 2026] You begin casting Tashani.
[Tue Aug 04 22:50:09 2026] You begin reciting the overchannel invocation.
[Tue Aug 04 22:50:10 2026] You begin casting Allure VI.
[Tue Aug 04 22:50:19 2026] You begin reciting the inversion invocation.
[Tue Aug 04 22:51:59 2026] You begin casting Shiftless Deeds IV.
[Tue Aug 04 22:52:19 2026] You begin casting Tashani.
[Tue Aug 04 22:52:55 2026] You begin casting Shiftless Deeds IV.
[Tue Aug 04 22:52:59 2026] You assume an offensive stance.
[Tue Aug 04 22:54:11 2026] You begin casting Tashani.
[Tue Aug 04 22:54:15 2026] You begin casting Shiftless Deeds IV.
[Tue Aug 04 22:54:25 2026] You begin reciting the spellblade invocation.
[Tue Aug 04 22:55:22 2026] You begin casting Superior Healing IV.
[Tue Aug 04 22:55:27 2026] You begin casting Superior Healing IV.
[Tue Aug 04 22:55:36 2026] You begin casting Tashani.
[Tue Aug 04 22:55:42 2026] You begin casting Dazzle IV.
[Tue Aug 04 22:55:47 2026] You begin casting Shiftless Deeds IV.
[Tue Aug 04 22:56:08 2026] You begin reciting the inversion invocation.
[Tue Aug 04 22:56:09 2026] You begin casting Shiftless Deeds IV.
[Tue Aug 04 22:56:15 2026] You begin casting Shiftless Deeds IV.
[Tue Aug 04 22:56:23 2026] You begin casting Mesmerization III.
[Tue Aug 04 22:56:39 2026] You begin casting Mesmerization III.
[Tue Aug 04 22:56:49 2026] You begin casting Superior Healing IV.
[Tue Aug 04 22:56:54 2026] You begin casting Shiftless Deeds IV.
[Tue Aug 04 22:57:04 2026] You begin casting Lay on Hands X.
[Tue Aug 04 22:58:18 2026] You begin casting Shiftless Deeds IV.
[Tue Aug 04 22:59:33 2026] You begin casting Discordant Mind II.
[Tue Aug 04 22:59:38 2026] You begin casting Shiftless Deeds IV.
[Tue Aug 04 23:00:07 2026] You begin casting Superior Healing IV.
[Tue Aug 04 23:00:11 2026] You begin casting Shiftless Deeds IV.
[Tue Aug 04 23:00:18 2026] You begin casting Discordant Mind II.
[Tue Aug 04 23:01:53 2026] You begin casting Tashani.
[Tue Aug 04 23:01:57 2026] You begin casting Shiftless Deeds IV.
[Tue Aug 04 23:02:01 2026] You begin reciting the overchannel invocation.
[Tue Aug 04 23:02:03 2026] You begin casting Shiftless Deeds IV.
[Tue Aug 04 23:02:09 2026] You begin casting Shiftless Deeds IV.
[Tue Aug 04 23:02:20 2026] You begin reciting the inversion invocation.
[Tue Aug 04 23:02:20 2026] You begin casting Superior Healing IV.
[Tue Aug 04 23:02:24 2026] You begin casting Superior Healing IV.
[Tue Aug 04 23:03:05 2026] You begin casting Superior Healing IV.
[Tue Aug 04 23:03:09 2026] You have become better at Safe Fall! (102)
[Tue Aug 04 23:03:09 2026] You begin casting Superior Healing IV.
[Tue Aug 04 23:03:14 2026] You begin casting Superior Healing IV.
[Tue Aug 04 23:03:45 2026] You begin casting Superior Healing IV.
[Tue Aug 04 23:03:49 2026] You begin casting Superior Healing IV.
[Tue Aug 04 23:04:39 2026] You begin casting Tashani.
[Tue Aug 04 23:04:43 2026] You begin reciting the overchannel invocation.
[Tue Aug 04 23:04:43 2026] You begin casting Allure VI.
[Tue Aug 04 23:04:52 2026] You begin reciting the inversion invocation.
[Tue Aug 04 23:04:53 2026] You begin casting Swift Like the Wind IV.
[Tue Aug 04 23:05:08 2026] You begin reciting the overchannel invocation.
[Tue Aug 04 23:06:54 2026] You begin casting Shiftless Deeds IV.
[Tue Aug 04 23:06:58 2026] You begin casting Shiftless Deeds IV.
[Tue Aug 04 23:07:04 2026] You begin casting Shiftless Deeds IV.
[Tue Aug 04 23:07:10 2026] You assume a defensive stance.
[Tue Aug 04 23:07:13 2026] You begin casting Shiftless Deeds IV.
[Tue Aug 04 23:07:19 2026] You begin casting Tashani.
[Tue Aug 04 23:07:22 2026] You begin casting Shiftless Deeds IV.
[Tue Aug 04 23:07:36 2026] You begin reciting the spellblade invocation.
[Tue Aug 04 23:08:26 2026] You begin casting Lay on Hands X.
[Tue Aug 04 23:08:56 2026] You begin casting Superior Healing IV.
[Tue Aug 04 23:08:59 2026] You begin reciting the inversion invocation.
[Tue Aug 04 23:09:02 2026] You begin casting Tashani.
[Tue Aug 04 23:09:05 2026] You begin reciting the overchannel invocation.
[Tue Aug 04 23:09:06 2026] You begin casting Allure VI.
[Tue Aug 04 23:09:14 2026] You begin reciting the inversion invocation.
[Tue Aug 04 23:09:15 2026] You begin casting Superior Healing IV.
[Tue Aug 04 23:10:43 2026] You begin casting Tashani.
[Tue Aug 04 23:10:45 2026] You begin casting Shiftless Deeds IV.
[Tue Aug 04 23:10:52 2026] You begin casting Shiftless Deeds IV.
[Tue Aug 04 23:11:02 2026] You begin casting Boon of the Garou II.
[Tue Aug 04 23:11:03 2026] You have become better at Divination! (191)
[Tue Aug 04 23:11:21 2026] You begin casting Tashani.
[Tue Aug 04 23:11:24 2026] You begin casting Shiftless Deeds IV.
[Tue Aug 04 23:12:04 2026] You begin casting Tashani.
[Tue Aug 04 23:12:09 2026] You begin casting Shiftless Deeds IV.
[Tue Aug 04 23:13:52 2026] You begin casting Pacify.
[Tue Aug 04 23:14:17 2026] You begin casting Pacify.
[Tue Aug 04 23:14:21 2026] You begin casting Dazzle IV.
[Tue Aug 04 23:14:33 2026] You begin casting Tashani.
[Tue Aug 04 23:14:35 2026] You begin reciting the overchannel invocation.
[Tue Aug 04 23:14:36 2026] You begin casting Shiftless Deeds IV.
[Tue Aug 04 23:14:43 2026] You begin reciting the inversion invocation.
[Tue Aug 04 23:14:49 2026] You begin casting Superior Healing IV.
[Tue Aug 04 23:15:29 2026] You begin casting Superior Healing IV.
[Tue Aug 04 23:16:00 2026] You begin casting Superior Healing IV.
[Tue Aug 04 23:16:10 2026] You begin casting Shiftless Deeds IV.
[Tue Aug 04 23:16:53 2026] You begin casting Tashani.
[Tue Aug 04 23:16:56 2026] You begin casting Shiftless Deeds IV.
[Tue Aug 04 23:16:58 2026] You begin casting Shiftless Deeds IV.
[Tue Aug 04 23:17:27 2026] You begin casting Tashani.
[Tue Aug 04 23:17:28 2026] You have become better at Abjuration! (233)
[Tue Aug 04 23:18:03 2026] You begin casting Tashani.
[Tue Aug 04 23:18:06 2026] You begin casting Mesmerization III.
[Tue Aug 04 23:18:10 2026] You begin casting Shiftless Deeds IV.
[Tue Aug 04 23:18:16 2026] You begin casting Mesmerization III.
[Tue Aug 04 23:18:38 2026] You begin casting Shiftless Deeds IV.
[Tue Aug 04 23:18:44 2026] You begin casting Tashani.
[Tue Aug 04 23:18:45 2026] You begin casting Lay on Hands X.
[Tue Aug 04 23:18:47 2026] You begin casting Shiftless Deeds IV.
[Tue Aug 04 23:18:53 2026] You begin casting Mesmerization III.
[Tue Aug 04 23:18:59 2026] You begin casting Mesmerization III.
[Tue Aug 04 23:19:17 2026] You begin casting Shiftless Deeds IV.
[Tue Aug 04 23:19:44 2026] You begin casting Tashani.
[Tue Aug 04 23:19:47 2026] You begin casting Shiftless Deeds IV.
[Tue Aug 04 23:20:17 2026] You begin casting Tashani.
[Tue Aug 04 23:20:22 2026] You begin casting Boon of the Garou II.
[Tue Aug 04 23:20:54 2026] You begin casting Superior Healing IV.
[Tue Aug 04 23:20:59 2026] You begin reciting the divine invocation.
[Tue Aug 04 23:21:01 2026] You begin casting Superior Healing IV.
[Tue Aug 04 23:21:06 2026] You begin casting Superior Healing IV.
[Tue Aug 04 23:21:11 2026] You begin casting Superior Healing IV.
[Tue Aug 04 23:21:27 2026] You begin casting Superior Healing IV.
[Tue Aug 04 23:21:31 2026] You begin casting Superior Healing IV.
[Tue Aug 04 23:21:57 2026] You begin casting Tashani.
[Tue Aug 04 23:22:00 2026] You begin casting Shiftless Deeds IV.
[Tue Aug 04 23:22:08 2026] You begin reciting the inversion invocation.
[Tue Aug 04 23:22:08 2026] You begin casting Shiftless Deeds IV.
[Tue Aug 04 23:22:15 2026] You begin casting Shiftless Deeds IV.
[Tue Aug 04 23:22:28 2026] You begin casting Mesmerization III.
[Tue Aug 04 23:22:34 2026] You begin casting Shiftless Deeds IV.
[Tue Aug 04 23:22:40 2026] You begin casting Tashani.
[Tue Aug 04 23:22:43 2026] You begin casting Shiftless Deeds IV.
[Tue Aug 04 23:23:09 2026] You begin casting Tashani.
[Tue Aug 04 23:23:12 2026] You begin casting Shiftless Deeds IV.
[Tue Aug 04 23:23:43 2026] You begin casting Mesmerization III.
[Tue Aug 04 23:23:49 2026] You begin casting Tashani.
[Tue Aug 04 23:23:52 2026] You begin casting Shiftless Deeds IV.
[Tue Aug 04 23:23:58 2026] You begin casting Shiftless Deeds IV.
[Tue Aug 04 23:24:04 2026] You begin casting Lay on Hands X.
[Tue Aug 04 23:24:21 2026] You begin casting Shiftless Deeds IV.
[Tue Aug 04 23:24:29 2026] You begin casting Mesmerization III.
[Tue Aug 04 23:24:33 2026] You begin casting Superior Healing IV.
[Tue Aug 04 23:24:38 2026] You begin casting Mesmerization III.
[Tue Aug 04 23:25:00 2026] You begin casting Tashani.
[Tue Aug 04 23:25:03 2026] You begin casting Shiftless Deeds IV.
[Tue Aug 04 23:25:34 2026] You begin casting Tashani.
[Tue Aug 04 23:25:38 2026] You begin casting Shiftless Deeds IV.
[Tue Aug 04 23:26:24 2026] You begin casting Tashani.
[Tue Aug 04 23:26:28 2026] You begin casting Mesmerization III.
[Tue Aug 04 23:26:34 2026] You begin casting Mesmerization III.
[Tue Aug 04 23:26:37 2026] You begin casting Pillage Enchantment.
[Tue Aug 04 23:26:42 2026] You begin casting Shiftless Deeds IV.
[Tue Aug 04 23:26:48 2026] You begin casting Pillage Enchantment.
[Tue Aug 04 23:27:06 2026] You begin casting Shiftless Deeds IV.
[Tue Aug 04 23:27:12 2026] You begin casting Pillage Enchantment.
[Tue Aug 04 23:27:18 2026] You begin casting Tashani.
[Tue Aug 04 23:27:20 2026] You begin reciting the overchannel invocation.
[Tue Aug 04 23:27:20 2026] You begin casting Allure VI.
[Tue Aug 04 23:27:30 2026] You begin casting Pillage Enchantment.
[Tue Aug 04 23:27:36 2026] You begin reciting the inversion invocation.
[Tue Aug 04 23:27:36 2026] You begin casting Superior Healing IV.
[Tue Aug 04 23:27:43 2026] You begin casting Theft of Thought I.
[Tue Aug 04 23:27:53 2026] You begin casting Pillage Enchantment.
[Tue Aug 04 23:27:57 2026] You begin casting Tashani.
[Tue Aug 04 23:28:00 2026] You begin reciting the overchannel invocation.
[Tue Aug 04 23:28:00 2026] You begin casting Shiftless Deeds IV.
[Tue Aug 04 23:28:06 2026] You begin reciting the inversion invocation.
[Tue Aug 04 23:28:12 2026] You begin casting Superior Healing IV.
[Tue Aug 04 23:28:17 2026] You begin casting Theft of Thought I.
[Tue Aug 04 23:28:21 2026] You begin casting Pillage Enchantment.
[Tue Aug 04 23:28:35 2026] You begin casting Divine Stun I.
[Tue Aug 04 23:29:32 2026] You begin casting Boon of the Garou II.
[Tue Aug 04 23:29:49 2026] You begin casting Pillage Enchantment.
[Tue Aug 04 23:29:54 2026] You begin casting Tashani.
[Tue Aug 04 23:29:56 2026] You begin casting Pillage Enchantment.
[Tue Aug 04 23:30:05 2026] You begin casting Pillage Enchantment.
[Tue Aug 04 23:30:09 2026] You begin casting Shiftless Deeds IV.
[Tue Aug 04 23:30:13 2026] You begin reciting the overchannel invocation.
[Tue Aug 04 23:30:15 2026] You begin casting Shiftless Deeds IV.
[Tue Aug 04 23:30:21 2026] You begin reciting the inversion invocation.
[Tue Aug 04 23:30:22 2026] You begin casting Pillage Enchantment.
[Tue Aug 04 23:30:56 2026] You begin casting Lay on Hands X.
[Tue Aug 04 23:31:46 2026] You begin casting Pacify.
[Tue Aug 04 23:31:53 2026] You begin casting Pacify.
[Tue Aug 04 23:32:00 2026] You begin casting Pacify.
[Tue Aug 04 23:32:15 2026] You begin casting Pacify.
[Tue Aug 04 23:32:18 2026] You assume an evasive stance.
[Tue Aug 04 23:32:23 2026] You begin casting Pacify.
[Tue Aug 04 23:32:26 2026] You begin reciting the overchannel invocation.
[Tue Aug 04 23:32:27 2026] You begin casting Divine Stun I.
[Tue Aug 04 23:34:53 2026] You have become better at Abjuration! (234)
[Tue Aug 04 23:35:00 2026] You begin casting Boon of the Garou II.
[Tue Aug 04 23:35:01 2026] You have become better at Divination! (192)
[Tue Aug 04 23:36:48 2026] You begin casting Improved Invisibility.
[Tue Aug 04 23:37:47 2026] You begin reciting the inversion invocation.
[Tue Aug 04 23:37:50 2026] You begin casting Pacify.
[Tue Aug 04 23:37:59 2026] You begin casting Pacify.
[Tue Aug 04 23:38:01 2026] You have become better at Feign Death! (109)
[Tue Aug 04 23:38:15 2026] You begin casting Tashani.
[Tue Aug 04 23:38:22 2026] You begin reciting the overchannel invocation.
[Tue Aug 04 23:38:24 2026] You begin casting Allure VI.
[Tue Aug 04 23:38:32 2026] You begin reciting the inversion invocation.
[Tue Aug 04 23:38:33 2026] You assume a defensive stance.
[Tue Aug 04 23:38:35 2026] You begin casting Swift Like the Wind IV.
[Tue Aug 04 23:38:43 2026] You begin casting Tashani.
[Tue Aug 04 23:38:49 2026] You begin reciting the overchannel invocation.
[Tue Aug 04 23:38:50 2026] You begin casting Shiftless Deeds IV.
[Tue Aug 04 23:38:57 2026] You begin reciting the inversion invocation.
[Tue Aug 04 23:39:09 2026] You begin casting Tashani.
[Tue Aug 04 23:39:12 2026] You begin reciting the overchannel invocation.
[Tue Aug 04 23:39:12 2026] You begin casting Shiftless Deeds IV.
[Tue Aug 04 23:39:40 2026] You begin casting Tashani.
[Tue Aug 04 23:39:43 2026] You begin casting Shiftless Deeds IV.
[Tue Aug 04 23:39:51 2026] You begin casting Boon of the Garou II.
[Tue Aug 04 23:40:21 2026] You begin casting Tashani.
[Tue Aug 04 23:40:24 2026] You begin casting Shiftless Deeds IV.
[Tue Aug 04 23:40:40 2026] You begin reciting the inversion invocation.
[Tue Aug 04 23:40:40 2026] You begin casting Superior Healing IV.
[Tue Aug 04 23:40:42 2026] You have become better at Mend! (199)
[Tue Aug 04 23:41:25 2026] You begin casting Tashani.
[Tue Aug 04 23:41:29 2026] You begin reciting the overchannel invocation.
[Tue Aug 04 23:41:29 2026] You begin casting Shiftless Deeds IV.
[Tue Aug 04 23:41:35 2026] You begin casting Tashani.
[Tue Aug 04 23:41:37 2026] You begin casting Shiftless Deeds IV.
[Tue Aug 04 23:41:45 2026] You begin casting Shiftless Deeds IV.
[Tue Aug 04 23:42:29 2026] You begin casting Tashani.
[Tue Aug 04 23:42:32 2026] You begin casting Shiftless Deeds IV.
[Tue Aug 04 23:42:38 2026] You begin casting Shiftless Deeds IV.
[Tue Aug 04 23:42:48 2026] You begin casting Tashani.
[Tue Aug 04 23:42:52 2026] You begin casting Shiftless Deeds IV.
[Tue Aug 04 23:42:58 2026] You begin casting Lay on Hands X.
[Tue Aug 04 23:43:06 2026] You begin reciting the inversion invocation.
[Tue Aug 04 23:43:45 2026] You begin casting Tashani.
[Tue Aug 04 23:43:49 2026] You begin casting Shiftless Deeds IV.
[Tue Aug 04 23:43:53 2026] You begin reciting the overchannel invocation.
[Tue Aug 04 23:43:55 2026] You begin casting Shiftless Deeds IV.
[Tue Aug 04 23:44:01 2026] You begin casting Shiftless Deeds IV.
[Tue Aug 04 23:44:09 2026] You begin reciting the inversion invocation.
[Tue Aug 04 23:45:44 2026] You assume an evasive stance.
[Tue Aug 04 23:45:44 2026] You begin casting Superior Healing IV.
[Tue Aug 04 23:45:49 2026] You begin casting Tashani.
[Tue Aug 04 23:45:50 2026] You begin reciting the overchannel invocation.
[Tue Aug 04 23:45:52 2026] You begin casting Allure VI.
[Tue Aug 04 23:45:59 2026] You begin casting Tashani.
[Tue Aug 04 23:46:02 2026] You begin casting Shiftless Deeds IV.
[Tue Aug 04 23:46:08 2026] You assume a defensive stance.
[Tue Aug 04 23:47:08 2026] You begin casting Superior Healing IV.
[Tue Aug 04 23:47:14 2026] You begin casting Superior Healing IV.
[Tue Aug 04 23:48:46 2026] You begin casting Boon of the Garou II.
[Tue Aug 04 23:49:15 2026] You begin casting Tashani.
[Tue Aug 04 23:49:19 2026] You begin casting Shiftless Deeds IV.
[Tue Aug 04 23:49:28 2026] You assume an offensive stance.
[Tue Aug 04 23:49:29 2026] You begin reciting the inversion invocation.
[Tue Aug 04 23:59:25 2026] You begin casting Illusion: Dark Elf.
[Tue Aug 04 23:59:33 2026] You begin casting Holy Steed.
[Wed Aug 05 16:11:00 2026] You begin casting Tashani.
[Wed Aug 05 16:11:02 2026] You begin reciting the overchannel invocation.
[Wed Aug 05 16:11:03 2026] You begin casting Allure VI.
[Wed Aug 05 16:11:10 2026] You begin casting Boon of the Garou II.
[Wed Aug 05 16:12:24 2026] You begin casting Shiftless Deeds IV.
[Wed Aug 05 16:12:31 2026] You begin reciting the inversion invocation.
[Wed Aug 05 16:15:50 2026] You begin casting Boon of the Garou II.
[Wed Aug 05 16:17:40 2026] You begin reciting the overchannel invocation.
[Wed Aug 05 16:17:41 2026] You begin casting Shiftless Deeds IV.
[Wed Aug 05 16:17:48 2026] You begin reciting the inversion invocation.
[Wed Aug 05 16:18:13 2026] You begin casting Tashani.
[Wed Aug 05 16:18:15 2026] You begin reciting the overchannel invocation.
[Wed Aug 05 16:18:16 2026] You begin casting Shiftless Deeds IV.
[Wed Aug 05 16:18:18 2026] You begin casting Allure VI.
[Wed Aug 05 16:18:24 2026] You begin reciting the inversion invocation.
[Wed Aug 05 16:18:24 2026] You begin casting Superior Healing IV.
[Wed Aug 05 16:20:58 2026] You begin casting Mesmerization III.
[Wed Aug 05 16:21:22 2026] You begin casting Superior Healing IV.
[Wed Aug 05 16:21:38 2026] You begin casting Mesmerization III.
[Wed Aug 05 16:21:46 2026] You begin casting Lay on Hands X.
[Wed Aug 05 16:22:18 2026] You begin casting Superior Healing IV.
[Wed Aug 05 16:22:23 2026] You begin casting Superior Healing IV.
[Wed Aug 05 16:22:27 2026] You assume a defensive stance.
[Wed Aug 05 16:22:30 2026] You begin casting Superior Healing IV.
[Wed Aug 05 16:22:37 2026] You begin casting Superior Healing IV.
[Wed Aug 05 16:22:49 2026] You begin casting Superior Healing IV.
[Wed Aug 05 16:22:54 2026] You begin casting Superior Healing IV.
[Wed Aug 05 16:23:13 2026] You begin casting Superior Healing IV.
[Wed Aug 05 16:23:21 2026] You begin casting Superior Healing IV.
[Wed Aug 05 16:23:43 2026] You begin casting Superior Healing IV.
[Wed Aug 05 16:24:07 2026] You begin casting Superior Healing IV.
[Wed Aug 05 16:24:11 2026] You begin casting Shiftless Deeds IV.
[Wed Aug 05 16:24:19 2026] You begin casting Superior Healing IV.
[Wed Aug 05 16:24:32 2026] You begin casting Shiftless Deeds IV.
[Wed Aug 05 16:24:40 2026] You begin casting Boon of the Garou II.
[Wed Aug 05 16:25:19 2026] You begin casting Superior Healing IV.
[Wed Aug 05 16:25:23 2026] You begin casting Shiftless Deeds IV.
[Wed Aug 05 16:26:31 2026] You begin casting Tashani.
[Wed Aug 05 16:26:32 2026] You begin reciting the overchannel invocation.
[Wed Aug 05 16:26:33 2026] You begin casting Allure VI.
[Wed Aug 05 16:26:55 2026] You begin casting Tashani.
[Wed Aug 05 16:27:01 2026] You begin casting Shiftless Deeds IV.
[Wed Aug 05 16:27:08 2026] You assume an offensive stance.
[Wed Aug 05 16:27:09 2026] You begin reciting the inversion invocation.
[Wed Aug 05 16:27:48 2026] You begin casting Superior Healing IV.
[Wed Aug 05 16:27:53 2026] You begin casting Superior Healing IV.
[Wed Aug 05 16:28:00 2026] You begin casting Superior Healing IV.
[Wed Aug 05 16:28:55 2026] You begin reciting the overchannel invocation.
[Wed Aug 05 16:28:56 2026] You begin casting Shiftless Deeds IV.
[Wed Aug 05 16:29:04 2026] You begin casting Shiftless Deeds IV.
[Wed Aug 05 16:29:09 2026] You assume a defensive stance.
[Wed Aug 05 16:29:10 2026] You begin casting Tashani.
[Wed Aug 05 16:29:13 2026] You begin casting Shiftless Deeds IV.
[Wed Aug 05 16:29:20 2026] You begin reciting the inversion invocation.
[Wed Aug 05 16:29:21 2026] You begin casting Lay on Hands X.
[Wed Aug 05 16:29:26 2026] You begin casting Superior Healing IV.
[Wed Aug 05 16:29:31 2026] You begin reciting the spellblade invocation.
[Wed Aug 05 16:30:44 2026] You begin casting Superior Healing IV.
[Wed Aug 05 16:30:53 2026] You begin casting Superior Healing IV.
[Wed Aug 05 16:31:08 2026] You have become better at Feign Death! (110)
[Wed Aug 05 16:31:15 2026] You begin casting Superior Healing IV.
[Wed Aug 05 16:31:23 2026] You begin casting Tashani.
[Wed Aug 05 16:31:26 2026] You begin reciting the overchannel invocation.
[Wed Aug 05 16:31:28 2026] You begin casting Allure VI.
[Wed Aug 05 16:31:42 2026] You begin casting Mesmerization III.
[Wed Aug 05 16:31:58 2026] You begin casting Mesmerization III.
[Wed Aug 05 16:32:45 2026] You begin casting Superior Healing IV.
[Wed Aug 05 16:32:49 2026] You begin reciting the inversion invocation.
[Wed Aug 05 16:32:50 2026] You begin casting Superior Healing IV.
[Wed Aug 05 16:33:04 2026] You begin casting Superior Healing IV.
[Wed Aug 05 16:33:09 2026] You begin casting Superior Healing IV.
[Wed Aug 05 16:33:13 2026] You begin casting Shiftless Deeds IV.
[Wed Aug 05 16:33:19 2026] You begin casting Superior Healing IV.
[Wed Aug 05 16:33:23 2026] You begin casting Swift Like the Wind IV.
[Wed Aug 05 16:33:30 2026] You begin casting Cure Disease.
[Wed Aug 05 16:33:34 2026] You begin casting Cure Disease.
[Wed Aug 05 16:33:38 2026] You begin casting Superior Healing IV.
[Wed Aug 05 16:33:43 2026] You begin casting Superior Healing IV.
[Wed Aug 05 16:33:44 2026] You have become better at Mend! (200)
[Wed Aug 05 16:33:44 2026] You begin casting Lay on Hands X.
[Wed Aug 05 16:33:44 2026] You have become better at Tiger Claw! (217)
[Wed Aug 05 16:33:50 2026] You begin casting Cure Disease.
[Wed Aug 05 16:33:57 2026] You begin casting Shiftless Deeds IV.
[Wed Aug 05 16:34:03 2026] You begin casting Superior Healing IV.
[Wed Aug 05 16:34:23 2026] You begin casting Superior Healing IV.
[Wed Aug 05 16:34:41 2026] You begin casting Superior Healing IV.
[Wed Aug 05 16:35:12 2026] You begin casting Superior Healing IV.
[Wed Aug 05 16:39:00 2026] You begin casting Tashani.
[Wed Aug 05 16:39:00 2026] You have become better at Abjuration! (235)
[Wed Aug 05 16:39:03 2026] You begin reciting the overchannel invocation.
[Wed Aug 05 16:39:03 2026] You begin casting Allure VI.
[Wed Aug 05 16:41:11 2026] You begin casting Tashani.
[Wed Aug 05 16:41:18 2026] You begin casting Shiftless Deeds IV.
[Wed Aug 05 16:41:26 2026] You begin reciting the spellblade invocation.
[Wed Aug 05 16:42:58 2026] You begin casting Shiftless Deeds IV.
[Wed Aug 05 16:45:46 2026] You begin casting Tashani.
[Wed Aug 05 16:45:49 2026] You begin casting Shiftless Deeds IV.
[Wed Aug 05 16:45:58 2026] You begin reciting the inversion invocation.
[Wed Aug 05 16:45:58 2026] You begin casting Boon of the Garou II.
[Wed Aug 05 16:46:01 2026] You begin casting Boon of the Garou II.
[Wed Aug 05 16:46:06 2026] You begin reciting the spellblade invocation.
[Wed Aug 05 16:46:36 2026] You begin casting Shiftless Deeds IV.
[Wed Aug 05 16:46:45 2026] You begin reciting the inversion invocation.
[Wed Aug 05 16:46:46 2026] You begin casting Mesmerization III.
[Wed Aug 05 16:47:10 2026] You begin reciting the overchannel invocation.
[Wed Aug 05 16:47:10 2026] You begin casting Shiftless Deeds IV.
[Wed Aug 05 16:47:17 2026] You begin reciting the inversion invocation.
[Wed Aug 05 16:47:17 2026] You begin casting Superior Healing IV.
[Wed Aug 05 16:47:19 2026] You begin casting Lay on Hands X.
[Wed Aug 05 16:47:25 2026] You begin reciting the spellblade invocation.
[Wed Aug 05 16:48:12 2026] You begin casting Superior Healing IV.
[Wed Aug 05 16:48:16 2026] You begin reciting the inversion invocation.
[Wed Aug 05 16:48:16 2026] You begin casting Tashani.
[Wed Aug 05 16:48:22 2026] You begin reciting the overchannel invocation.
[Wed Aug 05 16:48:23 2026] You begin casting Allure VI.
[Wed Aug 05 16:48:31 2026] You begin casting Shiftless Deeds IV.
[Wed Aug 05 16:49:23 2026] You begin casting Tashani.
[Wed Aug 05 16:49:27 2026] You begin casting Shiftless Deeds IV.
[Wed Aug 05 16:49:34 2026] You begin casting Dazzle IV.
[Wed Aug 05 16:49:42 2026] You begin reciting the inversion invocation.
[Wed Aug 05 16:49:42 2026] You begin casting Superior Healing IV.
[Wed Aug 05 16:49:49 2026] You begin reciting the overchannel invocation.
[Wed Aug 05 16:49:49 2026] You begin casting Allure VI.
[Wed Aug 05 16:50:00 2026] You begin casting Dazzle IV.
[Wed Aug 05 16:50:06 2026] You begin reciting the inversion invocation.
[Wed Aug 05 16:50:06 2026] You begin casting Superior Healing IV.
[Wed Aug 05 16:50:15 2026] You begin casting Swift Like the Wind IV.
[Wed Aug 05 16:51:21 2026] You begin casting Superior Healing IV.
[Wed Aug 05 16:51:24 2026] You begin casting Lay on Hands X.
[Wed Aug 05 16:51:28 2026] You begin reciting the overchannel invocation.
[Wed Aug 05 16:51:28 2026] You begin casting Shiftless Deeds IV.
[Wed Aug 05 16:51:34 2026] You begin casting Tashani.
[Wed Aug 05 16:51:38 2026] You begin casting Dazzle IV.
[Wed Aug 05 16:51:44 2026] You begin casting Dazzle IV.
[Wed Aug 05 16:51:46 2026] You have become better at Conjuration! (216)
[Wed Aug 05 16:52:13 2026] You begin casting Shiftless Deeds IV.
[Wed Aug 05 16:52:47 2026] You begin casting Shiftless Deeds IV.
[Wed Aug 05 16:53:50 2026] You begin casting Tashani.
[Wed Aug 05 16:55:23 2026] You begin casting Boon of the Garou II.
[Wed Aug 05 16:56:14 2026] You begin casting Tashani.
[Wed Aug 05 16:56:19 2026] You begin casting Shiftless Deeds IV.
[Wed Aug 05 16:56:55 2026] You begin casting Shiftless Deeds IV.
[Wed Aug 05 16:57:53 2026] You begin casting Tashani.
[Wed Aug 05 16:57:56 2026] You begin casting Shiftless Deeds IV.
[Wed Aug 05 16:58:28 2026] You begin casting Superior Healing IV.
[Wed Aug 05 16:58:32 2026] You begin casting Shiftless Deeds IV.
[Wed Aug 05 16:59:15 2026] You begin casting Shiftless Deeds IV.
[Wed Aug 05 17:00:25 2026] You begin casting Shiftless Deeds IV.
[Wed Aug 05 17:00:35 2026] You begin casting Mesmerization III.
[Wed Aug 05 17:00:56 2026] You begin casting Shiftless Deeds IV.
[Wed Aug 05 17:01:05 2026] You begin casting Mesmerization III.
[Wed Aug 05 17:01:16 2026] You begin casting Lay on Hands X.
[Wed Aug 05 17:01:21 2026] You begin reciting the spellblade invocation.
[Wed Aug 05 17:01:24 2026] You assume an offensive stance.
[Wed Aug 05 17:01:33 2026] You begin reciting the overchannel invocation.
[Wed Aug 05 17:01:33 2026] You begin casting Shiftless Deeds IV.
[Wed Aug 05 17:01:40 2026] You begin casting Mesmerization III.
[Wed Aug 05 17:01:46 2026] You begin casting Mesmerization III.
[Wed Aug 05 17:01:49 2026] You begin reciting the inversion invocation.
[Wed Aug 05 17:01:51 2026] You begin casting Superior Healing IV.
[Wed Aug 05 17:01:54 2026] You assume a defensive stance.
[Wed Aug 05 17:02:00 2026] You begin casting Superior Healing IV.
[Wed Aug 05 17:02:05 2026] You begin casting Superior Healing IV.
[Wed Aug 05 17:02:50 2026] You begin casting Mesmerization III.
[Wed Aug 05 17:02:54 2026] You begin casting Mesmerization III.
[Wed Aug 05 17:02:58 2026] You begin casting Superior Healing IV.
[Wed Aug 05 17:03:08 2026] You begin casting Superior Healing IV.
[Wed Aug 05 17:03:11 2026] You begin reciting the overchannel invocation.
[Wed Aug 05 17:03:12 2026] You begin casting Shiftless Deeds IV.
[Wed Aug 05 17:03:32 2026] You begin casting Superior Healing IV.
[Wed Aug 05 17:03:37 2026] You begin casting Mesmerization III.
[Wed Aug 05 17:03:42 2026] You begin casting Lay on Hands X.
[Wed Aug 05 17:03:42 2026] You begin casting Shiftless Deeds IV.
[Wed Aug 05 17:04:27 2026] You begin reciting the inversion invocation.
[Wed Aug 05 17:04:28 2026] You begin casting Superior Healing IV.
[Wed Aug 05 17:04:32 2026] You begin casting Mesmerization III.
[Wed Aug 05 17:04:50 2026] You begin reciting the overchannel invocation.
[Wed Aug 05 17:04:50 2026] You begin casting Shiftless Deeds IV.
[Wed Aug 05 17:04:57 2026] You begin casting Mesmerization III.
[Wed Aug 05 17:05:06 2026] You begin reciting the inversion invocation.
[Wed Aug 05 17:05:06 2026] You begin casting Superior Healing IV.
[Wed Aug 05 17:05:13 2026] You begin reciting the overchannel invocation.
[Wed Aug 05 17:05:14 2026] You begin casting Shiftless Deeds IV.
[Wed Aug 05 17:05:22 2026] You begin reciting the inversion invocation.
[Wed Aug 05 17:05:22 2026] You begin casting Superior Healing IV.
[Wed Aug 05 17:05:26 2026] You begin casting Superior Healing IV.
[Wed Aug 05 17:05:31 2026] You begin reciting the overchannel invocation.
[Wed Aug 05 17:05:31 2026] You begin casting Mesmerization III.
[Wed Aug 05 17:06:52 2026] You begin casting Shiftless Deeds IV.
[Wed Aug 05 17:08:01 2026] You begin casting Lay on Hands X.
[Wed Aug 05 17:08:01 2026] You have become better at Tiger Claw! (218)
[Wed Aug 05 17:08:07 2026] You begin casting Shiftless Deeds IV.
[Wed Aug 05 17:09:20 2026] You begin casting Swift Like the Wind IV.
[Wed Aug 05 17:09:25 2026] You begin reciting the inversion invocation.
[Wed Aug 05 17:09:27 2026] You begin casting Swift Like the Wind IV.
[Wed Aug 05 17:16:13 2026] You begin casting Tashani.
[Wed Aug 05 17:16:18 2026] You begin reciting the overchannel invocation.
[Wed Aug 05 17:16:18 2026] You begin casting Mesmerization III.
[Wed Aug 05 17:16:25 2026] You begin casting Shiftless Deeds IV.
[Wed Aug 05 17:16:31 2026] You begin reciting the inversion invocation.
[Wed Aug 05 17:16:33 2026] You begin casting Pillage Enchantment.
[Wed Aug 05 17:16:42 2026] You begin casting Tashani.
[Wed Aug 05 17:16:44 2026] You begin reciting the overchannel invocation.
[Wed Aug 05 17:16:45 2026] You begin casting Allure VI.
[Wed Aug 05 17:16:54 2026] You begin reciting the spellblade invocation.
[Wed Aug 05 17:17:06 2026] You begin casting Pillage Enchantment.
[Wed Aug 05 17:17:10 2026] You begin casting Shiftless Deeds IV.
[Wed Aug 05 17:17:53 2026] You begin casting Shiftless Deeds IV.
[Wed Aug 05 17:18:05 2026] You begin reciting the inversion invocation.
[Wed Aug 05 17:18:06 2026] You begin casting Pillage Enchantment.
[Wed Aug 05 17:18:13 2026] You begin reciting the spellblade invocation.
[Wed Aug 05 17:19:30 2026] You begin casting Pillage Enchantment.
[Wed Aug 05 17:19:42 2026] You begin casting Shiftless Deeds IV.
[Wed Aug 05 17:19:48 2026] You begin casting Tashani.
[Wed Aug 05 17:19:52 2026] You begin casting Shiftless Deeds IV.
[Wed Aug 05 17:20:01 2026] You begin casting Boon of the Garou II.
[Wed Aug 05 17:22:20 2026] You assume an evasive stance.
[Wed Aug 05 17:22:24 2026] You have become better at Feign Death! (111)
[Wed Aug 05 17:24:57 2026] You begin casting Pacify.
[Wed Aug 05 17:25:01 2026] You begin reciting the overchannel invocation.
[Wed Aug 05 17:25:19 2026] You begin casting Tashani.
[Wed Aug 05 17:25:21 2026] You begin casting Allure VI.
[Wed Aug 05 17:25:28 2026] You assume a defensive stance.
[Wed Aug 05 17:25:30 2026] You begin casting Swift Like the Wind IV.
[Wed Aug 05 17:25:37 2026] You begin casting Shiftless Deeds IV.
[Wed Aug 05 17:26:00 2026] You begin casting Shiftless Deeds IV.
[Wed Aug 05 17:26:30 2026] You begin casting Shiftless Deeds IV.
[Wed Aug 05 17:26:49 2026] You begin casting Lay on Hands X.
[Wed Aug 05 17:27:05 2026] You begin casting Shiftless Deeds IV.
[Wed Aug 05 17:27:46 2026] You begin reciting the inversion invocation.
[Wed Aug 05 17:27:47 2026] You begin casting Superior Healing IV.
[Wed Aug 05 17:28:16 2026] You begin reciting the overchannel invocation.
[Wed Aug 05 17:28:16 2026] You begin casting Shiftless Deeds IV.
[Wed Aug 05 17:29:27 2026] You begin casting Shiftless Deeds IV.
[Wed Aug 05 17:29:36 2026] You begin casting Shiftless Deeds IV.
[Wed Aug 05 17:38:22 2026] You begin casting Tashani.
[Wed Aug 05 17:38:24 2026] You begin casting Allure VI.
[Wed Aug 05 17:41:24 2026] You begin casting Allure VI.
[Wed Aug 05 17:43:44 2026] You begin casting Allure VI.
[Wed Aug 05 17:51:08 2026] You begin casting Tashani.
[Wed Aug 05 17:51:12 2026] You begin casting Allure VI.
[Wed Aug 05 17:54:16 2026] You begin casting Mesmerization III.
[Wed Aug 05 17:54:35 2026] You begin casting Shiftless Deeds IV.
[Wed Aug 05 17:55:31 2026] You begin casting Tashani.
[Wed Aug 05 17:55:34 2026] You begin casting Allure VI.
[Wed Aug 05 17:55:43 2026] You begin reciting the inversion invocation.
[Wed Aug 05 17:55:43 2026] You begin casting Superior Healing IV.
[Wed Aug 05 17:55:50 2026] You begin casting Superior Healing IV.
[Wed Aug 05 17:58:44 2026] You begin casting Shiftless Deeds IV.
[Wed Aug 05 17:58:50 2026] You begin casting Shiftless Deeds IV.
[Wed Aug 05 17:58:58 2026] You begin casting Shiftless Deeds IV.
[Wed Aug 05 17:59:06 2026] You begin casting Swift Like the Wind IV.
[Wed Aug 05 18:02:16 2026] You begin casting Tashani.
[Wed Aug 05 18:02:20 2026] You begin reciting the overchannel invocation.
[Wed Aug 05 18:02:20 2026] You begin casting Shiftless Deeds IV.
[Wed Aug 05 18:04:04 2026] You begin casting Lay on Hands X.
[Wed Aug 05 18:04:53 2026] You begin casting Tashani.
[Wed Aug 05 18:05:36 2026] You begin casting Shiftless Deeds IV.
[Wed Aug 05 18:05:43 2026] You begin casting Shiftless Deeds IV.
[Wed Aug 05 18:06:11 2026] You begin casting Shiftless Deeds IV.
[Wed Aug 05 18:06:37 2026] You begin reciting the inversion invocation.
[Wed Aug 05 18:06:37 2026] You begin casting Superior Healing IV.
[Wed Aug 05 18:06:50 2026] You begin casting Superior Healing IV.
[Wed Aug 05 18:07:07 2026] You begin casting Superior Healing IV.
[Wed Aug 05 18:07:12 2026] You begin casting Superior Healing IV.
[Wed Aug 05 18:07:56 2026] You begin casting Shiftless Deeds IV.
[Wed Aug 05 18:07:59 2026] You begin reciting the overchannel invocation.
[Wed Aug 05 18:08:02 2026] You begin casting Shiftless Deeds IV.
[Wed Aug 05 18:08:09 2026] You begin reciting the inversion invocation.
[Wed Aug 05 18:08:09 2026] You begin casting Superior Healing IV.
[Wed Aug 05 18:09:04 2026] You begin casting Superior Healing IV.
[Wed Aug 05 18:09:10 2026] You begin casting Superior Healing IV.
[Wed Aug 05 18:09:13 2026] You begin reciting the overchannel invocation.
[Wed Aug 05 18:09:14 2026] You begin casting Tashani.
[Wed Aug 05 18:09:17 2026] You begin casting Allure VI.
[Wed Aug 05 18:09:26 2026] You begin reciting the inversion invocation.
[Wed Aug 05 18:09:27 2026] You begin casting Swift Like the Wind IV.
[Wed Aug 05 18:09:44 2026] You begin reciting the overchannel invocation.
[Wed Aug 05 18:09:44 2026] You begin casting Allure VI.
[Wed Aug 05 18:10:01 2026] You begin casting Allure VI.
[Wed Aug 05 18:11:15 2026] You begin casting Tashani.
[Wed Aug 05 18:11:19 2026] You begin casting Shiftless Deeds IV.
[Wed Aug 05 18:12:46 2026] You have become better at Feign Death! (112)
[Wed Aug 05 19:06:25 2026] You begin casting Gate.
[Wed Aug 05 19:13:02 2026] You begin casting Holy Steed.
[Wed Aug 05 19:13:53 2026] You begin casting Illusion: Dark Elf.
[Wed Aug 05 19:44:27 2026] You have become better at Feign Death! (113)
[Wed Aug 05 19:44:33 2026] You have become better at Feign Death! (114)
[Wed Aug 05 19:44:39 2026] You have become better at Feign Death! (115)
[Wed Aug 05 19:44:45 2026] You begin casting Lay on Hands X.
[Wed Aug 05 19:55:17 2026] You begin casting Pacify.
[Wed Aug 05 19:55:29 2026] You begin casting Illusion: Dark Elf.
[Wed Aug 05 19:56:21 2026] You begin casting Pacify.
[Wed Aug 05 19:56:25 2026] You begin reciting the inversion invocation.
[Wed Aug 05 19:56:30 2026] You begin casting Pacify.
[Wed Aug 05 19:56:52 2026] You begin casting Tashani.
[Wed Aug 05 19:56:55 2026] You begin reciting the overchannel invocation.
[Wed Aug 05 19:56:56 2026] You begin casting Allure VI.
[Wed Aug 05 19:58:22 2026] You begin casting Swift Like the Wind IV.
[Wed Aug 05 19:58:53 2026] You begin casting Pacify.
[Wed Aug 05 19:59:08 2026] You begin casting Pacify.
[Wed Aug 05 19:59:26 2026] You begin casting Shiftless Deeds IV.
[Wed Aug 05 19:59:34 2026] You begin casting Shiftless Deeds IV.
[Wed Aug 05 20:00:05 2026] You begin reciting the inversion invocation.
[Wed Aug 05 20:00:05 2026] You begin casting Swift Like the Wind IV.
[Wed Aug 05 20:00:12 2026] You begin casting Cure Disease.
[Wed Aug 05 20:00:16 2026] You begin casting Cure Disease.
[Wed Aug 05 20:00:23 2026] You assume an offensive stance.
[Wed Aug 05 20:00:27 2026] You begin casting Lay on Hands X.
[Wed Aug 05 20:02:18 2026] You begin casting Shiftless Deeds IV.
[Wed Aug 05 20:02:26 2026] You begin reciting the overchannel invocation.
[Wed Aug 05 20:02:26 2026] You begin casting Shiftless Deeds IV.
[Wed Aug 05 20:02:36 2026] You begin casting Shiftless Deeds IV.
[Wed Aug 05 20:02:38 2026] You begin casting Shiftless Deeds IV.
[Wed Aug 05 20:02:43 2026] You begin reciting the inversion invocation.
[Wed Aug 05 20:02:45 2026] You begin casting Superior Healing IV.
[Wed Aug 05 20:02:58 2026] You begin casting Superior Healing IV.
[Wed Aug 05 20:03:08 2026] You begin casting Cure Disease.
[Wed Aug 05 20:03:11 2026] You begin casting Cure Disease.
[Wed Aug 05 20:03:16 2026] You begin casting Superior Healing IV.
[Wed Aug 05 20:03:19 2026] You begin reciting the divine invocation.
[Wed Aug 05 20:03:21 2026] You begin casting Superior Healing IV.
[Wed Aug 05 20:03:25 2026] You begin casting Superior Healing IV.
[Wed Aug 05 20:03:29 2026] You begin casting Lay on Hands X.
[Wed Aug 05 20:03:41 2026] You begin casting Cure Disease.
[Wed Aug 05 20:04:08 2026] You begin reciting the inversion invocation.
[Wed Aug 05 20:04:10 2026] You begin casting Cure Disease.
[Wed Aug 05 20:04:13 2026] You begin casting Cure Disease.
[Wed Aug 05 20:04:17 2026] You begin casting Cure Disease.
[Wed Aug 05 20:04:32 2026] You begin casting Theft of Thought I.
[Wed Aug 05 20:04:45 2026] You begin casting Cure Disease.
[Wed Aug 05 20:04:48 2026] You begin casting Cure Disease.
[Wed Aug 05 20:04:52 2026] You begin casting Cure Disease.
[Wed Aug 05 20:05:15 2026] You begin casting Superior Healing IV.
[Wed Aug 05 20:05:19 2026] You begin casting Superior Healing IV.
[Wed Aug 05 20:05:31 2026] You begin casting Superior Healing IV.
[Wed Aug 05 20:05:49 2026] You begin casting Superior Healing IV.
[Wed Aug 05 20:08:14 2026] You begin casting Tashani.
[Wed Aug 05 20:08:16 2026] You begin reciting the overchannel invocation.
[Wed Aug 05 20:08:17 2026] You begin casting Allure VI.
[Wed Aug 05 20:08:34 2026] You begin casting Pacify.
[Wed Aug 05 20:08:43 2026] You begin casting Pacify.
[Wed Aug 05 20:09:01 2026] You begin casting Tashani.
[Wed Aug 05 20:09:06 2026] You begin casting Shiftless Deeds IV.
[Wed Aug 05 20:09:13 2026] You begin casting Shiftless Deeds IV.
[Wed Aug 05 20:09:18 2026] You assume a defensive stance.
[Wed Aug 05 20:09:20 2026] You begin casting Shiftless Deeds IV.
[Wed Aug 05 20:09:30 2026] You begin reciting the inversion invocation.
[Wed Aug 05 20:09:34 2026] You begin casting Lay on Hands X.
[Wed Aug 05 20:09:45 2026] You begin casting Superior Healing IV.
[Wed Aug 05 20:10:09 2026] You begin casting Superior Healing IV.
[Wed Aug 05 20:10:11 2026] You begin casting Superior Healing IV.
[Wed Aug 05 20:10:15 2026] You begin casting Superior Healing IV.
[Wed Aug 05 20:10:20 2026] You begin casting Superior Healing IV.
[Wed Aug 05 20:10:25 2026] You begin casting Shiftless Deeds IV.
[Wed Aug 05 20:10:27 2026] You begin casting Superior Healing IV.
[Wed Aug 05 20:10:33 2026] You begin casting Superior Healing IV.
[Wed Aug 05 20:10:37 2026] You begin casting Cure Disease.
[Wed Aug 05 20:10:41 2026] You begin casting Cure Disease.
[Wed Aug 05 20:10:44 2026] You begin casting Cure Disease.
[Wed Aug 05 20:10:47 2026] You begin casting Superior Healing IV.
[Wed Aug 05 20:10:57 2026] You begin casting Superior Healing IV.
[Wed Aug 05 20:11:02 2026] You begin casting Cure Disease.
[Wed Aug 05 20:11:06 2026] You begin casting Cure Disease.
[Wed Aug 05 20:11:09 2026] You begin casting Superior Healing IV.
[Wed Aug 05 20:11:16 2026] You begin casting Cure Disease.
[Wed Aug 05 20:11:20 2026] You begin casting Cure Disease.
[Wed Aug 05 20:11:23 2026] You begin casting Cure Disease.
[Wed Aug 05 20:11:27 2026] You begin casting Superior Healing IV.
[Wed Aug 05 20:11:31 2026] You begin casting Cure Disease.
[Wed Aug 05 20:11:34 2026] You begin casting Cure Disease.
[Wed Aug 05 20:11:38 2026] You begin casting Cure Disease.
[Wed Aug 05 20:11:41 2026] You begin casting Superior Healing IV.
[Wed Aug 05 20:11:56 2026] You begin casting Cure Disease.
[Wed Aug 05 20:12:00 2026] You begin casting Cure Disease.
[Wed Aug 05 20:12:03 2026] You begin casting Cure Disease.
[Wed Aug 05 20:12:07 2026] You begin casting Superior Healing IV.
[Wed Aug 05 20:12:11 2026] You begin casting Superior Healing IV.
[Wed Aug 05 20:12:15 2026] You begin casting Superior Healing IV.
[Wed Aug 05 20:12:24 2026] You begin casting Cure Disease.
[Wed Aug 05 20:12:29 2026] You begin casting Cure Disease.
[Wed Aug 05 20:12:33 2026] You begin casting Superior Healing IV.
[Wed Aug 05 20:12:37 2026] You begin casting Superior Healing IV.
[Wed Aug 05 20:12:46 2026] You begin casting Superior Healing IV.
[Wed Aug 05 20:12:50 2026] You begin casting Superior Healing IV.
[Wed Aug 05 20:13:02 2026] You begin casting Superior Healing IV.
[Wed Aug 05 20:13:07 2026] You begin casting Superior Healing IV.
[Wed Aug 05 20:13:11 2026] You begin casting Cure Disease.
[Wed Aug 05 20:13:14 2026] You begin casting Cure Disease.
[Wed Aug 05 20:13:21 2026] You begin casting Superior Healing IV.
[Wed Aug 05 20:13:25 2026] You begin casting Cure Disease.
[Wed Aug 05 20:13:31 2026] You begin casting Cure Disease.
[Wed Aug 05 20:13:34 2026] You begin casting Superior Healing IV.
[Wed Aug 05 20:13:42 2026] You begin casting Shiftless Deeds IV.
[Wed Aug 05 20:13:48 2026] You begin casting Shiftless Deeds IV.
[Wed Aug 05 20:13:56 2026] You begin casting Superior Healing IV.
[Wed Aug 05 20:14:00 2026] You begin casting Cure Disease.
[Wed Aug 05 20:14:03 2026] You begin casting Cure Disease.
[Wed Aug 05 20:14:15 2026] You begin casting Cure Disease.
[Wed Aug 05 20:14:35 2026] You begin casting Superior Healing IV.
[Wed Aug 05 20:14:58 2026] You begin casting Superior Healing IV.
[Wed Aug 05 20:15:02 2026] You begin casting Superior Healing IV.
[Wed Aug 05 20:15:14 2026] You begin casting Swift Like the Wind IV.
[Wed Aug 05 20:15:21 2026] You begin casting Boon of the Garou II.
[Wed Aug 05 20:15:51 2026] You begin casting Superior Healing IV.
[Wed Aug 05 20:15:55 2026] You begin casting Cure Disease.
[Wed Aug 05 20:15:59 2026] You begin casting Cure Disease.
[Wed Aug 05 20:16:03 2026] You begin casting Cure Disease.
[Wed Aug 05 20:16:06 2026] You begin casting Superior Healing IV.
[Wed Aug 05 20:16:33 2026] You begin casting Swift Like the Wind IV.
[Wed Aug 05 20:17:42 2026] You begin casting Superior Healing IV.
[Wed Aug 05 20:17:45 2026] You begin casting Lay on Hands X.
[Wed Aug 05 20:17:49 2026] You begin casting Shiftless Deeds IV.
[Wed Aug 05 20:17:55 2026] You begin casting Shiftless Deeds IV.
[Wed Aug 05 20:18:01 2026] You begin casting Shiftless Deeds IV.
[Wed Aug 05 20:18:33 2026] You begin casting Theft of Thought I.
[Wed Aug 05 20:18:36 2026] You begin casting Cure Disease.
[Wed Aug 05 20:18:40 2026] You assume an offensive stance.
[Wed Aug 05 20:18:42 2026] You begin casting Cure Disease.
[Wed Aug 05 20:18:46 2026] You begin casting Cure Disease.
[Wed Aug 05 20:19:01 2026] You begin casting Cure Disease.
[Wed Aug 05 20:19:04 2026] You begin casting Cure Disease.
[Wed Aug 05 20:19:12 2026] You begin casting Cure Disease.
[Wed Aug 05 20:19:48 2026] You begin casting Superior Healing IV.
[Wed Aug 05 20:19:57 2026] You begin casting Tashani.
[Wed Aug 05 20:20:00 2026] You begin reciting the overchannel invocation.
[Wed Aug 05 20:20:00 2026] You begin casting Allure VI.
[Wed Aug 05 20:20:18 2026] You begin reciting the inversion invocation.
[Wed Aug 05 20:20:23 2026] You begin casting Cure Disease.
[Wed Aug 05 20:20:27 2026] You begin casting Cure Disease.
[Wed Aug 05 20:20:30 2026] You begin casting Cure Disease.
[Wed Aug 05 20:20:34 2026] You begin casting Swift Like the Wind IV.
[Wed Aug 05 20:22:04 2026] You begin casting Tashani.
[Wed Aug 05 20:22:07 2026] You begin reciting the overchannel invocation.
[Wed Aug 05 20:22:08 2026] You begin casting Shiftless Deeds IV.
[Wed Aug 05 20:22:14 2026] You begin reciting the inversion invocation.
[Wed Aug 05 20:22:21 2026] You begin reciting the spellblade invocation.
[Wed Aug 05 20:22:52 2026] You begin reciting the inversion invocation.
[Wed Aug 05 20:22:52 2026] You begin casting Superior Healing IV.
[Wed Aug 05 20:23:19 2026] You begin casting Superior Healing IV.
[Wed Aug 05 20:23:21 2026] You begin casting Lay on Hands X.
[Wed Aug 05 20:23:44 2026] You begin casting Superior Healing IV.
[Wed Aug 05 20:23:52 2026] You begin casting Superior Healing IV.
[Wed Aug 05 20:24:01 2026] You begin casting Superior Healing IV.
[Wed Aug 05 20:24:11 2026] You begin casting Superior Healing IV.
[Wed Aug 05 20:24:21 2026] You begin casting Superior Healing IV.
[Wed Aug 05 20:24:41 2026] You begin casting Superior Healing IV.
[Wed Aug 05 20:24:57 2026] You begin casting Superior Healing IV.
[Wed Aug 05 20:25:02 2026] You begin casting Theft of Thought I.
[Wed Aug 05 20:25:10 2026] You begin reciting the spellblade invocation.
[Wed Aug 05 20:25:50 2026] You begin casting Lay on Hands X.
[Wed Aug 05 20:25:55 2026] You begin casting Shiftless Deeds IV.
[Wed Aug 05 20:30:26 2026] You begin casting Pacify.
[Wed Aug 05 20:30:39 2026] You begin casting Pacify.
[Wed Aug 05 20:30:56 2026] You begin casting Pacify.
[Wed Aug 05 20:31:05 2026] You begin casting Pacify.
[Wed Aug 05 20:31:16 2026] You begin casting Pacify.
[Wed Aug 05 20:31:22 2026] You begin reciting the overchannel invocation.
[Wed Aug 05 20:31:25 2026] You begin casting Pacify.
[Wed Aug 05 20:31:56 2026] You have become better at Feign Death! (116)
[Wed Aug 05 20:32:05 2026] You assume an evasive stance.
[Wed Aug 05 20:32:18 2026] You begin casting Superior Healing IV.
[Wed Aug 05 20:32:21 2026] You begin reciting the inversion invocation.
[Wed Aug 05 20:32:22 2026] You begin casting Superior Healing IV.
[Wed Aug 05 20:32:24 2026] You assume a defensive stance.
[Wed Aug 05 20:32:27 2026] You begin casting Superior Healing IV.
[Wed Aug 05 20:32:31 2026] You begin casting Superior Healing IV.
[Wed Aug 05 20:32:32 2026] You have become better at Feign Death! (117)
[Wed Aug 05 20:32:35 2026] You begin casting Superior Healing IV.
[Wed Aug 05 20:32:41 2026] You begin casting Superior Healing IV.
[Wed Aug 05 20:32:44 2026] You begin casting Superior Healing IV.
[Wed Aug 05 20:32:49 2026] You begin casting Superior Healing IV.
[Wed Aug 05 20:32:53 2026] You begin casting Superior Healing IV.
[Wed Aug 05 20:33:16 2026] You begin reciting the unyielding invocation.
[Wed Aug 05 20:35:49 2026] You begin casting Pacify.
[Wed Aug 05 20:35:52 2026] You begin reciting the overchannel invocation.
[Wed Aug 05 20:36:01 2026] You begin casting Pacify.
[Wed Aug 05 20:36:16 2026] You begin casting Pacify.
[Wed Aug 05 20:36:25 2026] You begin casting Pacify.
[Wed Aug 05 20:36:37 2026] You begin casting Pacify.
[Wed Aug 05 20:36:46 2026] You begin casting Pacify.
[Wed Aug 05 20:36:55 2026] You begin casting Pacify.
[Wed Aug 05 20:37:08 2026] You begin casting Pacify.
[Wed Aug 05 20:37:17 2026] You begin casting Pacify.
[Wed Aug 05 20:37:33 2026] You begin casting Pacify.
[Wed Aug 05 20:37:41 2026] You begin casting Pacify.
[Wed Aug 05 20:37:49 2026] You begin casting Tashani.
[Wed Aug 05 20:37:52 2026] You begin casting Allure VI.
[Wed Aug 05 20:38:03 2026] You begin casting Shiftless Deeds IV.
[Wed Aug 05 20:38:10 2026] You begin reciting the inversion invocation.
[Wed Aug 05 20:38:10 2026] You begin casting Swift Like the Wind IV.
[Wed Aug 05 20:38:17 2026] You begin casting Boon of the Garou II.
[Wed Aug 05 20:38:42 2026] You begin casting Superior Healing IV.
[Wed Aug 05 20:38:47 2026] You begin casting Shiftless Deeds IV.
[Wed Aug 05 20:38:56 2026] You begin casting Superior Healing IV.
[Wed Aug 05 20:39:03 2026] You begin casting Superior Healing IV.
[Wed Aug 05 20:39:16 2026] You begin casting Superior Healing IV.
[Wed Aug 05 20:39:20 2026] You begin casting Superior Healing IV.
[Wed Aug 05 20:39:26 2026] You begin casting Swift Like the Wind IV.
[Wed Aug 05 20:39:38 2026] You begin casting Lay on Hands X.
[Wed Aug 05 20:39:39 2026] You assume a mage hunter stance.
[Wed Aug 05 20:41:05 2026] You begin casting Pillage Enchantment.
[Wed Aug 05 20:41:37 2026] You begin casting Superior Healing IV.
[Wed Aug 05 20:41:42 2026] You begin casting Superior Healing IV.
[Wed Aug 05 20:41:47 2026] You assume an offensive stance.
[Wed Aug 05 20:43:54 2026] You assume a defensive stance.
[Wed Aug 05 20:43:57 2026] You begin reciting the overchannel invocation.
[Wed Aug 05 20:44:03 2026] You begin casting Shiftless Deeds IV.
[Wed Aug 05 20:44:10 2026] You begin casting Tashani.
[Wed Aug 05 20:44:19 2026] You begin reciting the spellblade invocation.
[Wed Aug 05 20:44:54 2026] You begin reciting the inversion invocation.
[Wed Aug 05 20:44:54 2026] You begin casting Superior Healing IV.
[Wed Aug 05 20:44:59 2026] You begin casting Superior Healing IV.
[Wed Aug 05 20:45:02 2026] You begin reciting the spellblade invocation.
[Wed Aug 05 20:45:43 2026] You begin casting Lay on Hands X.
[Wed Aug 05 20:45:55 2026] You assume an offensive stance.
[Wed Aug 05 20:46:02 2026] You begin casting Superior Healing IV.
[Wed Aug 05 20:46:10 2026] You begin reciting the inversion invocation.
[Wed Aug 05 20:46:11 2026] You begin casting Superior Healing IV.
[Wed Aug 05 20:46:17 2026] You begin casting Superior Healing IV.
[Wed Aug 05 20:46:45 2026] You begin casting Superior Healing IV.
[Wed Aug 05 20:47:21 2026] You begin casting Superior Healing IV.
[Wed Aug 05 20:47:25 2026] You begin casting Superior Healing IV.
[Wed Aug 05 20:47:29 2026] You begin casting Superior Healing IV.
[Wed Aug 05 20:47:33 2026] You begin casting Superior Healing IV.
[Wed Aug 05 20:47:38 2026] You begin casting Superior Healing IV.
[Wed Aug 05 20:47:42 2026] You begin casting Superior Healing IV.
[Wed Aug 05 20:47:46 2026] You begin casting Shiftless Deeds IV.
[Wed Aug 05 20:47:53 2026] You begin casting Superior Healing IV.
[Wed Aug 05 20:47:57 2026] You begin casting Superior Healing IV.
[Wed Aug 05 20:48:22 2026] You begin casting Lay on Hands X.
[Wed Aug 05 20:49:10 2026] You begin casting Gate.
[Wed Aug 05 20:50:17 2026] You begin casting Illusion: Dark Elf.
[Wed Aug 05 20:50:34 2026] You begin casting Holy Steed.
[Wed Aug 05 20:51:10 2026] You begin casting Holy Steed.
[Thu Aug 06 12:16:04 2026] You begin casting Illusion: Dark Elf.
[Thu Aug 06 12:16:12 2026] You begin casting Holy Steed.
[Thu Aug 06 12:17:32 2026] You have become better at Safe Fall! (103)
[Thu Aug 06 12:18:52 2026] You have become better at Safe Fall! (104)
[Thu Aug 06 12:20:31 2026] You have become better at Safe Fall! (105)
[Thu Aug 06 12:23:05 2026] You have become better at Safe Fall! (106)
[Thu Aug 06 12:23:48 2026] You have become better at Divination! (193)
[Thu Aug 06 12:24:35 2026] You begin casting Clarity III.
[Thu Aug 06 12:25:02 2026] You begin casting Illusion: Human.
[Thu Aug 06 12:26:52 2026] You begin casting Elemental: Water.
[Thu Aug 06 12:28:22 2026] You begin casting Holy Steed.
[Thu Aug 06 12:33:44 2026] You have become better at Safe Fall! (107)
[Thu Aug 06 12:34:13 2026] You begin casting Boon of the Garou II.
[Thu Aug 06 12:35:43 2026] You begin casting Kintaz's Animation.
[Thu Aug 06 12:44:45 2026] You begin casting Kintaz's Animation.
[Thu Aug 06 12:46:07 2026] You begin casting Allure VI.
[Thu Aug 06 12:46:12 2026] You begin casting Allure VI.
[Thu Aug 06 12:46:18 2026] You begin casting Allure VI.
[Thu Aug 06 13:02:00 2026] You begin casting Kintaz's Animation.
[Thu Aug 06 13:02:14 2026] You begin casting Superior Healing IV.
[Thu Aug 06 15:36:15 2026] You begin casting Kintaz's Animation.
[Thu Aug 06 15:36:50 2026] You begin casting Tashani.
[Thu Aug 06 15:36:52 2026] You begin casting Allure VI.
[Thu Aug 06 18:07:42 2026] You begin casting Kintaz's Animation.
[Thu Aug 06 18:08:36 2026] You begin casting Allure VI.
[Thu Aug 06 18:09:18 2026] You begin casting Superior Healing IV.
[Thu Aug 06 19:09:04 2026] You begin casting Holy Steed.
[Thu Aug 06 19:10:32 2026] You begin casting Holy Steed.
[Thu Aug 06 19:10:44 2026] You begin casting Illusion: Dark Elf.
[Thu Aug 06 19:10:50 2026] You begin casting Holy Steed.
[Thu Aug 06 19:17:27 2026] You have become better at Forage! (1)
[Thu Aug 06 19:17:31 2026] You begin casting Lesser Shielding.
[Thu Aug 06 19:20:17 2026] You begin casting Spirit of Wolf.
[Thu Aug 06 19:20:23 2026] You begin casting Shield of Thistles.
[Thu Aug 06 19:20:27 2026] You begin casting Yaulp.
[Thu Aug 06 19:20:30 2026] You begin casting Lesser Shielding.
[Thu Aug 06 19:21:55 2026] You begin casting Illusion: Dark Elf.
[Thu Aug 06 19:24:47 2026] You assume a balanced stance.
[Thu Aug 06 19:25:13 2026] You begin casting Bottle of Alternate Adventure.
[Thu Aug 06 19:26:40 2026] You begin casting Shock of Lightning.
[Thu Aug 06 19:26:44 2026] You begin casting Shock of Lightning.
[Thu Aug 06 19:26:51 2026] You begin casting Shock of Lightning.
[Thu Aug 06 19:26:58 2026] You begin casting Shock of Lightning.
[Thu Aug 06 19:27:02 2026] You begin casting Shock of Lightning.
[Thu Aug 06 19:27:23 2026] You begin casting Shock of Lightning.
[Thu Aug 06 19:27:37 2026] You begin casting Shock of Lightning.
[Thu Aug 06 19:27:42 2026] You begin casting Shock of Lightning.
[Thu Aug 06 19:27:45 2026] You begin casting Shock of Lightning.
[Thu Aug 06 19:27:53 2026] You begin casting Shock of Lightning.
[Thu Aug 06 19:28:01 2026] You begin casting Shock of Lightning.
[Thu Aug 06 19:28:05 2026] You begin casting Shock of Lightning.
[Thu Aug 06 19:28:13 2026] You begin casting Shock of Lightning.
[Thu Aug 06 19:28:15 2026] You begin casting Lay on Hands II.
[Thu Aug 06 19:28:17 2026] You begin casting Shock of Lightning.
[Thu Aug 06 19:28:23 2026] You begin casting Shock of Lightning.
[Thu Aug 06 19:28:36 2026] You begin casting Shock of Lightning.
[Thu Aug 06 19:29:26 2026] You begin casting Shock of Lightning.
[Thu Aug 06 19:29:30 2026] You begin casting Shock of Lightning.
[Thu Aug 06 19:29:39 2026] You begin casting Shock of Lightning.
[Thu Aug 06 19:29:42 2026] You begin casting Shock of Lightning.
[Thu Aug 06 19:29:47 2026] You begin casting Shock of Lightning.
[Thu Aug 06 19:29:52 2026] You begin casting Shock of Lightning.
[Thu Aug 06 19:30:10 2026] You begin casting Shock of Lightning.
[Thu Aug 06 19:30:19 2026] You begin casting Shock of Lightning.
[Thu Aug 06 19:30:22 2026] You begin casting Shock of Lightning.
[Thu Aug 06 19:30:26 2026] You begin casting Shock of Lightning.
[Thu Aug 06 19:30:30 2026] You begin casting Shock of Lightning.
[Thu Aug 06 19:30:35 2026] You begin casting Shock of Lightning.
[Thu Aug 06 19:30:50 2026] You begin casting Shock of Lightning.
[Thu Aug 06 19:30:54 2026] You begin casting Shock of Lightning.
[Thu Aug 06 19:30:57 2026] You begin casting Shock of Lightning.
[Thu Aug 06 19:31:04 2026] You begin casting Shock of Lightning.
[Thu Aug 06 19:31:08 2026] You begin casting Shock of Lightning.
[Thu Aug 06 19:31:11 2026] You assume an offensive stance.
[Thu Aug 06 19:31:18 2026] You begin casting Shock of Lightning.
[Thu Aug 06 19:31:20 2026] You begin reciting the recovery invocation.
[Thu Aug 06 19:31:23 2026] You have gained a level! Welcome to level 11!
[Thu Aug 06 19:31:33 2026] You begin casting Spirit of Wolf.
[Thu Aug 06 19:31:38 2026] You begin casting Shield of Thistles.
[Thu Aug 06 19:31:49 2026] You begin casting Shock of Lightning.
[Thu Aug 06 19:32:06 2026] You begin reciting the inversion invocation.
[Thu Aug 06 19:32:07 2026] You begin casting Light Healing.
[Thu Aug 06 19:32:10 2026] You begin casting Light Healing.
[Thu Aug 06 19:32:14 2026] You begin casting Light Healing.
[Thu Aug 06 19:32:15 2026] You begin reciting the recovery invocation.
[Thu Aug 06 19:32:53 2026] You assume a balanced stance.
[Thu Aug 06 19:33:43 2026] You begin casting Light Healing.
[Thu Aug 06 19:34:30 2026] You begin casting Light Healing.
[Thu Aug 06 19:35:05 2026] You begin reciting the inversion invocation.
[Thu Aug 06 19:35:06 2026] You begin casting Shock of Lightning.
[Thu Aug 06 19:35:10 2026] You begin casting Shock of Lightning.
[Thu Aug 06 19:35:12 2026] You assume an offensive stance.
[Thu Aug 06 19:35:14 2026] You begin casting Shock of Lightning.
[Thu Aug 06 19:35:18 2026] You begin casting Shock of Lightning.
[Thu Aug 06 19:35:22 2026] You begin casting Shock of Lightning.
[Thu Aug 06 19:35:27 2026] You begin casting Shock of Lightning.
[Thu Aug 06 19:35:31 2026] You begin casting Shock of Lightning.
[Thu Aug 06 19:35:35 2026] You begin casting Shock of Lightning.
[Thu Aug 06 19:35:42 2026] You begin casting Light Healing.
[Thu Aug 06 19:35:45 2026] You begin casting Light Healing.
[Thu Aug 06 19:36:01 2026] You begin casting Lay on Hands III.
[Thu Aug 06 19:36:04 2026] You begin casting Shock of Lightning.
[Thu Aug 06 19:36:09 2026] You begin casting Shock of Lightning.
[Thu Aug 06 19:36:16 2026] You begin casting Shock of Lightning.
[Thu Aug 06 19:36:20 2026] You begin casting Shock of Lightning.
[Thu Aug 06 19:36:27 2026] You begin casting Shock of Lightning.
[Thu Aug 06 19:36:49 2026] You begin casting Shock of Lightning.
[Thu Aug 06 19:36:53 2026] You begin casting Shock of Lightning.
[Thu Aug 06 19:36:57 2026] You begin casting Shock of Lightning.
[Thu Aug 06 19:36:58 2026] You have gained a level! Welcome to level 12!
[Thu Aug 06 19:37:09 2026] You begin casting Shock of Lightning.
[Thu Aug 06 19:37:11 2026] You begin casting Shock of Lightning.
[Thu Aug 06 19:37:16 2026] You begin casting Shock of Lightning.
[Thu Aug 06 19:37:20 2026] You begin casting Shock of Lightning.
[Thu Aug 06 19:37:30 2026] You begin casting Shock of Lightning.
[Thu Aug 06 19:37:35 2026] You begin casting Shock of Lightning.
[Thu Aug 06 19:37:38 2026] You begin casting Shock of Lightning.
[Thu Aug 06 19:37:43 2026] You begin casting Shock of Lightning.
[Thu Aug 06 19:37:47 2026] You begin casting Shock of Lightning.
[Thu Aug 06 19:37:52 2026] You begin casting Shock of Lightning.
[Thu Aug 06 19:37:56 2026] You begin casting Shock of Lightning.
[Thu Aug 06 19:38:00 2026] You begin casting Shock of Lightning.
[Thu Aug 06 19:38:04 2026] You begin casting Shock of Lightning.
[Thu Aug 06 19:38:21 2026] You begin casting Shock of Lightning.
[Thu Aug 06 19:38:25 2026] You begin casting Shock of Lightning.
[Thu Aug 06 19:38:43 2026] You begin casting Shock of Lightning.
[Thu Aug 06 19:38:46 2026] You begin casting Light Healing.
[Thu Aug 06 19:38:50 2026] You begin casting Light Healing.
[Thu Aug 06 19:38:53 2026] You begin casting Shock of Lightning.
[Thu Aug 06 19:38:57 2026] You begin casting Shock of Lightning.
[Thu Aug 06 19:39:49 2026] You begin casting Shock of Lightning.
[Thu Aug 06 19:39:52 2026] You begin casting Shock of Lightning.
[Thu Aug 06 19:39:59 2026] You begin casting Shock of Lightning.
[Thu Aug 06 19:40:05 2026] You begin casting Shock of Lightning.
[Thu Aug 06 19:40:12 2026] You begin casting Shock of Lightning.
[Thu Aug 06 19:40:17 2026] You begin reciting the divine invocation.
[Thu Aug 06 19:40:18 2026] You begin casting Light Healing.
[Thu Aug 06 19:40:23 2026] You begin casting Light Healing.
[Thu Aug 06 19:40:27 2026] You begin casting Light Healing.
[Thu Aug 06 19:40:33 2026] You begin reciting the inversion invocation.
[Thu Aug 06 19:40:33 2026] You begin casting Shock of Lightning.
[Thu Aug 06 19:40:37 2026] You begin casting Shock of Lightning.
[Thu Aug 06 19:40:50 2026] You begin casting Shock of Lightning.
[Thu Aug 06 19:40:55 2026] You begin casting Shock of Lightning.
[Thu Aug 06 19:40:59 2026] You begin casting Shock of Lightning.
[Thu Aug 06 19:41:09 2026] You begin casting Shock of Lightning.
[Thu Aug 06 19:41:58 2026] You begin casting Shock of Lightning.
[Thu Aug 06 19:42:02 2026] You begin casting Shock of Lightning.
[Thu Aug 06 19:42:06 2026] You begin casting Shock of Lightning.
[Thu Aug 06 19:42:09 2026] You begin casting Shock of Lightning.
[Thu Aug 06 19:42:13 2026] You begin casting Light Healing.
[Thu Aug 06 19:42:16 2026] You begin casting Light Healing.
[Thu Aug 06 19:42:20 2026] You begin casting Light Healing.
[Thu Aug 06 19:42:23 2026] You begin casting Light Healing.
[Thu Aug 06 19:42:27 2026] You begin casting Light Healing.
[Thu Aug 06 19:42:30 2026] You begin casting Light Healing.
[Thu Aug 06 19:42:35 2026] You begin casting Light Healing.
[Thu Aug 06 19:42:38 2026] You begin casting Light Healing.
[Thu Aug 06 19:42:42 2026] You begin casting Light Healing.
[Thu Aug 06 19:42:45 2026] You begin casting Shock of Lightning.
[Thu Aug 06 19:42:49 2026] You begin casting Shock of Lightning.
[Thu Aug 06 19:42:53 2026] You begin casting Shock of Lightning.
[Thu Aug 06 19:43:00 2026] You begin casting Shock of Lightning.
[Thu Aug 06 19:43:04 2026] You begin casting Light Healing.
[Thu Aug 06 19:43:05 2026] You begin reciting the recovery invocation.
[Thu Aug 06 19:43:46 2026] You begin casting Light Healing.
[Thu Aug 06 19:43:53 2026] You begin casting Light Healing.
[Thu Aug 06 19:44:05 2026] You begin casting Lay on Hands III.
[Thu Aug 06 19:44:07 2026] You begin reciting the inversion invocation.
[Thu Aug 06 19:44:07 2026] You begin casting Light Healing.
[Thu Aug 06 19:44:10 2026] You begin casting Shock of Lightning.
[Thu Aug 06 19:44:14 2026] You begin casting Shock of Lightning.
[Thu Aug 06 19:44:18 2026] You begin casting Shock of Lightning.
[Thu Aug 06 19:44:22 2026] You begin casting Shock of Lightning.
[Thu Aug 06 19:44:27 2026] You begin casting Shock of Lightning.
[Thu Aug 06 19:44:33 2026] You begin casting Shock of Lightning.
[Thu Aug 06 19:44:38 2026] You begin casting Shock of Lightning.
[Thu Aug 06 19:44:54 2026] You begin casting Shock of Lightning.
[Thu Aug 06 19:45:00 2026] You begin casting Shock of Lightning.
[Thu Aug 06 19:45:08 2026] You begin casting Shock of Lightning.
[Thu Aug 06 19:45:55 2026] You begin casting Shock of Lightning.
[Thu Aug 06 19:45:59 2026] You begin casting Shock of Lightning.
[Thu Aug 06 19:46:05 2026] You have gained a level! Welcome to level 13!
[Thu Aug 06 19:46:07 2026] You begin casting Shock of Lightning.
[Thu Aug 06 19:46:20 2026] You begin casting Shock of Lightning.
[Thu Aug 06 19:46:23 2026] You begin casting Shock of Lightning.
[Thu Aug 06 19:46:30 2026] You begin casting Shock of Lightning.
[Thu Aug 06 19:46:35 2026] You begin casting Shock of Lightning.
[Thu Aug 06 19:46:40 2026] You begin casting Shock of Lightning.
[Thu Aug 06 19:46:44 2026] You begin casting Shock of Lightning.
[Thu Aug 06 19:47:24 2026] You begin casting Shock of Lightning.
[Thu Aug 06 19:47:28 2026] You begin casting Shock of Lightning.
[Thu Aug 06 19:47:32 2026] You begin casting Shock of Lightning.
[Thu Aug 06 19:47:45 2026] You begin casting Shock of Lightning.
[Thu Aug 06 19:48:09 2026] You begin casting Shock of Lightning.
[Thu Aug 06 19:48:13 2026] You begin casting Shock of Lightning.
[Thu Aug 06 19:48:17 2026] You begin casting Shock of Lightning.
[Thu Aug 06 19:48:32 2026] You begin casting Shock of Lightning.
[Thu Aug 06 19:48:37 2026] You begin casting Shock of Lightning.
[Thu Aug 06 19:48:40 2026] You begin casting Shock of Lightning.
[Thu Aug 06 19:48:43 2026] You assume a balanced stance.
[Thu Aug 06 19:48:45 2026] You begin casting Shock of Lightning.
[Thu Aug 06 19:49:15 2026] You begin casting Shock of Lightning.
[Thu Aug 06 19:49:30 2026] You begin casting Shock of Lightning.
[Thu Aug 06 19:49:45 2026] You begin casting Shock of Lightning.
[Thu Aug 06 19:49:50 2026] You begin casting Shock of Lightning.
[Thu Aug 06 19:49:56 2026] You begin casting Shock of Lightning.
[Thu Aug 06 19:50:45 2026] You begin casting Shock of Lightning.
[Thu Aug 06 19:50:50 2026] You begin casting Shock of Lightning.
[Thu Aug 06 19:50:56 2026] You begin casting Shock of Lightning.
[Thu Aug 06 19:51:12 2026] You begin casting Shock of Lightning.
[Thu Aug 06 19:51:23 2026] You begin casting Shock of Lightning.
[Thu Aug 06 19:51:27 2026] You begin casting Shock of Lightning.
[Thu Aug 06 19:51:31 2026] You begin casting Shock of Lightning.
[Thu Aug 06 19:51:37 2026] You begin casting Shock of Lightning.
[Thu Aug 06 19:51:42 2026] You begin casting Shock of Lightning.
[Thu Aug 06 19:52:00 2026] You begin casting Shock of Lightning.
[Thu Aug 06 19:52:15 2026] You begin casting Shock of Lightning.
[Thu Aug 06 19:52:19 2026] You begin casting Shock of Lightning.
[Thu Aug 06 19:52:21 2026] You assume an offensive stance.
[Thu Aug 06 19:52:25 2026] You begin casting Shock of Lightning.
[Thu Aug 06 19:52:32 2026] You begin casting Shock of Lightning.
[Thu Aug 06 19:52:39 2026] You begin casting Shock of Lightning.
[Thu Aug 06 19:52:43 2026] You begin casting Shock of Lightning.
[Thu Aug 06 19:52:49 2026] You begin casting Shock of Lightning.
[Thu Aug 06 19:52:59 2026] You begin casting Shock of Lightning.
[Thu Aug 06 19:53:06 2026] You begin casting Shock of Lightning.
[Thu Aug 06 19:53:16 2026] You begin casting Shock of Lightning.
[Thu Aug 06 19:53:26 2026] You begin casting Shock of Lightning.
[Thu Aug 06 19:53:30 2026] You begin casting Shock of Lightning.
[Thu Aug 06 19:53:32 2026] You begin reciting the recovery invocation.
[Thu Aug 06 19:53:54 2026] You begin casting Shock of Lightning.
[Thu Aug 06 19:55:32 2026] You begin reciting the inversion invocation.
[Thu Aug 06 19:55:32 2026] You begin casting Shock of Lightning.
[Thu Aug 06 19:55:40 2026] You begin reciting the spellblade invocation.
[Thu Aug 06 19:56:02 2026] You begin reciting the inversion invocation.
[Thu Aug 06 19:56:03 2026] You begin casting Shock of Lightning.
[Thu Aug 06 19:56:12 2026] You have gained a level! Welcome to level 14!
[Thu Aug 06 19:56:21 2026] You begin casting Shock of Lightning.
[Thu Aug 06 19:56:51 2026] You begin casting Shock of Lightning.
[Thu Aug 06 19:56:57 2026] You begin casting Shock of Lightning.
[Thu Aug 06 19:57:02 2026] You begin casting Shock of Lightning.
[Thu Aug 06 19:57:07 2026] You begin casting Shock of Lightning.
[Thu Aug 06 19:57:13 2026] You begin casting Shock of Lightning.
[Thu Aug 06 19:57:19 2026] You begin casting Shock of Lightning.
[Thu Aug 06 19:57:34 2026] You begin casting Shock of Lightning.
[Thu Aug 06 19:57:38 2026] You begin casting Shock of Lightning.
[Thu Aug 06 19:57:58 2026] You begin casting Shock of Lightning.
[Thu Aug 06 19:58:00 2026] You assume a balanced stance.
[Thu Aug 06 19:58:26 2026] You begin casting Shock of Lightning.
[Thu Aug 06 19:58:31 2026] You begin casting Shock of Lightning.
[Thu Aug 06 19:58:37 2026] You begin casting Shock of Lightning.
[Thu Aug 06 19:58:42 2026] You begin casting Shock of Lightning.
[Thu Aug 06 19:58:48 2026] You begin casting Shock of Lightning.
[Thu Aug 06 19:58:54 2026] You begin casting Shock of Lightning.
[Thu Aug 06 19:58:58 2026] You begin casting Shock of Lightning.
[Thu Aug 06 19:59:36 2026] You begin casting Shock of Lightning.
[Thu Aug 06 19:59:40 2026] You begin casting Shock of Lightning.
[Thu Aug 06 19:59:45 2026] You begin casting Shock of Lightning.
[Thu Aug 06 19:59:49 2026] You begin casting Shock of Lightning.
[Thu Aug 06 19:59:54 2026] You begin casting Shock of Lightning.
[Thu Aug 06 20:00:04 2026] You begin casting Shock of Lightning.
[Thu Aug 06 20:00:16 2026] You begin casting Shock of Lightning.
[Thu Aug 06 20:00:37 2026] You begin casting Shock of Lightning.
[Thu Aug 06 20:00:41 2026] You begin casting Shock of Lightning.
[Thu Aug 06 20:00:48 2026] You begin casting Shock of Lightning.
[Thu Aug 06 20:00:53 2026] You begin casting Shock of Lightning.
[Thu Aug 06 20:00:57 2026] You begin casting Shock of Lightning.
[Thu Aug 06 20:01:01 2026] You begin casting Shock of Lightning.
[Thu Aug 06 20:01:07 2026] You begin casting Shock of Lightning.
[Thu Aug 06 20:01:16 2026] You begin casting Shock of Lightning.
[Thu Aug 06 20:01:21 2026] You begin casting Shock of Lightning.
[Thu Aug 06 20:01:25 2026] You begin casting Shock of Lightning.
[Thu Aug 06 20:01:37 2026] You begin casting Shock of Lightning.
[Thu Aug 06 20:01:41 2026] You begin casting Shock of Lightning.
[Thu Aug 06 20:01:46 2026] You begin casting Shock of Lightning.
[Thu Aug 06 20:01:51 2026] You begin casting Shock of Lightning.
[Thu Aug 06 20:01:55 2026] You assume an offensive stance.
[Thu Aug 06 20:01:56 2026] You begin casting Shock of Lightning.
[Thu Aug 06 20:02:05 2026] You begin casting Lay on Hands III.
[Thu Aug 06 20:02:10 2026] You begin casting Shock of Lightning.
[Thu Aug 06 20:02:27 2026] You begin casting Shock of Lightning.
[Thu Aug 06 20:02:32 2026] You begin casting Shock of Lightning.
[Thu Aug 06 20:02:37 2026] You begin casting Shock of Lightning.
[Thu Aug 06 20:03:33 2026] You begin casting Shock of Lightning.
[Thu Aug 06 20:03:52 2026] You begin casting Shock of Lightning.
[Thu Aug 06 20:04:03 2026] You begin casting Shock of Lightning.
[Thu Aug 06 20:04:56 2026] You begin casting Shock of Lightning.
[Thu Aug 06 20:05:09 2026] You begin casting Shock of Lightning.
[Thu Aug 06 20:05:18 2026] You begin casting Shock of Lightning.
[Thu Aug 06 20:05:24 2026] You begin casting Shock of Lightning.
[Thu Aug 06 20:05:28 2026] You begin casting Shock of Lightning.
[Thu Aug 06 20:05:34 2026] You begin casting Shock of Lightning.
[Thu Aug 06 20:05:47 2026] You begin casting Shock of Lightning.
[Thu Aug 06 20:05:53 2026] You begin casting Shock of Lightning.
[Thu Aug 06 20:05:54 2026] You have gained a level! Welcome to level 15!
[Thu Aug 06 20:07:06 2026] You begin casting Shock of Lightning.
[Thu Aug 06 20:07:11 2026] You begin casting Shock of Lightning.
[Thu Aug 06 20:07:14 2026] You begin casting Shock of Lightning.
[Thu Aug 06 20:07:25 2026] You begin casting Shock of Lightning.
[Thu Aug 06 20:07:30 2026] You begin casting Shock of Lightning.
[Thu Aug 06 20:07:36 2026] You begin casting Shock of Lightning.
[Thu Aug 06 20:07:42 2026] You begin casting Shock of Lightning.
[Thu Aug 06 20:07:49 2026] You begin casting Shock of Lightning.
[Thu Aug 06 20:07:54 2026] You begin casting Shock of Lightning.
[Thu Aug 06 20:07:59 2026] You begin casting Shock of Lightning.
[Thu Aug 06 20:08:02 2026] You begin casting Shock of Lightning.
[Thu Aug 06 20:08:16 2026] You begin casting Shock of Lightning.
[Thu Aug 06 20:08:19 2026] You begin casting Shock of Lightning.
[Thu Aug 06 20:08:24 2026] You begin casting Shock of Lightning.
[Thu Aug 06 20:08:49 2026] You begin casting Shock of Lightning.
[Thu Aug 06 20:08:53 2026] You begin casting Shock of Lightning.
[Thu Aug 06 20:09:20 2026] You begin casting Shock of Lightning.
[Thu Aug 06 20:09:24 2026] You begin casting Shock of Lightning.
[Thu Aug 06 20:09:28 2026] You begin casting Shock of Lightning.
[Thu Aug 06 20:09:35 2026] You begin casting Shock of Lightning.
[Thu Aug 06 20:09:41 2026] You begin casting Shock of Lightning.
[Thu Aug 06 20:09:42 2026] You begin casting Shock of Lightning.
[Thu Aug 06 20:09:48 2026] You begin casting Shock of Lightning.
[Thu Aug 06 20:09:55 2026] You begin casting Shock of Lightning.
[Thu Aug 06 20:10:01 2026] You begin casting Shock of Lightning.
[Thu Aug 06 20:10:10 2026] You begin casting Shock of Lightning.
[Thu Aug 06 20:10:15 2026] You begin casting Shock of Lightning.
[Thu Aug 06 20:10:20 2026] You begin casting Shock of Lightning.
[Thu Aug 06 20:10:24 2026] You begin casting Shock of Lightning.
[Thu Aug 06 20:10:28 2026] You begin casting Shock of Lightning.
[Thu Aug 06 20:10:48 2026] You begin casting Shock of Lightning.
[Thu Aug 06 20:12:37 2026] You begin casting Shock of Lightning.
[Thu Aug 06 20:12:41 2026] You begin casting Shock of Lightning.
[Thu Aug 06 20:12:44 2026] You begin casting Shock of Lightning.
[Thu Aug 06 20:13:16 2026] You begin casting Shock of Lightning.
[Thu Aug 06 20:13:21 2026] You begin casting Shock of Lightning.
[Thu Aug 06 20:13:25 2026] You begin casting Shock of Lightning.
[Thu Aug 06 20:13:28 2026] You begin casting Shock of Lightning.
[Thu Aug 06 20:13:38 2026] You begin casting Shock of Lightning.
[Thu Aug 06 20:13:44 2026] You begin casting Shock of Lightning.
[Thu Aug 06 20:13:50 2026] You begin casting Shock of Lightning.
[Thu Aug 06 20:13:54 2026] You begin casting Shock of Lightning.
[Thu Aug 06 20:14:00 2026] You begin casting Shock of Lightning.
[Thu Aug 06 20:14:10 2026] You begin casting Shock of Lightning.
[Thu Aug 06 20:14:14 2026] You begin casting Shock of Lightning.
[Thu Aug 06 20:14:21 2026] You begin casting Shock of Lightning.
[Thu Aug 06 20:14:24 2026] You begin casting Shock of Lightning.
[Thu Aug 06 20:14:28 2026] You begin casting Shock of Lightning.
[Thu Aug 06 20:14:51 2026] You begin casting Shock of Lightning.
[Thu Aug 06 20:15:02 2026] You begin casting Shock of Lightning.
[Thu Aug 06 20:15:07 2026] You begin casting Shock of Lightning.
[Thu Aug 06 20:15:25 2026] You begin casting Shock of Lightning.
[Thu Aug 06 20:15:27 2026] You assume a balanced stance.
[Thu Aug 06 20:15:30 2026] You begin casting Shock of Lightning.
[Thu Aug 06 20:15:34 2026] You begin casting Shock of Lightning.
[Thu Aug 06 20:15:38 2026] You begin casting Shock of Lightning.
[Thu Aug 06 20:15:42 2026] You begin casting Shock of Lightning.
[Thu Aug 06 20:15:42 2026] You begin casting Lay on Hands III.
[Thu Aug 06 20:15:46 2026] You begin casting Shock of Lightning.
[Thu Aug 06 20:15:49 2026] You begin casting Shock of Lightning.
[Thu Aug 06 20:15:54 2026] You begin casting Shock of Lightning.
[Thu Aug 06 20:15:59 2026] You begin casting Shock of Lightning.
[Thu Aug 06 20:16:29 2026] You begin casting Bottle of Alternate Adventure.
[Thu Aug 06 20:16:36 2026] You begin casting Spirit of Wolf.
[Thu Aug 06 20:16:46 2026] You begin casting Shield of Thistles.
[Thu Aug 06 20:17:04 2026] You begin casting Shielding.
[Thu Aug 06 20:18:06 2026] You begin casting Flame Shock.
[Thu Aug 06 20:18:10 2026] You begin casting Flame Shock.
[Thu Aug 06 20:18:16 2026] You assume an offensive stance.
[Thu Aug 06 20:18:20 2026] You begin casting Flame Shock.
[Thu Aug 06 20:18:21 2026] You have gained a level! Welcome to level 16!
[Thu Aug 06 20:18:37 2026] You begin casting Flame Shock.
[Thu Aug 06 20:18:41 2026] You begin casting Flame Shock.
[Thu Aug 06 20:18:49 2026] You begin casting Flame Shock.
[Thu Aug 06 20:18:53 2026] You begin casting Flame Shock.
[Thu Aug 06 20:18:57 2026] You begin casting Flame Shock.
[Thu Aug 06 20:19:05 2026] You begin casting Flame Shock.
[Thu Aug 06 20:19:09 2026] You begin casting Flame Shock.
[Thu Aug 06 20:19:21 2026] You begin casting Flame Shock.
[Thu Aug 06 20:19:33 2026] You begin casting Flame Shock.
[Thu Aug 06 20:19:40 2026] You begin casting Flame Shock.
[Thu Aug 06 20:19:47 2026] You begin casting Flame Shock.
[Thu Aug 06 20:19:55 2026] You begin casting Flame Shock.
[Thu Aug 06 20:20:04 2026] You begin casting Flame Shock.
[Thu Aug 06 20:20:21 2026] You begin casting Flame Shock.
[Thu Aug 06 20:20:25 2026] You begin casting Flame Shock.
[Thu Aug 06 20:20:33 2026] You begin casting Flame Shock.
[Thu Aug 06 20:20:37 2026] You begin casting Flame Shock.
[Thu Aug 06 20:20:41 2026] You begin casting Flame Shock.
[Thu Aug 06 20:21:24 2026] You begin casting Lightning Bolt.
[Thu Aug 06 20:21:30 2026] You begin casting Lightning Bolt.
[Thu Aug 06 20:21:35 2026] You begin casting Lightning Bolt.
[Thu Aug 06 20:21:39 2026] You begin casting Lightning Bolt.
[Thu Aug 06 20:21:46 2026] You begin casting Lightning Bolt.
[Thu Aug 06 20:21:51 2026] You begin casting Lightning Bolt.
[Thu Aug 06 20:21:55 2026] You begin casting Lightning Bolt.
[Thu Aug 06 20:22:03 2026] You begin casting Lightning Bolt.
[Thu Aug 06 20:22:08 2026] You begin casting Lightning Bolt.
[Thu Aug 06 20:22:15 2026] You begin casting Lightning Bolt.
[Thu Aug 06 20:22:18 2026] You begin casting Lightning Bolt.
[Thu Aug 06 20:22:23 2026] You begin casting Lightning Bolt.
[Thu Aug 06 20:22:26 2026] You begin casting Lightning Bolt.
[Thu Aug 06 20:22:30 2026] You begin casting Lightning Bolt.
[Thu Aug 06 20:22:39 2026] You assume a balanced stance.
[Thu Aug 06 20:22:40 2026] You begin casting Lightning Bolt.
[Thu Aug 06 20:22:45 2026] You begin casting Lightning Bolt.
[Thu Aug 06 20:22:49 2026] You begin casting Lightning Bolt.
[Thu Aug 06 20:22:54 2026] You begin casting Lightning Bolt.
[Thu Aug 06 20:22:59 2026] You begin casting Lightning Bolt.
[Thu Aug 06 20:23:03 2026] You begin casting Lightning Bolt.
[Thu Aug 06 20:23:27 2026] You begin casting Lightning Bolt.
[Thu Aug 06 20:23:32 2026] You begin casting Lightning Bolt.
[Thu Aug 06 20:23:37 2026] You begin casting Lightning Bolt.
[Thu Aug 06 20:23:42 2026] You begin casting Lightning Bolt.
[Thu Aug 06 20:23:47 2026] You begin casting Lightning Bolt.
[Thu Aug 06 20:23:51 2026] You begin casting Lightning Bolt.
[Thu Aug 06 20:24:01 2026] You begin casting Lightning Bolt.
[Thu Aug 06 20:24:05 2026] You begin casting Lightning Bolt.
[Thu Aug 06 20:24:09 2026] You begin casting Lightning Bolt.
[Thu Aug 06 20:24:16 2026] You begin casting Lightning Bolt.
[Thu Aug 06 20:24:20 2026] You begin casting Lightning Bolt.
[Thu Aug 06 20:24:27 2026] You begin casting Lightning Bolt.
[Thu Aug 06 20:24:32 2026] You begin casting Lightning Bolt.
[Thu Aug 06 20:24:36 2026] You begin casting Lightning Bolt.
[Thu Aug 06 20:24:38 2026] You begin casting Lay on Hands IV.
[Thu Aug 06 20:24:40 2026] You begin reciting the recovery invocation.
[Thu Aug 06 20:25:17 2026] You assume an offensive stance.
[Thu Aug 06 20:25:18 2026] You begin reciting the inversion invocation.
[Thu Aug 06 20:25:19 2026] You begin casting Lightning Bolt.
[Thu Aug 06 20:25:23 2026] You begin casting Lightning Bolt.
[Thu Aug 06 20:25:27 2026] You begin casting Lightning Bolt.
[Thu Aug 06 20:25:35 2026] You begin casting Lightning Bolt.
[Thu Aug 06 20:25:39 2026] You begin casting Lightning Bolt.
[Thu Aug 06 20:25:43 2026] You begin casting Lightning Bolt.
[Thu Aug 06 20:25:45 2026] You begin reciting the recovery invocation.
[Thu Aug 06 20:26:10 2026] You have gained a level! Welcome to level 17!
[Thu Aug 06 20:26:36 2026] You begin casting Shield of Barbs.
[Thu Aug 06 20:26:45 2026] You begin casting Force Snap.
[Thu Aug 06 20:26:52 2026] You begin reciting the inversion invocation.
[Thu Aug 06 20:27:01 2026] You begin casting Force Snap.
[Thu Aug 06 20:27:03 2026] You begin reciting the recovery invocation.
[Thu Aug 06 20:27:22 2026] You begin reciting the inversion invocation.
[Thu Aug 06 20:27:22 2026] You begin casting Force Snap.
[Thu Aug 06 20:27:28 2026] You begin reciting the recovery invocation.
[Thu Aug 06 20:27:55 2026] You begin reciting the inversion invocation.
[Thu Aug 06 20:27:55 2026] You begin casting Force Snap.
[Thu Aug 06 20:28:02 2026] You begin reciting the recovery invocation.
[Thu Aug 06 20:28:14 2026] You begin reciting the inversion invocation.
[Thu Aug 06 20:28:14 2026] You begin casting Force Snap.
[Thu Aug 06 20:28:20 2026] You begin reciting the recovery invocation.
[Thu Aug 06 20:28:31 2026] You begin reciting the inversion invocation.
[Thu Aug 06 20:28:31 2026] You begin casting Force Snap.
[Thu Aug 06 20:28:46 2026] You begin casting Force Snap.
[Thu Aug 06 20:28:48 2026] You begin reciting the recovery invocation.
[Thu Aug 06 20:29:01 2026] You begin reciting the inversion invocation.
[Thu Aug 06 20:29:02 2026] You begin casting Force Snap.
[Thu Aug 06 20:29:06 2026] You begin casting Light Healing.
[Thu Aug 06 20:29:57 2026] You begin casting Light Healing.
[Thu Aug 06 20:30:01 2026] You begin casting Light Healing.
[Thu Aug 06 20:30:06 2026] You begin casting Lightning Bolt.
[Thu Aug 06 20:30:10 2026] You begin casting Light Healing.
[Thu Aug 06 20:30:14 2026] You begin casting Lightning Bolt.
[Thu Aug 06 20:30:19 2026] You begin casting Lightning Bolt.
[Thu Aug 06 20:30:21 2026] You begin casting Lay on Hands IV.
[Thu Aug 06 20:30:24 2026] You begin casting Lightning Bolt.
[Thu Aug 06 20:30:28 2026] You begin casting Lightning Bolt.
[Thu Aug 06 20:30:34 2026] You begin casting Lightning Bolt.
[Thu Aug 06 20:30:44 2026] You begin casting Lightning Bolt.
[Thu Aug 06 20:30:48 2026] You begin casting Lightning Bolt.
[Thu Aug 06 20:30:53 2026] You begin casting Lightning Bolt.
[Thu Aug 06 20:30:58 2026] You begin casting Lightning Bolt.
[Thu Aug 06 20:31:02 2026] You begin casting Lightning Bolt.
[Thu Aug 06 20:31:06 2026] You begin casting Lightning Bolt.
[Thu Aug 06 20:31:10 2026] You begin casting Lightning Bolt.
[Thu Aug 06 20:31:14 2026] You begin casting Lightning Bolt.
[Thu Aug 06 20:31:18 2026] You begin casting Lightning Bolt.
[Thu Aug 06 20:31:22 2026] You begin casting Lightning Bolt.
[Thu Aug 06 20:31:26 2026] You begin casting Lightning Bolt.
[Thu Aug 06 20:31:57 2026] You begin casting Invisibility.
[Thu Aug 06 20:41:01 2026] You begin casting Lightning Bolt.
[Thu Aug 06 20:41:10 2026] You begin casting Lightning Bolt.
[Thu Aug 06 20:41:14 2026] You begin casting Lightning Bolt.
[Thu Aug 06 20:41:18 2026] You begin casting Lightning Bolt.
[Thu Aug 06 20:41:22 2026] You begin casting Lightning Bolt.
[Thu Aug 06 20:41:29 2026] You begin casting Lightning Bolt.
[Thu Aug 06 20:41:34 2026] You begin casting Lightning Bolt.
[Thu Aug 06 20:41:39 2026] You begin casting Lightning Bolt.
[Thu Aug 06 20:41:43 2026] You begin casting Lightning Bolt.
[Thu Aug 06 20:41:47 2026] You begin casting Lightning Bolt.
[Thu Aug 06 20:41:54 2026] You begin casting Lightning Bolt.
[Thu Aug 06 20:41:58 2026] You begin casting Lightning Bolt.
[Thu Aug 06 20:42:43 2026] You begin casting Lightning Bolt.
[Thu Aug 06 20:43:04 2026] You begin casting Lightning Bolt.
[Thu Aug 06 20:44:04 2026] You begin casting Lightning Bolt.
[Thu Aug 06 20:44:09 2026] You begin casting Lightning Bolt.
[Thu Aug 06 20:45:35 2026] You begin casting Lightning Bolt.
[Thu Aug 06 20:45:39 2026] You begin casting Lightning Bolt.
[Thu Aug 06 20:45:44 2026] You begin casting Lightning Bolt.
[Thu Aug 06 20:45:48 2026] You begin casting Lightning Bolt.
[Thu Aug 06 20:45:52 2026] You begin casting Lightning Bolt.
[Thu Aug 06 20:46:04 2026] You begin casting Lightning Bolt.
[Thu Aug 06 20:46:10 2026] You begin casting Lightning Bolt.
[Thu Aug 06 20:46:20 2026] You begin casting Lightning Bolt.
[Thu Aug 06 20:46:23 2026] You begin casting Lightning Bolt.
[Thu Aug 06 20:46:27 2026] You begin casting Lightning Bolt.
[Thu Aug 06 20:46:31 2026] You begin casting Lightning Bolt.
[Thu Aug 06 20:46:36 2026] You begin casting Lightning Bolt.
[Thu Aug 06 20:46:37 2026] You begin casting Lay on Hands IV.
[Thu Aug 06 20:46:40 2026] You begin casting Lightning Bolt.
[Thu Aug 06 20:46:52 2026] You begin casting Lightning Bolt.
[Thu Aug 06 20:46:53 2026] You have gained a level! Welcome to level 18!
[Thu Aug 06 20:46:58 2026] You begin casting Lightning Bolt.
[Thu Aug 06 20:47:02 2026] You begin casting Lightning Bolt.
[Thu Aug 06 20:47:06 2026] You begin casting Lightning Bolt.
[Thu Aug 06 20:47:10 2026] You begin casting Lightning Bolt.
[Thu Aug 06 20:47:14 2026] You begin casting Lightning Bolt.
[Thu Aug 06 20:47:19 2026] You begin casting Lightning Bolt.
[Thu Aug 06 20:47:23 2026] You begin casting Lightning Bolt.
[Thu Aug 06 20:47:28 2026] You begin casting Lightning Bolt.
[Thu Aug 06 20:48:17 2026] You begin casting Lightning Bolt.
[Thu Aug 06 20:48:22 2026] You begin casting Lightning Bolt.
[Thu Aug 06 20:48:27 2026] You begin casting Lightning Bolt.
[Thu Aug 06 20:48:33 2026] You begin casting Lightning Bolt.
[Thu Aug 06 20:48:37 2026] You begin casting Lightning Bolt.
[Thu Aug 06 20:48:41 2026] You begin casting Lightning Bolt.
[Thu Aug 06 20:48:45 2026] You begin casting Lightning Bolt.
[Thu Aug 06 20:48:52 2026] You begin casting Lightning Bolt.
[Thu Aug 06 20:48:56 2026] You begin casting Lightning Bolt.
[Thu Aug 06 20:49:00 2026] You begin casting Lightning Bolt.
[Thu Aug 06 20:49:05 2026] You begin casting Lightning Bolt.
[Thu Aug 06 20:49:10 2026] You begin casting Lightning Bolt.
[Thu Aug 06 20:49:14 2026] You begin casting Lightning Bolt.
[Thu Aug 06 20:49:18 2026] You begin casting Lightning Bolt.
[Thu Aug 06 20:49:22 2026] You begin casting Lightning Bolt.
[Thu Aug 06 20:49:27 2026] You begin casting Lightning Bolt.
[Thu Aug 06 20:49:31 2026] You begin casting Lightning Bolt.
[Thu Aug 06 20:49:38 2026] You begin casting Lightning Bolt.
[Thu Aug 06 20:49:42 2026] You begin casting Lightning Bolt.
[Thu Aug 06 20:49:47 2026] You begin casting Lightning Bolt.
[Thu Aug 06 20:49:51 2026] You begin casting Lightning Bolt.
[Thu Aug 06 20:50:08 2026] You begin casting Lightning Bolt.
[Thu Aug 06 20:50:12 2026] You begin casting Lightning Bolt.
[Thu Aug 06 20:50:16 2026] You begin casting Lightning Bolt.
[Thu Aug 06 20:50:20 2026] You begin casting Lightning Bolt.
[Thu Aug 06 20:50:24 2026] You begin casting Lightning Bolt.
[Thu Aug 06 20:50:28 2026] You begin casting Lightning Bolt.
[Thu Aug 06 20:50:36 2026] You begin casting Lightning Bolt.
[Thu Aug 06 20:50:45 2026] You begin casting Lightning Bolt.
[Thu Aug 06 20:50:49 2026] You begin casting Lightning Bolt.
[Thu Aug 06 20:50:59 2026] You begin casting Lightning Bolt.
[Thu Aug 06 20:51:03 2026] You begin casting Lightning Bolt.
[Thu Aug 06 20:51:07 2026] You begin casting Light Healing.
[Thu Aug 06 20:51:10 2026] You begin casting Lightning Bolt.
[Thu Aug 06 20:51:14 2026] You begin casting Light Healing.
[Thu Aug 06 20:51:55 2026] You begin casting Light Healing.
[Thu Aug 06 20:52:01 2026] You begin casting Lightning Bolt.
[Thu Aug 06 20:52:05 2026] You begin casting Lightning Bolt.
[Thu Aug 06 20:52:13 2026] You begin casting Lightning Bolt.
[Thu Aug 06 20:52:17 2026] You begin casting Lightning Bolt.
[Thu Aug 06 20:52:24 2026] You begin casting Light Healing.
[Thu Aug 06 20:55:47 2026] You begin casting Lightning Bolt.
[Thu Aug 06 20:55:52 2026] You begin casting Lightning Bolt.
[Thu Aug 06 20:55:55 2026] You begin casting Lightning Bolt.
[Thu Aug 06 20:55:59 2026] You begin casting Lightning Bolt.
[Thu Aug 06 20:56:05 2026] You begin casting Lightning Bolt.
[Thu Aug 06 20:56:09 2026] You begin casting Lightning Bolt.
[Thu Aug 06 20:56:13 2026] You begin casting Lightning Bolt.
[Thu Aug 06 20:56:19 2026] You begin casting Lightning Bolt.
[Thu Aug 06 20:56:24 2026] You begin casting Lightning Bolt.
[Thu Aug 06 20:56:29 2026] You begin casting Lightning Bolt.
[Thu Aug 06 20:56:35 2026] You begin casting Lightning Bolt.
[Thu Aug 06 20:56:38 2026] You begin casting Lightning Bolt.
[Thu Aug 06 20:56:43 2026] You begin casting Lightning Bolt.
[Thu Aug 06 20:56:47 2026] You begin casting Lightning Bolt.
[Thu Aug 06 20:56:51 2026] You begin casting Lightning Bolt.
[Thu Aug 06 20:56:55 2026] You begin casting Lightning Bolt.
[Thu Aug 06 20:56:59 2026] You begin casting Lightning Bolt.
[Thu Aug 06 20:57:03 2026] You begin casting Lightning Bolt.
[Thu Aug 06 20:57:07 2026] You begin casting Lightning Bolt.
[Thu Aug 06 20:57:17 2026] You begin casting Lightning Bolt.
[Thu Aug 06 20:57:21 2026] You begin casting Lightning Bolt.
[Thu Aug 06 20:57:27 2026] You begin casting Lightning Bolt.
[Thu Aug 06 20:57:32 2026] You begin casting Lightning Bolt.
[Thu Aug 06 20:57:44 2026] You begin casting Lightning Bolt.
[Thu Aug 06 20:57:48 2026] You begin casting Lightning Bolt.
[Thu Aug 06 20:57:57 2026] You begin casting Lightning Bolt.
[Thu Aug 06 20:57:59 2026] You begin casting Lightning Bolt.
[Thu Aug 06 20:58:06 2026] You begin casting Lightning Bolt.
[Thu Aug 06 20:58:08 2026] You begin casting Lay on Hands IV.
[Thu Aug 06 20:58:11 2026] You begin casting Lightning Bolt.
[Thu Aug 06 20:58:16 2026] You begin casting Lightning Bolt.
[Thu Aug 06 20:58:20 2026] You begin casting Lightning Bolt.
[Thu Aug 06 20:58:33 2026] You begin casting Lightning Bolt.
[Thu Aug 06 20:58:39 2026] You begin casting Lightning Bolt.
[Thu Aug 06 20:58:49 2026] You begin casting Lightning Bolt.
[Thu Aug 06 20:58:55 2026] You begin casting Lightning Bolt.
[Thu Aug 06 20:59:01 2026] You begin casting Lightning Bolt.
[Thu Aug 06 20:59:10 2026] You begin casting Lightning Bolt.
[Thu Aug 06 20:59:14 2026] You begin casting Lightning Bolt.
[Thu Aug 06 20:59:18 2026] You begin casting Lightning Bolt.
[Thu Aug 06 20:59:22 2026] You begin casting Lightning Bolt.
[Thu Aug 06 20:59:26 2026] You begin casting Lightning Bolt.
[Thu Aug 06 20:59:32 2026] You begin casting Lightning Bolt.
[Thu Aug 06 20:59:36 2026] You begin casting Lightning Bolt.
[Thu Aug 06 20:59:42 2026] You begin casting Lightning Bolt.
[Thu Aug 06 20:59:46 2026] You begin casting Lightning Bolt.
[Thu Aug 06 20:59:47 2026] You have gained a level! Welcome to level 19!
[Thu Aug 06 20:59:51 2026] You begin casting Lightning Bolt.
[Thu Aug 06 20:59:55 2026] You begin casting Lightning Bolt.
[Thu Aug 06 21:00:02 2026] You begin casting Lightning Bolt.
[Thu Aug 06 21:00:09 2026] You begin casting Lightning Bolt.
[Thu Aug 06 21:01:13 2026] You begin casting Garrison's Mighty Mana Shock.
[Thu Aug 06 21:01:19 2026] You begin casting Garrison's Mighty Mana Shock.
[Thu Aug 06 21:01:23 2026] You begin casting Garrison's Mighty Mana Shock.
[Thu Aug 06 21:01:28 2026] You begin casting Garrison's Mighty Mana Shock.
[Thu Aug 06 21:01:37 2026] You begin casting Garrison's Mighty Mana Shock.
[Thu Aug 06 21:01:41 2026] You begin casting Garrison's Mighty Mana Shock.
[Thu Aug 06 21:01:45 2026] You begin casting Garrison's Mighty Mana Shock.
[Thu Aug 06 21:01:50 2026] You begin casting Garrison's Mighty Mana Shock.
[Thu Aug 06 21:02:18 2026] You begin casting Garrison's Mighty Mana Shock.
[Thu Aug 06 21:02:22 2026] You begin casting Garrison's Mighty Mana Shock.
[Thu Aug 06 21:02:33 2026] You begin casting Garrison's Mighty Mana Shock.
[Thu Aug 06 21:02:37 2026] You begin casting Garrison's Mighty Mana Shock.
[Thu Aug 06 21:02:42 2026] You begin casting Garrison's Mighty Mana Shock.
[Thu Aug 06 21:02:49 2026] You begin casting Garrison's Mighty Mana Shock.
[Thu Aug 06 21:02:53 2026] You begin casting Garrison's Mighty Mana Shock.
[Thu Aug 06 21:02:57 2026] You begin reciting the recovery invocation.
[Thu Aug 06 21:03:56 2026] You begin reciting the inversion invocation.
[Thu Aug 06 21:03:56 2026] You begin casting Garrison's Mighty Mana Shock.
[Thu Aug 06 21:04:00 2026] You begin casting Garrison's Mighty Mana Shock.
[Thu Aug 06 21:04:04 2026] You begin casting Garrison's Mighty Mana Shock.
[Thu Aug 06 21:04:08 2026] You begin reciting the recovery invocation.
[Thu Aug 06 21:04:46 2026] You assume a balanced stance.
[Thu Aug 06 21:05:44 2026] You begin casting Garrison's Mighty Mana Shock.
[Thu Aug 06 21:06:09 2026] You begin reciting the inversion invocation.
[Thu Aug 06 21:06:09 2026] You begin casting Garrison's Mighty Mana Shock.
[Thu Aug 06 21:06:17 2026] You begin casting Garrison's Mighty Mana Shock.
[Thu Aug 06 21:06:24 2026] You begin casting Garrison's Mighty Mana Shock.
[Thu Aug 06 21:06:29 2026] You begin casting Garrison's Mighty Mana Shock.
[Thu Aug 06 21:06:33 2026] You begin casting Garrison's Mighty Mana Shock.
[Thu Aug 06 21:06:37 2026] You begin casting Garrison's Mighty Mana Shock.
[Thu Aug 06 21:06:39 2026] You begin reciting the recovery invocation.
[Thu Aug 06 21:07:20 2026] You begin casting Lay on Hands IV.
[Thu Aug 06 21:07:32 2026] You assume an offensive stance.
[Thu Aug 06 21:08:54 2026] You begin reciting the inversion invocation.
[Thu Aug 06 21:08:55 2026] You begin casting Garrison's Mighty Mana Shock.
[Thu Aug 06 21:08:59 2026] You begin casting Garrison's Mighty Mana Shock.
[Thu Aug 06 21:09:03 2026] You begin casting Garrison's Mighty Mana Shock.
[Thu Aug 06 21:09:07 2026] You begin casting Garrison's Mighty Mana Shock.
[Thu Aug 06 21:09:11 2026] You begin casting Garrison's Mighty Mana Shock.
[Thu Aug 06 21:09:36 2026] You begin casting Garrison's Mighty Mana Shock.
[Thu Aug 06 21:09:42 2026] You begin casting Garrison's Mighty Mana Shock.
[Thu Aug 06 21:09:46 2026] You begin casting Garrison's Mighty Mana Shock.
[Thu Aug 06 21:09:50 2026] You begin casting Garrison's Mighty Mana Shock.
[Thu Aug 06 21:11:28 2026] You begin casting Garrison's Mighty Mana Shock.
[Thu Aug 06 21:11:32 2026] You begin casting Garrison's Mighty Mana Shock.
[Thu Aug 06 21:11:36 2026] You begin casting Garrison's Mighty Mana Shock.
[Thu Aug 06 21:11:41 2026] You have gained a level! Welcome to level 20!
[Thu Aug 06 21:11:41 2026] You have become better at Tracking! (1)
[Thu Aug 06 21:11:53 2026] You begin casting Garrison's Mighty Mana Shock.
[Thu Aug 06 21:11:58 2026] You begin casting Garrison's Mighty Mana Shock.
[Thu Aug 06 21:12:02 2026] You begin casting Garrison's Mighty Mana Shock.
[Thu Aug 06 21:12:10 2026] You begin casting Garrison's Mighty Mana Shock.
[Thu Aug 06 21:12:33 2026] You begin casting Garrison's Mighty Mana Shock.
[Thu Aug 06 21:12:37 2026] You begin casting Garrison's Mighty Mana Shock.
[Thu Aug 06 21:12:41 2026] You begin casting Garrison's Mighty Mana Shock.
[Thu Aug 06 21:12:52 2026] You begin casting Garrison's Mighty Mana Shock.
[Thu Aug 06 21:13:05 2026] You begin casting Garrison's Mighty Mana Shock.
[Thu Aug 06 21:13:09 2026] You begin casting Garrison's Mighty Mana Shock.
[Thu Aug 06 21:13:21 2026] You begin casting Garrison's Mighty Mana Shock.
[Thu Aug 06 21:13:27 2026] You begin casting Garrison's Mighty Mana Shock.
[Thu Aug 06 21:13:32 2026] You begin casting Garrison's Mighty Mana Shock.
[Thu Aug 06 21:13:35 2026] You begin casting Garrison's Mighty Mana Shock.
[Thu Aug 06 21:13:42 2026] You begin casting Garrison's Mighty Mana Shock.
[Thu Aug 06 21:13:46 2026] You begin casting Garrison's Mighty Mana Shock.
[Thu Aug 06 21:13:50 2026] You begin casting Garrison's Mighty Mana Shock.
[Thu Aug 06 21:13:54 2026] You begin casting Garrison's Mighty Mana Shock.
[Thu Aug 06 21:13:59 2026] You begin casting Garrison's Mighty Mana Shock.
[Thu Aug 06 21:14:03 2026] You begin casting Garrison's Mighty Mana Shock.
[Thu Aug 06 21:14:42 2026] You begin casting Garrison's Mighty Mana Shock.
[Thu Aug 06 21:14:46 2026] You begin casting Garrison's Mighty Mana Shock.
[Thu Aug 06 21:14:50 2026] You begin casting Garrison's Mighty Mana Shock.
[Thu Aug 06 21:15:04 2026] You begin casting Garrison's Mighty Mana Shock.
[Thu Aug 06 21:15:08 2026] You begin casting Lay on Hands IV.
[Thu Aug 06 21:15:14 2026] You begin casting Garrison's Mighty Mana Shock.
[Thu Aug 06 21:15:20 2026] You begin casting Pillage Enchantment.
[Thu Aug 06 21:15:31 2026] You begin casting Garrison's Mighty Mana Shock.
[Thu Aug 06 21:15:35 2026] You begin casting Garrison's Mighty Mana Shock.
[Thu Aug 06 21:15:40 2026] You begin casting Garrison's Mighty Mana Shock.
[Thu Aug 06 21:15:45 2026] You begin casting Garrison's Mighty Mana Shock.
[Thu Aug 06 21:15:58 2026] You begin casting Garrison's Mighty Mana Shock.
[Thu Aug 06 21:19:19 2026] You begin casting Garrison's Mighty Mana Shock.
[Thu Aug 06 21:19:23 2026] You begin casting Garrison's Mighty Mana Shock.
[Thu Aug 06 21:19:27 2026] You begin casting Garrison's Mighty Mana Shock.
[Thu Aug 06 21:19:32 2026] You begin casting Garrison's Mighty Mana Shock.
[Thu Aug 06 21:19:46 2026] You begin casting Garrison's Mighty Mana Shock.
[Thu Aug 06 21:19:50 2026] You begin casting Garrison's Mighty Mana Shock.
[Thu Aug 06 21:19:55 2026] You begin casting Garrison's Mighty Mana Shock.
[Thu Aug 06 21:19:59 2026] You begin casting Garrison's Mighty Mana Shock.
[Thu Aug 06 21:20:08 2026] You begin casting Garrison's Mighty Mana Shock.
[Thu Aug 06 21:20:17 2026] You begin casting Garrison's Mighty Mana Shock.
[Thu Aug 06 21:20:21 2026] You begin casting Garrison's Mighty Mana Shock.
[Thu Aug 06 21:20:27 2026] You begin casting Garrison's Mighty Mana Shock.
[Thu Aug 06 21:20:39 2026] You begin casting Garrison's Mighty Mana Shock.
[Thu Aug 06 21:20:50 2026] You begin casting Garrison's Mighty Mana Shock.
[Thu Aug 06 21:21:12 2026] You begin casting Garrison's Mighty Mana Shock.
[Thu Aug 06 21:21:23 2026] You begin casting Garrison's Mighty Mana Shock.
[Thu Aug 06 21:21:30 2026] You begin casting Garrison's Mighty Mana Shock.
[Thu Aug 06 21:22:31 2026] You begin casting Bottle of Alternate Adventure.
[Thu Aug 06 21:22:40 2026] You begin casting Garrison's Mighty Mana Shock.
[Thu Aug 06 21:22:44 2026] You begin casting Garrison's Mighty Mana Shock.
[Thu Aug 06 21:22:48 2026] You begin casting Garrison's Mighty Mana Shock.
[Thu Aug 06 21:22:52 2026] You begin casting Garrison's Mighty Mana Shock.
[Thu Aug 06 21:23:03 2026] You begin casting Garrison's Mighty Mana Shock.
[Thu Aug 06 21:23:10 2026] You begin casting Garrison's Mighty Mana Shock.
[Thu Aug 06 21:23:16 2026] You begin casting Garrison's Mighty Mana Shock.
[Thu Aug 06 21:23:22 2026] You begin casting Garrison's Mighty Mana Shock.
[Thu Aug 06 21:23:27 2026] You begin casting Garrison's Mighty Mana Shock.
[Thu Aug 06 21:23:32 2026] You begin casting Garrison's Mighty Mana Shock.
[Thu Aug 06 21:23:40 2026] You begin casting Garrison's Mighty Mana Shock.
[Thu Aug 06 21:23:41 2026] You have gained a level! Welcome to level 21!
[Thu Aug 06 21:23:44 2026] You begin casting Garrison's Mighty Mana Shock.
[Thu Aug 06 21:23:57 2026] You begin casting Garrison's Mighty Mana Shock.
[Thu Aug 06 21:25:26 2026] You begin casting Garrison's Mighty Mana Shock.
[Thu Aug 06 21:25:30 2026] You begin casting Garrison's Mighty Mana Shock.
[Thu Aug 06 21:25:42 2026] You begin casting Garrison's Mighty Mana Shock.
[Thu Aug 06 21:25:46 2026] You begin casting Garrison's Mighty Mana Shock.
[Thu Aug 06 21:26:01 2026] You begin casting Garrison's Mighty Mana Shock.
[Thu Aug 06 21:26:05 2026] You begin casting Garrison's Mighty Mana Shock.
[Thu Aug 06 21:26:11 2026] You begin casting Garrison's Mighty Mana Shock.
[Thu Aug 06 21:26:15 2026] You begin casting Garrison's Mighty Mana Shock.
[Thu Aug 06 21:26:19 2026] You begin casting Garrison's Mighty Mana Shock.
[Thu Aug 06 21:26:26 2026] You begin casting Garrison's Mighty Mana Shock.
[Thu Aug 06 21:26:31 2026] You begin casting Garrison's Mighty Mana Shock.
[Thu Aug 06 21:26:34 2026] You begin casting Garrison's Mighty Mana Shock.
[Thu Aug 06 21:26:43 2026] You begin casting Lay on Hands V.
[Thu Aug 06 21:26:48 2026] You begin casting Garrison's Mighty Mana Shock.
[Thu Aug 06 21:26:53 2026] You begin casting Garrison's Mighty Mana Shock.
[Thu Aug 06 21:26:57 2026] You begin casting Garrison's Mighty Mana Shock.
[Thu Aug 06 21:27:01 2026] You begin casting Garrison's Mighty Mana Shock.
[Thu Aug 06 21:27:12 2026] You begin casting Garrison's Mighty Mana Shock.
[Thu Aug 06 21:27:22 2026] You begin casting Garrison's Mighty Mana Shock.
[Thu Aug 06 21:27:28 2026] You begin casting Garrison's Mighty Mana Shock.
[Thu Aug 06 21:27:32 2026] You begin casting Garrison's Mighty Mana Shock.
[Thu Aug 06 21:27:51 2026] You begin casting Garrison's Mighty Mana Shock.
[Thu Aug 06 21:27:55 2026] You begin casting Garrison's Mighty Mana Shock.
[Thu Aug 06 21:28:04 2026] You begin casting Garrison's Mighty Mana Shock.
[Thu Aug 06 21:28:16 2026] You begin casting Garrison's Mighty Mana Shock.
[Thu Aug 06 21:28:20 2026] You begin casting Garrison's Mighty Mana Shock.
[Thu Aug 06 21:28:24 2026] You begin casting Garrison's Mighty Mana Shock.
[Thu Aug 06 21:28:25 2026] You begin casting Garrison's Mighty Mana Shock.
[Thu Aug 06 21:29:12 2026] You begin casting Garrison's Mighty Mana Shock.
[Thu Aug 06 21:29:17 2026] You begin casting Garrison's Mighty Mana Shock.
[Thu Aug 06 21:29:21 2026] You begin casting Garrison's Mighty Mana Shock.
[Thu Aug 06 21:29:25 2026] You begin casting Garrison's Mighty Mana Shock.
[Thu Aug 06 21:29:29 2026] You begin casting Garrison's Mighty Mana Shock.
[Thu Aug 06 21:29:33 2026] You begin casting Garrison's Mighty Mana Shock.
[Thu Aug 06 21:29:48 2026] You begin casting Garrison's Mighty Mana Shock.
[Thu Aug 06 21:29:52 2026] You begin casting Garrison's Mighty Mana Shock.
[Thu Aug 06 21:29:56 2026] You begin casting Garrison's Mighty Mana Shock.
[Thu Aug 06 21:30:00 2026] You begin casting Garrison's Mighty Mana Shock.
[Thu Aug 06 21:30:07 2026] You begin reciting the recovery invocation.
[Thu Aug 06 21:35:54 2026] You begin casting Garrison's Mighty Mana Shock.
[Thu Aug 06 21:35:57 2026] You begin reciting the inversion invocation.
[Thu Aug 06 21:35:59 2026] You begin casting Garrison's Mighty Mana Shock.
[Thu Aug 06 21:36:06 2026] You begin casting Garrison's Mighty Mana Shock.
[Thu Aug 06 21:36:10 2026] You begin casting Garrison's Mighty Mana Shock.
[Thu Aug 06 21:36:14 2026] You begin casting Garrison's Mighty Mana Shock.
[Thu Aug 06 21:36:18 2026] You begin casting Garrison's Mighty Mana Shock.
[Thu Aug 06 21:36:26 2026] You begin casting Garrison's Mighty Mana Shock.
[Thu Aug 06 21:36:46 2026] You begin casting Garrison's Mighty Mana Shock.
[Thu Aug 06 21:36:55 2026] You begin casting Garrison's Mighty Mana Shock.
[Thu Aug 06 21:36:59 2026] You begin casting Garrison's Mighty Mana Shock.
[Thu Aug 06 21:37:03 2026] You begin casting Garrison's Mighty Mana Shock.
[Thu Aug 06 21:37:21 2026] You begin casting Garrison's Mighty Mana Shock.
[Thu Aug 06 21:37:25 2026] You begin casting Garrison's Mighty Mana Shock.
[Thu Aug 06 21:37:30 2026] You begin casting Garrison's Mighty Mana Shock.
[Thu Aug 06 21:37:34 2026] You begin casting Garrison's Mighty Mana Shock.
[Thu Aug 06 21:37:37 2026] You begin casting Garrison's Mighty Mana Shock.
[Thu Aug 06 21:37:41 2026] You begin casting Garrison's Mighty Mana Shock.
[Thu Aug 06 21:37:50 2026] You begin casting Garrison's Mighty Mana Shock.
[Thu Aug 06 21:37:50 2026] You have gained a level! Welcome to level 22!
[Thu Aug 06 21:37:57 2026] You begin casting Garrison's Mighty Mana Shock.
[Thu Aug 06 21:38:02 2026] You begin casting Garrison's Mighty Mana Shock.
[Thu Aug 06 21:38:07 2026] You begin casting Garrison's Mighty Mana Shock.
[Thu Aug 06 21:38:11 2026] You begin casting Garrison's Mighty Mana Shock.
[Thu Aug 06 21:38:27 2026] You begin casting Garrison's Mighty Mana Shock.
[Thu Aug 06 21:38:32 2026] You begin casting Garrison's Mighty Mana Shock.
[Thu Aug 06 21:38:36 2026] You begin casting Garrison's Mighty Mana Shock.
[Thu Aug 06 21:38:40 2026] You begin casting Garrison's Mighty Mana Shock.
[Thu Aug 06 21:38:54 2026] You begin casting Garrison's Mighty Mana Shock.
[Thu Aug 06 21:40:06 2026] You begin casting Garrison's Mighty Mana Shock.
[Thu Aug 06 21:40:16 2026] You begin casting Garrison's Mighty Mana Shock.
[Thu Aug 06 21:40:20 2026] You begin casting Garrison's Mighty Mana Shock.
[Thu Aug 06 21:40:35 2026] You begin casting Garrison's Mighty Mana Shock.
[Thu Aug 06 21:40:38 2026] You begin casting Garrison's Mighty Mana Shock.
[Thu Aug 06 21:40:42 2026] You begin casting Garrison's Mighty Mana Shock.
[Thu Aug 06 21:40:53 2026] You begin casting Garrison's Mighty Mana Shock.
[Thu Aug 06 21:41:01 2026] You begin casting Garrison's Mighty Mana Shock.
[Thu Aug 06 21:41:24 2026] You begin casting Garrison's Mighty Mana Shock.
[Thu Aug 06 21:41:28 2026] You begin casting Garrison's Mighty Mana Shock.
[Thu Aug 06 21:41:34 2026] You begin casting Garrison's Mighty Mana Shock.
[Thu Aug 06 21:41:37 2026] You begin casting Garrison's Mighty Mana Shock.
[Thu Aug 06 21:41:42 2026] You begin casting Garrison's Mighty Mana Shock.
[Thu Aug 06 21:41:46 2026] You begin casting Garrison's Mighty Mana Shock.
[Thu Aug 06 21:41:58 2026] You begin casting Garrison's Mighty Mana Shock.
[Thu Aug 06 21:42:11 2026] You begin casting Garrison's Mighty Mana Shock.
[Thu Aug 06 21:42:20 2026] You begin casting Garrison's Mighty Mana Shock.
[Thu Aug 06 21:42:24 2026] You begin casting Garrison's Mighty Mana Shock.
[Thu Aug 06 21:42:46 2026] You begin casting Garrison's Mighty Mana Shock.
[Thu Aug 06 21:42:50 2026] You begin casting Garrison's Mighty Mana Shock.
[Thu Aug 06 21:42:59 2026] You begin casting Garrison's Mighty Mana Shock.
[Thu Aug 06 21:43:13 2026] You begin casting Garrison's Mighty Mana Shock.
[Thu Aug 06 21:43:20 2026] You begin casting Garrison's Mighty Mana Shock.
[Thu Aug 06 21:43:24 2026] You begin casting Garrison's Mighty Mana Shock.
[Thu Aug 06 21:43:25 2026] You begin casting Lay on Hands V.
[Thu Aug 06 21:43:33 2026] You begin reciting the recovery invocation.
[Thu Aug 06 21:44:59 2026] You assume a balanced stance.
[Thu Aug 06 21:46:11 2026] You begin reciting the inversion invocation.
[Thu Aug 06 21:46:12 2026] You begin casting Garrison's Mighty Mana Shock.
[Thu Aug 06 21:46:20 2026] You begin casting Garrison's Mighty Mana Shock.
[Thu Aug 06 21:46:24 2026] You begin casting Garrison's Mighty Mana Shock.
[Thu Aug 06 21:46:47 2026] You begin casting Garrison's Mighty Mana Shock.
[Thu Aug 06 21:47:01 2026] You begin casting Garrison's Mighty Mana Shock.
[Thu Aug 06 21:47:13 2026] You begin casting Garrison's Mighty Mana Shock.
[Thu Aug 06 21:47:18 2026] You begin casting Garrison's Mighty Mana Shock.
[Thu Aug 06 21:48:04 2026] You begin casting Garrison's Mighty Mana Shock.
[Thu Aug 06 21:48:08 2026] You begin casting Garrison's Mighty Mana Shock.
[Thu Aug 06 21:48:16 2026] You begin casting Garrison's Mighty Mana Shock.
[Thu Aug 06 21:48:20 2026] You begin casting Garrison's Mighty Mana Shock.
[Thu Aug 06 21:48:24 2026] You begin casting Garrison's Mighty Mana Shock.
[Thu Aug 06 21:48:44 2026] You begin casting Garrison's Mighty Mana Shock.
[Thu Aug 06 21:48:48 2026] You begin casting Garrison's Mighty Mana Shock.
[Thu Aug 06 21:48:59 2026] You begin casting Garrison's Mighty Mana Shock.
[Thu Aug 06 21:49:06 2026] You begin casting Garrison's Mighty Mana Shock.
[Thu Aug 06 21:49:10 2026] You begin casting Garrison's Mighty Mana Shock.
[Thu Aug 06 21:49:14 2026] You begin casting Garrison's Mighty Mana Shock.
[Thu Aug 06 21:49:15 2026] You begin casting Lay on Hands V.
[Thu Aug 06 21:49:24 2026] You begin casting Garrison's Mighty Mana Shock.
[Thu Aug 06 21:49:44 2026] You begin casting Garrison's Mighty Mana Shock.
[Thu Aug 06 21:49:54 2026] You begin casting Garrison's Mighty Mana Shock.
[Thu Aug 06 21:50:01 2026] You begin casting Garrison's Mighty Mana Shock.
[Thu Aug 06 21:50:07 2026] You begin casting Garrison's Mighty Mana Shock.
[Thu Aug 06 21:50:24 2026] You begin casting Garrison's Mighty Mana Shock.
[Thu Aug 06 21:50:31 2026] You begin reciting the recovery invocation.
[Thu Aug 06 21:50:34 2026] You assume an offensive stance.
[Thu Aug 06 21:51:57 2026] You begin casting Garrison's Mighty Mana Shock.
[Thu Aug 06 21:52:00 2026] You begin reciting the inversion invocation.
[Thu Aug 06 21:52:01 2026] You begin casting Garrison's Mighty Mana Shock.
[Thu Aug 06 21:52:06 2026] You begin casting Garrison's Mighty Mana Shock.
[Thu Aug 06 21:52:10 2026] You begin casting Garrison's Mighty Mana Shock.
[Thu Aug 06 21:52:16 2026] You begin casting Garrison's Mighty Mana Shock.
[Thu Aug 06 21:52:24 2026] You begin casting Garrison's Mighty Mana Shock.
[Thu Aug 06 21:52:28 2026] You begin casting Garrison's Mighty Mana Shock.
[Thu Aug 06 21:52:34 2026] You begin casting Garrison's Mighty Mana Shock.
[Thu Aug 06 21:52:46 2026] You begin casting Garrison's Mighty Mana Shock.
[Thu Aug 06 21:52:53 2026] You have gained a level! Welcome to level 23!
[Thu Aug 06 21:52:55 2026] You begin casting Garrison's Mighty Mana Shock.
[Thu Aug 06 21:53:08 2026] You begin casting Garrison's Mighty Mana Shock.
[Thu Aug 06 21:53:25 2026] You begin casting Garrison's Mighty Mana Shock.
[Thu Aug 06 21:53:33 2026] You begin casting Garrison's Mighty Mana Shock.
[Thu Aug 06 21:54:07 2026] You begin casting Garrison's Mighty Mana Shock.
[Thu Aug 06 21:54:12 2026] You begin casting Garrison's Mighty Mana Shock.
[Thu Aug 06 21:54:16 2026] You begin casting Garrison's Mighty Mana Shock.
[Thu Aug 06 21:54:24 2026] You begin casting Garrison's Mighty Mana Shock.
[Thu Aug 06 21:54:35 2026] You begin casting Garrison's Mighty Mana Shock.
[Thu Aug 06 21:54:46 2026] You begin casting Garrison's Mighty Mana Shock.
[Thu Aug 06 21:54:47 2026] You begin casting Lay on Hands V.
[Thu Aug 06 21:54:59 2026] You begin reciting the recovery invocation.
[Thu Aug 06 21:57:35 2026] You begin casting Garrison's Mighty Mana Shock.
[Thu Aug 06 21:57:44 2026] You begin reciting the inversion invocation.
[Thu Aug 06 21:57:47 2026] You begin casting Garrison's Mighty Mana Shock.
[Thu Aug 06 21:57:54 2026] You begin casting Garrison's Mighty Mana Shock.
[Thu Aug 06 21:57:59 2026] You begin casting Garrison's Mighty Mana Shock.
[Thu Aug 06 21:58:03 2026] You begin casting Garrison's Mighty Mana Shock.
[Thu Aug 06 21:58:09 2026] You begin casting Garrison's Mighty Mana Shock.
[Thu Aug 06 21:58:20 2026] You begin casting Garrison's Mighty Mana Shock.
[Thu Aug 06 21:58:24 2026] You begin casting Garrison's Mighty Mana Shock.
[Thu Aug 06 21:58:28 2026] You begin casting Garrison's Mighty Mana Shock.
[Thu Aug 06 21:58:33 2026] You begin casting Garrison's Mighty Mana Shock.
[Thu Aug 06 21:58:53 2026] You begin casting Garrison's Mighty Mana Shock.
[Thu Aug 06 21:58:57 2026] You begin casting Garrison's Mighty Mana Shock.
[Thu Aug 06 21:59:01 2026] You begin casting Garrison's Mighty Mana Shock.
[Thu Aug 06 21:59:05 2026] You begin casting Garrison's Mighty Mana Shock.
[Thu Aug 06 21:59:18 2026] You begin casting Garrison's Mighty Mana Shock.
[Thu Aug 06 21:59:36 2026] You begin casting Garrison's Mighty Mana Shock.
[Thu Aug 06 21:59:40 2026] You begin casting Garrison's Mighty Mana Shock.
[Thu Aug 06 22:00:00 2026] You begin casting Garrison's Mighty Mana Shock.
[Thu Aug 06 22:00:01 2026] You begin casting Lay on Hands V.
[Thu Aug 06 22:00:10 2026] You begin casting Garrison's Mighty Mana Shock.
[Thu Aug 06 22:00:14 2026] You begin casting Garrison's Mighty Mana Shock.
[Thu Aug 06 22:00:24 2026] You begin casting Garrison's Mighty Mana Shock.
[Thu Aug 06 22:00:55 2026] You begin casting Garrison's Mighty Mana Shock.
[Thu Aug 06 22:00:59 2026] You begin casting Garrison's Mighty Mana Shock.
[Thu Aug 06 22:01:04 2026] You begin casting Garrison's Mighty Mana Shock.
[Thu Aug 06 22:01:08 2026] You begin casting Garrison's Mighty Mana Shock.
[Thu Aug 06 22:01:18 2026] You assume a balanced stance.
[Thu Aug 06 22:02:40 2026] You begin casting Garrison's Mighty Mana Shock.
[Thu Aug 06 22:02:53 2026] You begin reciting the recovery invocation.
[Thu Aug 06 22:03:21 2026] You begin reciting the inversion invocation.
[Thu Aug 06 22:03:22 2026] You begin casting Garrison's Mighty Mana Shock.
[Thu Aug 06 22:03:26 2026] You begin casting Garrison's Mighty Mana Shock.
[Thu Aug 06 22:03:38 2026] You begin casting Garrison's Mighty Mana Shock.
[Thu Aug 06 22:03:52 2026] You begin casting Garrison's Mighty Mana Shock.
[Thu Aug 06 22:04:26 2026] You begin casting Garrison's Mighty Mana Shock.
[Thu Aug 06 22:04:32 2026] You begin casting Garrison's Mighty Mana Shock.
[Thu Aug 06 22:04:42 2026] You begin reciting the recovery invocation.
[Thu Aug 06 22:07:07 2026] You begin reciting the inversion invocation.
[Thu Aug 06 22:07:08 2026] You begin casting Garrison's Mighty Mana Shock.
[Thu Aug 06 22:07:09 2026] You begin casting Lay on Hands V.
[Thu Aug 06 22:07:28 2026] You have gained a level! Welcome to level 24!
[Thu Aug 06 22:07:44 2026] You begin casting Garrison's Mighty Mana Shock.
[Thu Aug 06 22:07:49 2026] You begin casting Garrison's Mighty Mana Shock.
[Thu Aug 06 22:08:25 2026] You begin casting Garrison's Mighty Mana Shock.
[Thu Aug 06 22:08:29 2026] You begin casting Garrison's Mighty Mana Shock.
[Thu Aug 06 22:08:33 2026] You begin casting Garrison's Mighty Mana Shock.
[Thu Aug 06 22:08:39 2026] You begin casting Garrison's Mighty Mana Shock.
[Thu Aug 06 22:09:21 2026] You begin casting Garrison's Mighty Mana Shock.
[Thu Aug 06 22:10:44 2026] You begin casting Garrison's Mighty Mana Shock.
[Thu Aug 06 22:10:50 2026] You begin casting Garrison's Mighty Mana Shock.
[Thu Aug 06 22:11:17 2026] You begin casting Garrison's Mighty Mana Shock.
[Thu Aug 06 22:11:32 2026] You begin casting Garrison's Mighty Mana Shock.
[Thu Aug 06 22:11:41 2026] You begin casting Garrison's Mighty Mana Shock.
[Thu Aug 06 22:11:45 2026] You begin casting Garrison's Mighty Mana Shock.
[Thu Aug 06 22:11:59 2026] You begin casting Garrison's Mighty Mana Shock.
[Thu Aug 06 22:12:03 2026] You begin casting Garrison's Mighty Mana Shock.
[Thu Aug 06 22:12:18 2026] You begin casting Garrison's Mighty Mana Shock.
[Thu Aug 06 22:12:22 2026] You begin casting Garrison's Mighty Mana Shock.
[Thu Aug 06 22:12:26 2026] You begin casting Garrison's Mighty Mana Shock.
[Thu Aug 06 22:12:30 2026] You begin casting Garrison's Mighty Mana Shock.
[Thu Aug 06 22:12:40 2026] You begin casting Garrison's Mighty Mana Shock.
[Thu Aug 06 22:12:44 2026] You begin casting Garrison's Mighty Mana Shock.
[Thu Aug 06 22:12:48 2026] You begin casting Healing I.
[Thu Aug 06 22:14:48 2026] You begin casting Garrison's Mighty Mana Shock.
[Thu Aug 06 22:14:52 2026] You begin casting Garrison's Mighty Mana Shock.
[Thu Aug 06 22:14:56 2026] You begin casting Garrison's Mighty Mana Shock.
[Thu Aug 06 22:15:00 2026] You begin casting Garrison's Mighty Mana Shock.
[Thu Aug 06 22:15:14 2026] You begin casting Garrison's Mighty Mana Shock.
[Thu Aug 06 22:15:25 2026] You begin casting Garrison's Mighty Mana Shock.
[Thu Aug 06 22:15:31 2026] You begin casting Garrison's Mighty Mana Shock.
[Thu Aug 06 22:15:36 2026] You begin casting Garrison's Mighty Mana Shock.
[Thu Aug 06 22:15:49 2026] You begin casting Garrison's Mighty Mana Shock.
[Thu Aug 06 22:16:00 2026] You begin casting Garrison's Mighty Mana Shock.
[Thu Aug 06 22:16:05 2026] You begin casting Garrison's Mighty Mana Shock.
[Thu Aug 06 22:17:15 2026] You begin casting Garrison's Mighty Mana Shock.
[Thu Aug 06 22:17:19 2026] You begin casting Garrison's Mighty Mana Shock.
[Thu Aug 06 22:17:30 2026] You begin casting Garrison's Mighty Mana Shock.
[Thu Aug 06 22:17:35 2026] You begin casting Garrison's Mighty Mana Shock.
[Thu Aug 06 22:17:41 2026] You begin casting Garrison's Mighty Mana Shock.
[Thu Aug 06 22:17:46 2026] You begin casting Garrison's Mighty Mana Shock.
[Thu Aug 06 22:17:51 2026] You begin casting Garrison's Mighty Mana Shock.
[Thu Aug 06 22:17:55 2026] You begin casting Garrison's Mighty Mana Shock.
[Thu Aug 06 22:18:02 2026] You begin casting Garrison's Mighty Mana Shock.
[Thu Aug 06 22:18:04 2026] You begin casting Garrison's Mighty Mana Shock.
[Thu Aug 06 22:18:08 2026] You begin casting Garrison's Mighty Mana Shock.
[Thu Aug 06 22:18:21 2026] You begin casting Garrison's Mighty Mana Shock.
[Thu Aug 06 22:18:26 2026] You begin casting Garrison's Mighty Mana Shock.
[Thu Aug 06 22:18:30 2026] You begin casting Garrison's Mighty Mana Shock.
[Thu Aug 06 22:18:36 2026] You begin casting Garrison's Mighty Mana Shock.
[Thu Aug 06 22:18:40 2026] You begin casting Garrison's Mighty Mana Shock.
[Thu Aug 06 22:18:44 2026] You begin casting Garrison's Mighty Mana Shock.
[Thu Aug 06 22:18:48 2026] You begin casting Garrison's Mighty Mana Shock.
[Thu Aug 06 22:18:52 2026] You begin casting Healing I.
[Thu Aug 06 22:18:59 2026] You begin casting Garrison's Mighty Mana Shock.
[Thu Aug 06 22:19:03 2026] You begin casting Garrison's Mighty Mana Shock.
[Thu Aug 06 22:19:07 2026] You begin casting Garrison's Mighty Mana Shock.
[Thu Aug 06 22:19:34 2026] You begin casting Garrison's Mighty Mana Shock.
[Thu Aug 06 22:19:38 2026] You begin casting Garrison's Mighty Mana Shock.
[Thu Aug 06 22:19:42 2026] You begin casting Garrison's Mighty Mana Shock.
[Thu Aug 06 22:19:43 2026] You begin casting Lay on Hands V.
[Thu Aug 06 22:19:46 2026] You begin casting Garrison's Mighty Mana Shock.
[Thu Aug 06 22:19:53 2026] You begin casting Garrison's Mighty Mana Shock.
[Thu Aug 06 22:19:58 2026] You begin casting Garrison's Mighty Mana Shock.
[Thu Aug 06 22:20:03 2026] You begin casting Garrison's Mighty Mana Shock.
[Thu Aug 06 22:20:05 2026] You begin reciting the recovery invocation.
[Thu Aug 06 22:20:08 2026] You assume an offensive stance.
[Thu Aug 06 22:20:36 2026] You begin reciting the inversion invocation.
[Thu Aug 06 22:20:36 2026] You begin casting Garrison's Mighty Mana Shock.
[Thu Aug 06 22:20:42 2026] You begin casting Garrison's Mighty Mana Shock.
[Thu Aug 06 22:21:00 2026] You begin casting Garrison's Mighty Mana Shock.
[Thu Aug 06 22:21:04 2026] You begin casting Garrison's Mighty Mana Shock.
[Thu Aug 06 22:21:12 2026] You begin casting Garrison's Mighty Mana Shock.
[Thu Aug 06 22:21:38 2026] You begin casting Garrison's Mighty Mana Shock.
[Thu Aug 06 22:21:53 2026] You begin casting Garrison's Mighty Mana Shock.
[Thu Aug 06 22:21:57 2026] You begin casting Garrison's Mighty Mana Shock.
[Thu Aug 06 22:25:00 2026] You begin casting Garrison's Mighty Mana Shock.
[Thu Aug 06 22:25:04 2026] You begin casting Garrison's Mighty Mana Shock.
[Thu Aug 06 22:25:09 2026] You begin casting Garrison's Mighty Mana Shock.
[Thu Aug 06 22:25:23 2026] You begin casting Garrison's Mighty Mana Shock.
[Thu Aug 06 22:25:31 2026] You begin casting Garrison's Mighty Mana Shock.
[Thu Aug 06 22:25:38 2026] You begin casting Garrison's Mighty Mana Shock.
[Thu Aug 06 22:25:42 2026] You begin casting Garrison's Mighty Mana Shock.
[Thu Aug 06 22:26:14 2026] You begin casting Garrison's Mighty Mana Shock.
[Thu Aug 06 22:26:20 2026] You begin casting Garrison's Mighty Mana Shock.
[Thu Aug 06 22:26:24 2026] You begin casting Garrison's Mighty Mana Shock.
[Thu Aug 06 22:26:31 2026] You begin casting Garrison's Mighty Mana Shock.
[Thu Aug 06 22:26:35 2026] You begin casting Garrison's Mighty Mana Shock.
[Thu Aug 06 22:26:41 2026] You begin casting Garrison's Mighty Mana Shock.
[Thu Aug 06 22:26:47 2026] You begin casting Garrison's Mighty Mana Shock.
[Thu Aug 06 22:26:51 2026] You begin casting Garrison's Mighty Mana Shock.
[Thu Aug 06 22:26:56 2026] You begin casting Garrison's Mighty Mana Shock.
[Thu Aug 06 22:27:02 2026] You begin casting Garrison's Mighty Mana Shock.
[Thu Aug 06 22:27:08 2026] You begin casting Garrison's Mighty Mana Shock.
[Thu Aug 06 22:27:12 2026] You begin casting Garrison's Mighty Mana Shock.
[Thu Aug 06 22:27:16 2026] You begin casting Garrison's Mighty Mana Shock.
[Thu Aug 06 22:27:20 2026] You begin casting Garrison's Mighty Mana Shock.
[Thu Aug 06 22:27:25 2026] You begin casting Garrison's Mighty Mana Shock.
[Thu Aug 06 22:27:29 2026] You begin casting Garrison's Mighty Mana Shock.
[Thu Aug 06 22:27:32 2026] You have gained a level! Welcome to level 25!
[Thu Aug 06 22:28:26 2026] You begin casting Holy Steed.
[Thu Aug 06 22:30:53 2026] You begin casting Wolf Form.
[Thu Aug 06 22:31:24 2026] You begin casting Illusion: Dark Elf.
[Thu Aug 06 22:34:08 2026] You begin casting Bottle of Alternate Adventure.
[Thu Aug 06 22:34:49 2026] You begin casting Holy Steed.
[Thu Aug 06 22:37:52 2026] You begin casting Shield of Barbs.
[Thu Aug 06 22:37:53 2026] You have become better at Specialize Abjure! (126)
[Thu Aug 06 22:38:03 2026] You begin casting Spirit of Wolf.
[Thu Aug 06 22:38:08 2026] You begin casting Spirit of Wolf.
[Thu Aug 06 22:40:38 2026] You have become better at Specialize Abjure! (127)
