[Wed Aug 05 20:42:00 2026] You hit a fire giant warrior for 259 points of magic damage by Smiting Strike.
[Wed Aug 05 20:42:00 2026] A fire giant warrior staggers.
[Wed Aug 05 20:42:00 2026] You smite a fire giant warrior for 38 points of damage.
[Wed Aug 05 20:42:00 2026] You hit a fire giant warrior for 259 points of magic damage by Smiting Strike.
[Wed Aug 05 20:42:00 2026] A fire giant warrior staggers.
[Wed Aug 05 20:42:00 2026] You claw a fire giant warrior for 24 points of damage.
[Wed Aug 05 20:42:00 2026] A fire giant warrior tries to hit YOU, but misses! (Riposte)
[Wed Aug 05 20:42:00 2026] You strike a fire giant warrior for 38 points of damage.
[Wed Aug 05 20:42:01 2026] A fire giant warrior bashes a fire giant warrior for 16 points of damage.
[Wed Aug 05 20:42:01 2026] A fire giant warrior bashes a fire giant warrior for 16 points of damage.
[Wed Aug 05 20:42:01 2026] A fire giant warrior tries to hit YOU, but misses!
[Wed Aug 05 20:42:01 2026] A fire giant warrior hits YOU for 80 points of damage.
[Wed Aug 05 20:42:01 2026] You try to slash a fire giant warrior, but miss!
[Wed Aug 05 20:42:01 2026] You try to slash a fire giant warrior, but miss!
[Wed Aug 05 20:42:01 2026] A fire giant warrior slashes a fire giant warrior for 107 points of damage.
[Wed Aug 05 20:42:01 2026] A fire giant warrior slashes a fire giant warrior for 93 points of damage.
[Wed Aug 05 20:42:01 2026] A fire giant warrior crushes a fire giant warrior for 89 points of damage.
[Wed Aug 05 20:42:02 2026] You try to claw a fire giant warrior, but a fire giant warrior dodges!
[Wed Aug 05 20:42:02 2026] You claw a fire giant warrior for 73 points of damage.
[Wed Aug 05 20:42:02 2026] Your faction standing with Nagafen could not possibly get any worse.
[Wed Aug 05 20:42:02 2026] Your faction standing with Solusek Mining Co. has been adjusted by 5.
[Wed Aug 05 20:42:02 2026] Your faction standing with Vox could not possibly get any worse.
[Wed Aug 05 20:42:02 2026] You gain experience!
[Wed Aug 05 20:42:02 2026] You receive 6 platinum, 9 gold and 5 silver from the corpse.
[Wed Aug 05 20:42:02 2026] You have slain a fire giant warrior!
[Wed Aug 05 20:42:02 2026] You looted a Flawless Aquamarine from a fire giant warrior's corpse and sold it for 8 platinum, 5 gold, 7 silver and 1 copper.
[Wed Aug 05 20:42:02 2026] You looted a Fine Steel Two Handed Sword +4 from a fire giant warrior's corpse and sold it for 5 platinum.
[Wed Aug 05 20:42:02 2026] You looted a Lava Rock from a fire giant warrior's corpse and sold it for 1 gold, 4 silver and 3 copper.
[Wed Aug 05 20:42:02 2026] You looted a Throwing Boulder +4 from a fire giant warrior's corpse and sold it for 1 silver and 4 copper.
[Wed Aug 05 20:42:02 2026] --You have looted a Mote of Major Potential from a fire giant warrior's corpse.--
[Wed Aug 05 20:42:02 2026] Your vulnerability fades.
[Wed Aug 05 20:42:05 2026] You feel a traveling spirit enter you.
[Wed Aug 05 20:42:16 2026] Spell set buff loaded.
[Wed Aug 05 20:42:16 2026] You forget Discordant Mind.
[Wed Aug 05 20:42:16 2026] You forget Superior Healing.
[Wed Aug 05 20:42:16 2026] You forget Pillage Enchantment.
[Wed Aug 05 20:42:16 2026] You forget Mesmerization.
[Wed Aug 05 20:42:16 2026] You forget Tashani.
[Wed Aug 05 20:42:16 2026] You forget Allure.
[Wed Aug 05 20:42:16 2026] You forget Weakness.
[Wed Aug 05 20:42:16 2026] You forget Theft of Thought.
[Wed Aug 05 20:42:16 2026] You forget Cure Disease.
[Wed Aug 05 20:42:16 2026] You forget Improved Invisibility.
[Wed Aug 05 20:42:16 2026] You forget Shiftless Deeds.
[Wed Aug 05 20:42:16 2026] You forget Pacify.
[Wed Aug 05 20:42:16 2026] Beginning to memorize Valor...
[Wed Aug 05 20:42:17 2026] You have finished memorizing Valor.
[Wed Aug 05 20:42:17 2026] Beginning to memorize Brell's Steadfast Aegis...
[Wed Aug 05 20:42:19 2026] You have finished memorizing Brell's Steadfast Aegis.
[Wed Aug 05 20:42:19 2026] Beginning to memorize Illusion: Air Elemental...
[Wed Aug 05 20:42:20 2026] You have finished memorizing Illusion: Air Elemental.
[Wed Aug 05 20:42:20 2026] Beginning to memorize Arch Shielding...
[Wed Aug 05 20:42:21 2026] You have finished memorizing Arch Shielding.
[Wed Aug 05 20:42:21 2026] Beginning to memorize Symbol of Pinzarn...
[Wed Aug 05 20:42:22 2026] You have finished memorizing Symbol of Pinzarn.
[Wed Aug 05 20:42:22 2026] Beginning to memorize Clarity...
[Wed Aug 05 20:42:23 2026] You have finished memorizing Clarity.
[Wed Aug 05 20:42:23 2026] Beginning to memorize Yaulp II...
[Wed Aug 05 20:42:24 2026] You have finished memorizing Yaulp II.
[Wed Aug 05 20:42:24 2026] Beginning to memorize Bounce...
[Wed Aug 05 20:42:25 2026] You have finished memorizing Bounce.
[Wed Aug 05 20:42:25 2026] Beginning to memorize Instrument of Nife...
[Wed Aug 05 20:42:25 2026] You have finished memorizing Instrument of Nife.
[Wed Aug 05 20:42:26 2026] Beginning to memorize Dazzle...
[Wed Aug 05 20:42:27 2026] You have finished memorizing Dazzle.
[Wed Aug 05 20:42:27 2026] Beginning to memorize Group Resist Magic...
[Wed Aug 05 20:42:28 2026] You have finished memorizing Group Resist Magic.
[Wed Aug 05 20:42:28 2026] Beginning to memorize Divine Purpose...
[Wed Aug 05 20:42:29 2026] You have finished memorizing Divine Purpose.
[Wed Aug 05 20:42:53 2026] The spirit of travel leaves you.
[Wed Aug 05 20:42:53 2026] You activate Quick Buff.
[Wed Aug 05 20:42:56 2026] You feel valorous.
[Wed Aug 05 20:42:56 2026] You healed Primitive for 204 (216) hit points by Valor.
[Wed Aug 05 20:42:56 2026] a fire giant warrior looks valorous.
[Wed Aug 05 20:42:56 2026] You healed a fire giant warrior for 204 hit points by Valor.
[Wed Aug 05 20:42:56 2026] You begin to radiate with divine strength.
[Wed Aug 05 20:42:56 2026] Your Illusion: Air Elemental spell did not take hold. (Blocked by Boon of the Garou.)
[Wed Aug 05 20:42:56 2026] You feel armored.
[Wed Aug 05 20:42:56 2026] The symbol of Pinzarn flashes before your eyes.
[Wed Aug 05 20:42:56 2026] You healed Primitive for 331 hit points by Symbol of Pinzarn.
[Wed Aug 05 20:42:56 2026] a fire giant warrior is cloaked in a shimmer of glowing symbols.
[Wed Aug 05 20:42:56 2026] You healed a fire giant warrior for 313 hit points by Symbol of Pinzarn.
[Wed Aug 05 20:42:56 2026] You feel much faster.
[Wed Aug 05 20:42:56 2026] a fire giant warrior feels much faster.
[Wed Aug 05 20:42:56 2026] A cool breeze slips through your mind.
[Wed Aug 05 20:42:56 2026] a fire giant warrior looks tranquil.
[Wed Aug 05 20:42:56 2026] You feel a surge of strength as you let forth a mighty yaulp.
[Wed Aug 05 20:42:56 2026] A brilliant blue aura surrounds your weapon.
[Wed Aug 05 20:42:56 2026] You feel protected from magic.
[Wed Aug 05 20:42:56 2026] You feel... strange.
[Wed Aug 05 20:42:56 2026] A flame of divine purpose compels you.
[Wed Aug 05 20:43:14 2026] Spell set primary loaded.
[Wed Aug 05 20:43:14 2026] You forget Valor.
[Wed Aug 05 20:43:14 2026] You forget Brell's Steadfast Aegis.
[Wed Aug 05 20:43:14 2026] You forget Illusion: Air Elemental.
[Wed Aug 05 20:43:14 2026] You forget Arch Shielding.
[Wed Aug 05 20:43:14 2026] You forget Symbol of Pinzarn.
[Wed Aug 05 20:43:14 2026] You forget Clarity.
[Wed Aug 05 20:43:14 2026] You forget Yaulp II.
[Wed Aug 05 20:43:14 2026] You forget Bounce.
[Wed Aug 05 20:43:14 2026] You forget Instrument of Nife.
[Wed Aug 05 20:43:14 2026] You forget Group Resist Magic.
[Wed Aug 05 20:43:14 2026] You forget Divine Purpose.
[Wed Aug 05 20:43:14 2026] Beginning to memorize Discordant Mind...
[Wed Aug 05 20:43:15 2026] You have finished memorizing Discordant Mind.
[Wed Aug 05 20:43:15 2026] Beginning to memorize Superior Healing...
[Wed Aug 05 20:43:16 2026] You have finished memorizing Superior Healing.
[Wed Aug 05 20:43:16 2026] Beginning to memorize Pillage Enchantment...
[Wed Aug 05 20:43:17 2026] You have finished memorizing Pillage Enchantment.
[Wed Aug 05 20:43:17 2026] Beginning to memorize Mesmerization...
[Wed Aug 05 20:43:17 2026] You have finished memorizing Mesmerization.
[Wed Aug 05 20:43:18 2026] Beginning to memorize Tashani...
[Wed Aug 05 20:43:18 2026] You have finished memorizing Tashani.
[Wed Aug 05 20:43:19 2026] Beginning to memorize Allure...
[Wed Aug 05 20:43:20 2026] You have finished memorizing Allure.
[Wed Aug 05 20:43:20 2026] Beginning to memorize Weakness...
[Wed Aug 05 20:43:21 2026] You have finished memorizing Weakness.
[Wed Aug 05 20:43:21 2026] Beginning to memorize Theft of Thought...
[Wed Aug 05 20:43:23 2026] You have finished memorizing Theft of Thought.
[Wed Aug 05 20:43:23 2026] Beginning to memorize Cure Disease...
[Wed Aug 05 20:43:24 2026] You have finished memorizing Cure Disease.
[Wed Aug 05 20:43:24 2026] Beginning to memorize Shiftless Deeds...
[Wed Aug 05 20:43:25 2026] You have finished memorizing Shiftless Deeds.
[Wed Aug 05 20:43:25 2026] Beginning to memorize Clarity...
[Wed Aug 05 20:43:26 2026] You have finished memorizing Clarity.
[Wed Aug 05 20:43:52 2026] You gain a rune for 394 points of absorption.
[Wed Aug 05 20:43:52 2026] A coat of shimmering runes surrounds you.
[Wed Aug 05 20:43:54 2026] You begin to change your stance.
[Wed Aug 05 20:43:54 2026] You assume a defensive stance.
[Wed Aug 05 20:43:56 2026] You begin to change your invocation.
[Wed Aug 05 20:43:57 2026] You begin reciting the overchannel invocation.
[Wed Aug 05 20:44:00 2026] Auto attack is on.
[Wed Aug 05 20:44:00 2026] The shimmer of runes fades.
[Wed Aug 05 20:44:00 2026] Lord Nagafen hit you for 86 points of fire damage by Lava Breath.
[Wed Aug 05 20:44:00 2026] Your body combusts as the lava hits you.
[Wed Aug 05 20:44:00 2026] You bash Lord Nagafen for 63 points of damage.
[Wed Aug 05 20:44:00 2026] You try to smite Lord Nagafen, but miss!
[Wed Aug 05 20:44:00 2026] You try to kick Lord Nagafen, but miss!
[Wed Aug 05 20:44:00 2026] You try to strike Lord Nagafen, but miss!
[Wed Aug 05 20:44:00 2026] You strike Lord Nagafen for 62 points of damage. (Critical)
[Wed Aug 05 20:44:00 2026] You try to claw Lord Nagafen, but Lord Nagafen parries!
[Wed Aug 05 20:44:00 2026] You claw Lord Nagafen for 52 points of damage. (Critical)
[Wed Aug 05 20:44:00 2026] You try to slash Lord Nagafen, but miss!
[Wed Aug 05 20:44:00 2026] You try to slash Lord Nagafen, but miss!
[Wed Aug 05 20:44:00 2026] Lord Nagafen crushes YOU for 37 points of damage.
[Wed Aug 05 20:44:00 2026] Lord Nagafen crushes YOU for 87 points of damage.
[Wed Aug 05 20:44:00 2026] Lord Nagafen tries to cleave YOU, but YOU block!
[Wed Aug 05 20:44:00 2026] Lord Nagafen tries to cleave YOU, but misses!
[Wed Aug 05 20:44:02 2026] You slash Lord Nagafen for 72 points of damage.
[Wed Aug 05 20:44:02 2026] You claw Lord Nagafen for 16 points of damage.
[Wed Aug 05 20:44:02 2026] You claw Lord Nagafen for 38 points of damage.
[Wed Aug 05 20:44:02 2026] Lord Nagafen crushes YOU for 37 points of damage.
[Wed Aug 05 20:44:02 2026] Lord Nagafen crushes YOU for 61 points of damage.
[Wed Aug 05 20:44:03 2026] You can't use that command right now...
[Wed Aug 05 20:44:03 2026] Your Djarn's Amethyst Ring (Exaltation) shimmers briefly.
[Wed Aug 05 20:44:03 2026] You begin casting Shiftless Deeds IV.
[Wed Aug 05 20:44:03 2026] You can't use that command right now...
[Wed Aug 05 20:44:03 2026] A fire giant warrior tries to slash Lord Nagafen, but misses!
[Wed Aug 05 20:44:03 2026] A fire giant warrior slashes Lord Nagafen for 43 points of damage.
[Wed Aug 05 20:44:03 2026] A fire giant warrior frenzies on Lord Nagafen for 61 points of damage.
[Wed Aug 05 20:44:03 2026] A fire giant warrior cleaves Lord Nagafen for 43 points of damage.
[Wed Aug 05 20:44:03 2026] A fire giant warrior bashes Lord Nagafen for 16 points of damage.
[Wed Aug 05 20:44:03 2026] A fire giant warrior tries to bash Lord Nagafen, but misses!
[Wed Aug 05 20:44:03 2026] Lord Nagafen tries to crush YOU, but misses!
[Wed Aug 05 20:44:04 2026] A fire giant warrior kicks Lord Nagafen for 31 points of damage.
[Wed Aug 05 20:44:05 2026] A fire giant warrior tries to slash Lord Nagafen, but misses!
[Wed Aug 05 20:44:05 2026] A fire giant warrior crushes Lord Nagafen for 29 points of damage.
[Wed Aug 05 20:44:05 2026] Lord Nagafen tries to crush YOU, but misses!
[Wed Aug 05 20:44:05 2026] Lord Nagafen crushes YOU for 87 points of damage.
[Wed Aug 05 20:44:06 2026] A fire giant warrior slashes Lord Nagafen for 29 points of damage.
[Wed Aug 05 20:44:06 2026] A fire giant warrior slashes Lord Nagafen for 56 points of damage.
[Wed Aug 05 20:44:06 2026] A fire giant warrior tries to crush Lord Nagafen, but misses!
[Wed Aug 05 20:44:06 2026] A fire giant warrior crushes Lord Nagafen for 107 points of damage.
[Wed Aug 05 20:44:07 2026] Lord Nagafen crushes YOU for 76 points of damage.
[Wed Aug 05 20:44:07 2026] Lord Nagafen tries to crush YOU, but YOU block!
[Wed Aug 05 20:44:07 2026] You regain your concentration and continue your casting.
[Wed Aug 05 20:44:07 2026] Lord Nagafen slows down.
[Wed Aug 05 20:44:07 2026] You claw Lord Nagafen for 56 points of damage. (Critical)
[Wed Aug 05 20:44:07 2026] You slash Lord Nagafen for 82 points of damage.
[Wed Aug 05 20:44:07 2026] A fire giant warrior tries to slash Lord Nagafen, but misses!
[Wed Aug 05 20:44:07 2026] A fire giant warrior tries to slash Lord Nagafen, but misses!
[Wed Aug 05 20:44:08 2026] You bash Lord Nagafen for 49 points of damage. (Critical)
[Wed Aug 05 20:44:08 2026] You try to bash Lord Nagafen, but miss!
[Wed Aug 05 20:44:08 2026] You try to bash Lord Nagafen, but miss!
[Wed Aug 05 20:44:08 2026] You try to kick Lord Nagafen, but miss!
[Wed Aug 05 20:44:08 2026] You try to strike Lord Nagafen, but miss!
[Wed Aug 05 20:44:08 2026] You strike Lord Nagafen for 13 points of damage.
[Wed Aug 05 20:44:08 2026] A fire giant warrior bashes Lord Nagafen for 16 points of damage.
[Wed Aug 05 20:44:08 2026] A fire giant warrior bashes Lord Nagafen for 16 points of damage.
[Wed Aug 05 20:44:09 2026] You try to smite Lord Nagafen, but miss!
[Wed Aug 05 20:44:09 2026] You smite Lord Nagafen for 5 points of damage.
[Wed Aug 05 20:44:09 2026] You hit Lord Nagafen for 259 points of magic damage by Smiting Strike.
[Wed Aug 05 20:44:09 2026] Lord Nagafen staggers.
[Wed Aug 05 20:44:09 2026] You try to smite Lord Nagafen, but miss!
[Wed Aug 05 20:44:09 2026] A fire giant warrior tries to slash Lord Nagafen, but misses!
[Wed Aug 05 20:44:09 2026] A fire giant warrior slashes Lord Nagafen for 24 points of damage.
[Wed Aug 05 20:44:09 2026] A fire giant warrior tries to crush Lord Nagafen, but misses!
[Wed Aug 05 20:44:09 2026] A fire giant warrior kicks Lord Nagafen for 29 points of damage.
[Wed Aug 05 20:44:09 2026] A fire giant warrior kicks Lord Nagafen for 29 points of damage.
[Wed Aug 05 20:44:09 2026] You try to slash Lord Nagafen, but Lord Nagafen dodges!
[Wed Aug 05 20:44:09 2026] You slash Lord Nagafen for 86 points of damage.
[Wed Aug 05 20:44:09 2026] You hit Lord Nagafen for 31 points of magic damage by Lifetap Strike.
[Wed Aug 05 20:44:09 2026] Lord Nagafen staggers.
[Wed Aug 05 20:44:09 2026] You healed Primitive for 32 hit points by Lifetap Strike.
[Wed Aug 05 20:44:09 2026] You resist Lord Nagafen's Earthquake!
[Wed Aug 05 20:44:09 2026] Lord Nagafen crushes YOU for 108 points of damage.
[Wed Aug 05 20:44:10 2026] A fire giant warrior slashes Lord Nagafen for 38 points of damage.
[Wed Aug 05 20:44:10 2026] A fire giant warrior slashes Lord Nagafen for 20 points of damage.
[Wed Aug 05 20:44:10 2026] A fire giant warrior tries to cleave Lord Nagafen, but misses!
[Wed Aug 05 20:44:10 2026] A fire giant warrior cleaves Lord Nagafen for 20 points of damage.
[Wed Aug 05 20:44:10 2026] Lord Nagafen begins casting Insidious Retrogression.
[Wed Aug 05 20:44:10 2026] You can't use that command right now...
[Wed Aug 05 20:44:10 2026] You begin casting Tashani.
[Wed Aug 05 20:44:10 2026] You can't use that command right now...
[Wed Aug 05 20:44:11 2026] You can't use that command right now...
[Wed Aug 05 20:44:11 2026] You can't use that command right now...
[Wed Aug 05 20:44:11 2026] Lord Nagafen glances nervously about.
[Wed Aug 05 20:44:11 2026] You try to claw Lord Nagafen, but miss!
[Wed Aug 05 20:44:11 2026] You try to claw Lord Nagafen, but miss!
[Wed Aug 05 20:44:11 2026] You try to slash Lord Nagafen, but miss!
[Wed Aug 05 20:44:11 2026] A fire giant warrior tries to slash Lord Nagafen, but misses!
[Wed Aug 05 20:44:11 2026] A fire giant warrior tries to slash Lord Nagafen, but misses!
[Wed Aug 05 20:44:11 2026] You try to strike Lord Nagafen, but Lord Nagafen parries!
[Wed Aug 05 20:44:12 2026] A fire giant warrior frenzies on Lord Nagafen for 22 points of damage.
[Wed Aug 05 20:44:12 2026] A fire giant warrior frenzies on Lord Nagafen for 29 points of damage.
[Wed Aug 05 20:44:12 2026] You try to slash Lord Nagafen, but Lord Nagafen parries!
[Wed Aug 05 20:44:12 2026] You try to claw Lord Nagafen, but miss!
[Wed Aug 05 20:44:12 2026] You try to bash Lord Nagafen, but miss!
[Wed Aug 05 20:44:12 2026] A fire giant warrior tries to bash Lord Nagafen, but misses!
[Wed Aug 05 20:44:12 2026] A fire giant warrior bashes Lord Nagafen for 16 points of damage.
[Wed Aug 05 20:44:12 2026] You try to kick Lord Nagafen, but miss!
[Wed Aug 05 20:44:12 2026] You kick Lord Nagafen for 49 points of damage.
[Wed Aug 05 20:44:12 2026] A fire giant warrior tries to slash Lord Nagafen, but misses!
[Wed Aug 05 20:44:12 2026] A fire giant warrior slashes Lord Nagafen for 20 points of damage.
[Wed Aug 05 20:44:12 2026] A fire giant warrior tries to crush Lord Nagafen, but misses!
[Wed Aug 05 20:44:12 2026] A fire giant warrior crushes Lord Nagafen for 29 points of damage.
[Wed Aug 05 20:44:12 2026] You resist Lord Nagafen's Insidious Retrogression!
[Wed Aug 05 20:44:12 2026] Lord Nagafen tries to crush YOU, but YOU parry!
[Wed Aug 05 20:44:12 2026] Lord Nagafen cleaves YOU for 99 points of damage.
[Wed Aug 05 20:44:13 2026] You slash Lord Nagafen for 82 points of damage. (Critical)
[Wed Aug 05 20:44:13 2026] Lord Nagafen hit you for 480 points of fire damage by Lava Breath.
[Wed Aug 05 20:44:13 2026] Your body combusts as the lava hits you.
[Wed Aug 05 20:44:13 2026] Lord Nagafen hit a fire giant warrior for 228 points of fire damage by Lava Breath.
[Wed Aug 05 20:44:13 2026] A fire giant warrior's body combusts as the lava hits them.
[Wed Aug 05 20:44:13 2026] A fire giant warrior tries to kick Lord Nagafen, but misses!
[Wed Aug 05 20:44:13 2026] A fire giant warrior tries to kick Lord Nagafen, but misses!
[Wed Aug 05 20:44:13 2026] You claw Lord Nagafen for 42 points of damage. (Critical)
[Wed Aug 05 20:44:14 2026] A fire giant warrior slashes Lord Nagafen for 98 points of damage.
[Wed Aug 05 20:44:14 2026] Lord Nagafen begins casting Immobilize.
[Wed Aug 05 20:44:15 2026] You slash Lord Nagafen for 48 points of damage.
[Wed Aug 05 20:44:15 2026] You try to slash Lord Nagafen, but miss!
[Wed Aug 05 20:44:15 2026] You slash Lord Nagafen for 64 points of damage.
[Wed Aug 05 20:44:15 2026] You resist Lord Nagafen's Immobilize!
[Wed Aug 05 20:44:15 2026] You resist Lord Nagafen's Earthquake!
[Wed Aug 05 20:44:15 2026] Lord Nagafen tries to crush YOU, but misses!
[Wed Aug 05 20:44:15 2026] Lord Nagafen tries to crush YOU, but misses!
[Wed Aug 05 20:44:15 2026] You try to strike Lord Nagafen, but miss!
[Wed Aug 05 20:44:15 2026] You strike Lord Nagafen for 35 points of damage. (Critical)
[Wed Aug 05 20:44:15 2026] You try to claw Lord Nagafen, but miss!
[Wed Aug 05 20:44:15 2026] A fire giant warrior tries to slash Lord Nagafen, but misses!
[Wed Aug 05 20:44:15 2026] A fire giant warrior tries to crush Lord Nagafen, but misses!
[Wed Aug 05 20:44:16 2026] You try to slash Lord Nagafen, but miss!
[Wed Aug 05 20:44:16 2026] A fire giant warrior tries to slash Lord Nagafen, but misses!
[Wed Aug 05 20:44:16 2026] A fire giant warrior crushes Lord Nagafen for 29 points of damage.
[Wed Aug 05 20:44:16 2026] You try to claw Lord Nagafen, but miss!
[Wed Aug 05 20:44:16 2026] You try to claw Lord Nagafen, but miss!
[Wed Aug 05 20:44:16 2026] A fire giant warrior tries to cleave Lord Nagafen, but misses!
[Wed Aug 05 20:44:16 2026] A fire giant warrior cleaves Lord Nagafen for 24 points of damage.
[Wed Aug 05 20:44:16 2026] A fire giant warrior bashes Lord Nagafen for 16 points of damage.
[Wed Aug 05 20:44:17 2026] You try to bash Lord Nagafen, but miss!
[Wed Aug 05 20:44:17 2026] You smite Lord Nagafen for 24 points of damage.
[Wed Aug 05 20:44:17 2026] You hit Lord Nagafen for 259 points of magic damage by Smiting Strike.
[Wed Aug 05 20:44:17 2026] Lord Nagafen staggers.
[Wed Aug 05 20:44:17 2026] You try to smite Lord Nagafen, but Lord Nagafen blocks!
[Wed Aug 05 20:44:17 2026] You kick Lord Nagafen for 173 points of damage. (Critical)
[Wed Aug 05 20:44:17 2026] You try to slash Lord Nagafen, but miss!
[Wed Aug 05 20:44:18 2026] Lord Nagafen tries to crush YOU, but misses!
[Wed Aug 05 20:44:18 2026] A fire giant warrior kicks Lord Nagafen for 23 points of damage.
[Wed Aug 05 20:44:18 2026] A fire giant warrior kicks Lord Nagafen for 45 points of damage.
[Wed Aug 05 20:44:18 2026] A fire giant warrior slashes Lord Nagafen for 84 points of damage.
[Wed Aug 05 20:44:18 2026] A fire giant warrior crushes Lord Nagafen for 56 points of damage.
[Wed Aug 05 20:44:18 2026] A fire giant warrior crushes Lord Nagafen for 20 points of damage.
[Wed Aug 05 20:44:18 2026] You try to claw Lord Nagafen, but miss!
[Wed Aug 05 20:44:19 2026] You begin to change your invocation.
[Wed Aug 05 20:44:19 2026] You try to strike Lord Nagafen, but miss!
[Wed Aug 05 20:44:19 2026] You try to slash Lord Nagafen, but miss!
[Wed Aug 05 20:44:19 2026] You begin reciting the spellblade invocation.
[Wed Aug 05 20:44:19 2026] A fire giant warrior tries to slash Lord Nagafen, but misses!
[Wed Aug 05 20:44:19 2026] A fire giant warrior tries to slash Lord Nagafen, but misses!
[Wed Aug 05 20:44:19 2026] A fire giant warrior tries to crush Lord Nagafen, but misses!
[Wed Aug 05 20:44:19 2026] A fire giant warrior crushes Lord Nagafen for 20 points of damage.
[Wed Aug 05 20:44:20 2026] A fire giant warrior frenzies on Lord Nagafen for 17 points of damage.
[Wed Aug 05 20:44:20 2026] You slash Lord Nagafen for 86 points of damage.
[Wed Aug 05 20:44:20 2026] A fire giant warrior slashes Lord Nagafen for 20 points of damage.
[Wed Aug 05 20:44:20 2026] A fire giant warrior tries to crush Lord Nagafen, but misses!
[Wed Aug 05 20:44:20 2026] Lord Nagafen tries to crush YOU, but YOU block!
[Wed Aug 05 20:44:20 2026] Lord Nagafen crushes YOU for 96 points of damage.
[Wed Aug 05 20:44:21 2026] A fire giant warrior bashes Lord Nagafen for 16 points of damage.
[Wed Aug 05 20:44:21 2026] A fire giant warrior bashes Lord Nagafen for 16 points of damage.
[Wed Aug 05 20:44:21 2026] You try to claw Lord Nagafen, but miss!
[Wed Aug 05 20:44:21 2026] You claw Lord Nagafen for 40 points of damage.
[Wed Aug 05 20:44:21 2026] You try to bash Lord Nagafen, but miss!
[Wed Aug 05 20:44:21 2026] You bash Lord Nagafen for 49 points of damage. (Critical)
[Wed Aug 05 20:44:21 2026] You slash Lord Nagafen for 72 points of damage.
[Wed Aug 05 20:44:21 2026] You try to slash Lord Nagafen, but miss!
[Wed Aug 05 20:44:22 2026] A fire giant warrior tries to slash Lord Nagafen, but misses!
[Wed Aug 05 20:44:22 2026] A fire giant warrior slashes Lord Nagafen for 47 points of damage.
[Wed Aug 05 20:44:22 2026] A fire giant warrior tries to kick Lord Nagafen, but misses!
[Wed Aug 05 20:44:22 2026] You try to kick Lord Nagafen, but miss!
[Wed Aug 05 20:44:22 2026] You strike Lord Nagafen for 96 points of damage. (Critical)
[Wed Aug 05 20:44:23 2026] You try to claw Lord Nagafen, but miss!
[Wed Aug 05 20:44:23 2026] You claw Lord Nagafen for 32 points of damage.
[Wed Aug 05 20:44:23 2026] You try to slash Lord Nagafen, but miss!
[Wed Aug 05 20:44:23 2026] A fire giant warrior slashes Lord Nagafen for 24 points of damage.
[Wed Aug 05 20:44:23 2026] A fire giant warrior tries to slash Lord Nagafen, but misses!
[Wed Aug 05 20:44:23 2026] Lord Nagafen crushes YOU for 45 points of damage.
[Wed Aug 05 20:44:23 2026] A fire giant warrior tries to cleave Lord Nagafen, but misses!
[Wed Aug 05 20:44:24 2026] A fire giant warrior tries to slash Lord Nagafen, but misses!
[Wed Aug 05 20:44:24 2026] A fire giant warrior crushes Lord Nagafen for 20 points of damage.
[Wed Aug 05 20:44:24 2026] You try to slash Lord Nagafen, but miss!
[Wed Aug 05 20:44:25 2026] You try to smite Lord Nagafen, but miss!
[Wed Aug 05 20:44:25 2026] A fire giant warrior tries to bash Lord Nagafen, but misses!
[Wed Aug 05 20:44:26 2026] You claw Lord Nagafen for 53 points of damage.
[Wed Aug 05 20:44:26 2026] You try to claw Lord Nagafen, but miss!
[Wed Aug 05 20:44:26 2026] A fire giant warrior tries to slash Lord Nagafen, but misses!
[Wed Aug 05 20:44:26 2026] A fire giant warrior crushes Lord Nagafen for 56 points of damage.
[Wed Aug 05 20:44:26 2026] A fire giant warrior tries to crush Lord Nagafen, but misses!
[Wed Aug 05 20:44:26 2026] Lord Nagafen hit you for 480 points of fire damage by Lava Breath.
[Wed Aug 05 20:44:26 2026] Your body combusts as the lava hits you.
[Wed Aug 05 20:44:26 2026] You try to slash Lord Nagafen, but miss!
[Wed Aug 05 20:44:26 2026] You slash Lord Nagafen for 95 points of damage.
[Wed Aug 05 20:44:26 2026] You slash Lord Nagafen for 17 points of damage.
[Wed Aug 05 20:44:26 2026] Lord Nagafen crushes YOU for 111 points of damage.
[Wed Aug 05 20:44:26 2026] Lord Nagafen crushes YOU for 111 points of damage.
[Wed Aug 05 20:44:26 2026] You try to bash Lord Nagafen, but miss!
[Wed Aug 05 20:44:26 2026] You strike Lord Nagafen for 10 points of damage.
[Wed Aug 05 20:44:26 2026] Lord Nagafen begins casting Immobilize.
[Wed Aug 05 20:44:27 2026] A fire giant warrior kicks Lord Nagafen for 17 points of damage.
[Wed Aug 05 20:44:27 2026] A fire giant warrior tries to slash Lord Nagafen, but misses!
[Wed Aug 05 20:44:27 2026] A fire giant warrior tries to crush Lord Nagafen, but misses!
[Wed Aug 05 20:44:27 2026] Your feet adhere to the ground.
[Wed Aug 05 20:44:27 2026] You try to kick Lord Nagafen, but miss!
[Wed Aug 05 20:44:27 2026] Lord Nagafen tries to crush YOU, but misses! (Riposte)
[Wed Aug 05 20:44:27 2026] You try to claw Lord Nagafen, but miss!
[Wed Aug 05 20:44:27 2026] You slash Lord Nagafen for 86 points of damage.
[Wed Aug 05 20:44:27 2026] You slash Lord Nagafen for 102 points of damage.
[Wed Aug 05 20:44:28 2026] A fire giant warrior tries to frenzy on Lord Nagafen, but misses!
[Wed Aug 05 20:44:28 2026] A fire giant warrior slashes Lord Nagafen for 66 points of damage.
[Wed Aug 05 20:44:28 2026] A fire giant warrior tries to slash Lord Nagafen, but misses!
[Wed Aug 05 20:44:28 2026] A fire giant warrior crushes Lord Nagafen for 70 points of damage.
[Wed Aug 05 20:44:28 2026] You try to slash Lord Nagafen, but miss!
[Wed Aug 05 20:44:28 2026] You slash Lord Nagafen for 56 points of damage.
[Wed Aug 05 20:44:28 2026] Lord Nagafen crushes YOU for 111 points of damage.
[Wed Aug 05 20:44:28 2026] Lord Nagafen tries to crush YOU, but misses!
[Wed Aug 05 20:44:29 2026] You claw Lord Nagafen for 31 points of damage.
[Wed Aug 05 20:44:29 2026] You claw Lord Nagafen for 26 points of damage.
[Wed Aug 05 20:44:30 2026] A fire giant warrior slashes Lord Nagafen for 47 points of damage.
[Wed Aug 05 20:44:30 2026] A fire giant warrior slashes Lord Nagafen for 102 points of damage.
[Wed Aug 05 20:44:30 2026] A fire giant warrior tries to crush Lord Nagafen, but misses!
[Wed Aug 05 20:44:30 2026] A fire giant warrior tries to crush Lord Nagafen, but misses!
[Wed Aug 05 20:44:30 2026] You strike Lord Nagafen for 33 points of damage.
[Wed Aug 05 20:44:30 2026] You try to strike Lord Nagafen, but miss!
[Wed Aug 05 20:44:30 2026] A fire giant warrior tries to cleave Lord Nagafen, but misses!
[Wed Aug 05 20:44:30 2026] A fire giant warrior cleaves Lord Nagafen for 33 points of damage.
[Wed Aug 05 20:44:30 2026] A fire giant warrior bashes Lord Nagafen for 16 points of damage.
[Wed Aug 05 20:44:30 2026] A fire giant warrior tries to bash Lord Nagafen, but misses!
[Wed Aug 05 20:44:30 2026] You slash Lord Nagafen for 38 points of damage.
[Wed Aug 05 20:44:30 2026] You slash Lord Nagafen for 27 points of damage.
[Wed Aug 05 20:44:30 2026] You try to slash Lord Nagafen, but miss!
[Wed Aug 05 20:44:31 2026] You bash Lord Nagafen for 43 points of damage.
[Wed Aug 05 20:44:31 2026] You bash Lord Nagafen for 49 points of damage.
[Wed Aug 05 20:44:31 2026] A fire giant warrior slashes Lord Nagafen for 43 points of damage.
[Wed Aug 05 20:44:31 2026] A fire giant warrior tries to slash Lord Nagafen, but misses!
[Wed Aug 05 20:44:31 2026] A fire giant warrior tries to crush Lord Nagafen, but misses!
[Wed Aug 05 20:44:31 2026] A fire giant warrior crushes Lord Nagafen for 43 points of damage.
[Wed Aug 05 20:44:31 2026] Lord Nagafen tries to cleave YOU, but misses!
[Wed Aug 05 20:44:31 2026] Lord Nagafen tries to cleave YOU, but YOU block!
[Wed Aug 05 20:44:31 2026] A fire giant warrior kicks Lord Nagafen for 19 points of damage.
[Wed Aug 05 20:44:31 2026] You regain your concentration and continue your casting.
[Wed Aug 05 20:44:31 2026] Your Polished Mithril Mask (Exaltation) feels alive with power.
[Wed Aug 05 20:44:31 2026] Your target is immune to the stun portion of this effect.
[Wed Aug 05 20:44:31 2026] You hit Lord Nagafen for 449 points of magic damage by Discordant Mind.
[Wed Aug 05 20:44:31 2026] Lord Nagafen's brain begins to melt.
[Wed Aug 05 20:44:31 2026] You slash Lord Nagafen for 75 points of damage.
[Wed Aug 05 20:44:31 2026] You try to slash Lord Nagafen, but miss!
[Wed Aug 05 20:44:31 2026] Lord Nagafen tries to crush YOU, but YOU block!
[Wed Aug 05 20:44:31 2026] Lord Nagafen tries to crush YOU, but misses!
[Wed Aug 05 20:44:32 2026] You claw Lord Nagafen for 38 points of damage.
[Wed Aug 05 20:44:32 2026] You claw Lord Nagafen for 58 points of damage.
[Wed Aug 05 20:44:32 2026] You kick Lord Nagafen for 59 points of damage.
[Wed Aug 05 20:44:32 2026] You kick Lord Nagafen for 46 points of damage.
[Wed Aug 05 20:44:32 2026] You try to kick Lord Nagafen, but miss!
[Wed Aug 05 20:44:32 2026] A fire giant warrior slashes Lord Nagafen for 79 points of damage.
[Wed Aug 05 20:44:32 2026] A fire giant warrior tries to crush Lord Nagafen, but misses!
[Wed Aug 05 20:44:32 2026] A fire giant warrior crushes Lord Nagafen for 56 points of damage.
[Wed Aug 05 20:44:33 2026] You try to slash Lord Nagafen, but miss!
[Wed Aug 05 20:44:33 2026] You strike Lord Nagafen for 32 points of damage.
[Wed Aug 05 20:44:33 2026] You strike Lord Nagafen for 68 points of damage. (Critical)
[Wed Aug 05 20:44:33 2026] You try to claw Lord Nagafen, but miss!
[Wed Aug 05 20:44:33 2026] You try to claw Lord Nagafen, but miss!
[Wed Aug 05 20:44:33 2026] A fire giant warrior slashes Lord Nagafen for 98 points of damage.
[Wed Aug 05 20:44:33 2026] A fire giant warrior slashes Lord Nagafen for 20 points of damage.
[Wed Aug 05 20:44:33 2026] A fire giant warrior tries to crush Lord Nagafen, but misses!
[Wed Aug 05 20:44:33 2026] A fire giant warrior tries to crush Lord Nagafen, but misses!
[Wed Aug 05 20:44:34 2026] You try to smite Lord Nagafen, but miss!
[Wed Aug 05 20:44:34 2026] This spell only works on constructs or elementals.
[Wed Aug 05 20:44:34 2026] You try to slash Lord Nagafen, but miss!
[Wed Aug 05 20:44:34 2026] You slash Lord Nagafen for 18 points of damage.
[Wed Aug 05 20:44:34 2026] Lord Nagafen begins casting Insidious Retrogression.
[Wed Aug 05 20:44:34 2026] A fire giant warrior bashes Lord Nagafen for 16 points of damage.
[Wed Aug 05 20:44:34 2026] A fire giant warrior bashes Lord Nagafen for 16 points of damage.
[Wed Aug 05 20:44:35 2026] A fire giant warrior slashes Lord Nagafen for 47 points of damage.
[Wed Aug 05 20:44:35 2026] A fire giant warrior crushes Lord Nagafen for 52 points of damage.
[Wed Aug 05 20:44:35 2026] You bash Lord Nagafen for 36 points of damage.
[Wed Aug 05 20:44:36 2026] You slash Lord Nagafen for 77 points of damage.
[Wed Aug 05 20:44:36 2026] You slash Lord Nagafen for 21 points of damage.
[Wed Aug 05 20:44:36 2026] A fire giant warrior tries to kick Lord Nagafen, but misses!
[Wed Aug 05 20:44:36 2026] A fire giant warrior tries to slash Lord Nagafen, but misses!
[Wed Aug 05 20:44:36 2026] A fire giant warrior tries to slash Lord Nagafen, but misses!
[Wed Aug 05 20:44:36 2026] A fire giant warrior tries to crush Lord Nagafen, but misses!
[Wed Aug 05 20:44:36 2026] A fire giant warrior tries to crush Lord Nagafen, but misses!
[Wed Aug 05 20:44:36 2026] A fire giant warrior tries to frenzy on Lord Nagafen, but misses!
[Wed Aug 05 20:44:36 2026] A fire giant warrior tries to frenzy on Lord Nagafen, but misses!
[Wed Aug 05 20:44:37 2026] Lord Nagafen hit you for 532 points of disease damage by Insidious Retrogression.
[Wed Aug 05 20:44:37 2026] Your body is pelted by spores.
[Wed Aug 05 20:44:37 2026] You resist Lord Nagafen's Earthquake!
[Wed Aug 05 20:44:37 2026] Lord Nagafen crushes YOU for 64 points of damage.
[Wed Aug 05 20:44:37 2026] You try to strike Lord Nagafen, but miss!
[Wed Aug 05 20:44:37 2026] You try to strike Lord Nagafen, but Lord Nagafen blocks!
[Wed Aug 05 20:44:37 2026] You try to kick Lord Nagafen, but miss!
[Wed Aug 05 20:44:37 2026] You kick Lord Nagafen for 97 points of damage.
[Wed Aug 05 20:44:37 2026] You kick Lord Nagafen for 21 points of damage.
[Wed Aug 05 20:44:37 2026] A fire giant warrior cleaves Lord Nagafen for 107 points of damage.
[Wed Aug 05 20:44:37 2026] Lord Nagafen tries to crush YOU, but misses!
[Wed Aug 05 20:44:37 2026] Lord Nagafen crushes YOU for 111 points of damage.
[Wed Aug 05 20:44:37 2026] You slash Lord Nagafen for 35 points of damage.
[Wed Aug 05 20:44:37 2026] A fire giant warrior slashes Lord Nagafen for 47 points of damage.
[Wed Aug 05 20:44:38 2026] You claw Lord Nagafen for 40 points of damage.
[Wed Aug 05 20:44:38 2026] You try to claw Lord Nagafen, but miss!
[Wed Aug 05 20:44:38 2026] Lord Nagafen begins casting Immobilize.
[Wed Aug 05 20:44:38 2026] You try to slash Lord Nagafen, but miss!
[Wed Aug 05 20:44:39 2026] A fire giant warrior tries to slash Lord Nagafen, but misses!
[Wed Aug 05 20:44:39 2026] A fire giant warrior crushes Lord Nagafen for 79 points of damage.
[Wed Aug 05 20:44:39 2026] A fire giant warrior tries to crush Lord Nagafen, but misses!
[Wed Aug 05 20:44:39 2026] A fire giant warrior tries to bash Lord Nagafen, but misses!
[Wed Aug 05 20:44:39 2026] A fire giant warrior tries to bash Lord Nagafen, but misses!
[Wed Aug 05 20:44:39 2026] a fire giant warrior adheres to the ground.
[Wed Aug 05 20:44:39 2026] You try to claw Lord Nagafen, but miss!
[Wed Aug 05 20:44:39 2026] You try to claw Lord Nagafen, but Lord Nagafen blocks!
[Wed Aug 05 20:44:40 2026] Lord Nagafen crushes YOU for 111 points of damage.
[Wed Aug 05 20:44:40 2026] You try to slash Lord Nagafen, but miss!
[Wed Aug 05 20:44:40 2026] A fire giant warrior slashes Lord Nagafen for 61 points of damage.
[Wed Aug 05 20:44:40 2026] A fire giant warrior tries to crush Lord Nagafen, but misses!
[Wed Aug 05 20:44:40 2026] You bash Lord Nagafen for 9 points of damage.
[Wed Aug 05 20:44:40 2026] You try to bash Lord Nagafen, but miss!
[Wed Aug 05 20:44:40 2026] A fire giant warrior tries to kick Lord Nagafen, but misses!
[Wed Aug 05 20:44:40 2026] You strike Lord Nagafen for 35 points of damage. (Critical)
[Wed Aug 05 20:44:41 2026] You claw Lord Nagafen for 30 points of damage.
[Wed Aug 05 20:44:41 2026] You claw Lord Nagafen for 2 points of damage.
[Wed Aug 05 20:44:41 2026] You try to slash Lord Nagafen, but miss!
[Wed Aug 05 20:44:41 2026] A fire giant warrior tries to slash Lord Nagafen, but misses!
[Wed Aug 05 20:44:42 2026] You try to kick Lord Nagafen, but miss!
[Wed Aug 05 20:44:42 2026] You try to smite Lord Nagafen, but miss!
[Wed Aug 05 20:44:42 2026] You claw Lord Nagafen for 24 points of damage.
[Wed Aug 05 20:44:42 2026] You claw Lord Nagafen for 18 points of damage.
[Wed Aug 05 20:44:42 2026] Lord Nagafen crushes YOU for 80 points of damage.
[Wed Aug 05 20:44:42 2026] A fire giant warrior tries to slash Lord Nagafen, but misses!
[Wed Aug 05 20:44:43 2026] You slash Lord Nagafen for 60 points of damage.
[Wed Aug 05 20:44:43 2026] You slash Lord Nagafen for 82 points of damage. (Critical)
[Wed Aug 05 20:44:43 2026] A fire giant warrior tries to bash Lord Nagafen, but misses!
[Wed Aug 05 20:44:43 2026] A fire giant warrior cleaves Lord Nagafen for 75 points of damage.
[Wed Aug 05 20:44:44 2026] You try to claw Lord Nagafen, but miss!
[Wed Aug 05 20:44:44 2026] You claw Lord Nagafen for 35 points of damage.
[Wed Aug 05 20:44:44 2026] A fire giant warrior tries to slash Lord Nagafen, but misses!
[Wed Aug 05 20:44:44 2026] A fire giant warrior tries to crush Lord Nagafen, but misses!
[Wed Aug 05 20:44:44 2026] You strike Lord Nagafen for 22 points of damage.
[Wed Aug 05 20:44:44 2026] You try to strike Lord Nagafen, but miss!
[Wed Aug 05 20:44:44 2026] You try to slash Lord Nagafen, but miss!
[Wed Aug 05 20:44:44 2026] You bash Lord Nagafen for 37 points of damage.
[Wed Aug 05 20:44:45 2026] A fire giant warrior kicks Lord Nagafen for 21 points of damage.
[Wed Aug 05 20:44:45 2026] A fire giant warrior kicks Lord Nagafen for 39 points of damage.
[Wed Aug 05 20:44:45 2026] A fire giant warrior tries to frenzy on Lord Nagafen, but misses!
[Wed Aug 05 20:44:45 2026] A fire giant warrior tries to frenzy on Lord Nagafen, but misses!
[Wed Aug 05 20:44:45 2026] A fire giant warrior tries to slash Lord Nagafen, but misses!
[Wed Aug 05 20:44:45 2026] A fire giant warrior tries to slash Lord Nagafen, but misses!
[Wed Aug 05 20:44:45 2026] A fire giant warrior crushes Lord Nagafen for 75 points of damage.
[Wed Aug 05 20:44:45 2026] Lord Nagafen crushes YOU for 45 points of damage.
[Wed Aug 05 20:44:45 2026] You try to claw Lord Nagafen, but miss!
[Wed Aug 05 20:44:45 2026] You slash Lord Nagafen for 24 points of damage.
[Wed Aug 05 20:44:46 2026] You try to kick Lord Nagafen, but miss!
[Wed Aug 05 20:44:46 2026] You try to kick Lord Nagafen, but miss!
[Wed Aug 05 20:44:46 2026] A fire giant warrior slashes Lord Nagafen for 66 points of damage.
[Wed Aug 05 20:44:46 2026] A fire giant warrior slashes Lord Nagafen for 20 points of damage.
[Wed Aug 05 20:44:47 2026] Your feet come free.
[Wed Aug 05 20:44:47 2026] You regain your concentration and continue your casting.
[Wed Aug 05 20:44:47 2026] Your Polished Mithril Mask (Exaltation) feels alive with power.
[Wed Aug 05 20:44:47 2026] Your target is immune to the stun portion of this effect.
[Wed Aug 05 20:44:47 2026] You hit Lord Nagafen for 458 points of magic damage by Discordant Mind.
[Wed Aug 05 20:44:47 2026] Lord Nagafen's brain begins to melt.
[Wed Aug 05 20:44:47 2026] You claw Lord Nagafen for 24 points of damage.
[Wed Aug 05 20:44:47 2026] You try to slash Lord Nagafen, but miss!
[Wed Aug 05 20:44:47 2026] You try to slash Lord Nagafen, but miss!
[Wed Aug 05 20:44:47 2026] Lord Nagafen hit you for 480 points of fire damage by Lava Breath.
[Wed Aug 05 20:44:47 2026] Your body combusts as the lava hits you.
[Wed Aug 05 20:44:47 2026] You mend your wounds and heal some damage.
[Wed Aug 05 20:44:47 2026] A fire giant warrior bashes Lord Nagafen for 16 points of damage.
[Wed Aug 05 20:44:48 2026] You strike Lord Nagafen for 4 points of damage.
[Wed Aug 05 20:44:48 2026] You try to strike Lord Nagafen, but Lord Nagafen parries!
[Wed Aug 05 20:44:48 2026] A fire giant warrior slashes Lord Nagafen for 33 points of damage.
[Wed Aug 05 20:44:48 2026] A fire giant warrior crushes Lord Nagafen for 38 points of damage.
[Wed Aug 05 20:44:48 2026] Lord Nagafen crushes YOU for 37 points of damage.
[Wed Aug 05 20:44:48 2026] Lord Nagafen crushes YOU for 111 points of damage.
[Wed Aug 05 20:44:48 2026] You slash Lord Nagafen for 56 points of damage.
[Wed Aug 05 20:44:48 2026] You try to claw Lord Nagafen, but miss!
[Wed Aug 05 20:44:48 2026] You try to claw Lord Nagafen, but miss!
[Wed Aug 05 20:44:49 2026] You bash Lord Nagafen for 98 points of damage.
[Wed Aug 05 20:44:49 2026] A fire giant warrior tries to slash Lord Nagafen, but misses!
[Wed Aug 05 20:44:49 2026] A fire giant warrior slashes Lord Nagafen for 20 points of damage.
[Wed Aug 05 20:44:49 2026] A fire giant warrior kicks Lord Nagafen for 55 points of damage.
[Wed Aug 05 20:44:50 2026] Lord Nagafen tries to cleave YOU, but YOU riposte!
[Wed Aug 05 20:44:50 2026] You try to slash Lord Nagafen, but miss! (Riposte)
[Wed Aug 05 20:44:50 2026] You try to slash Lord Nagafen, but miss!
[Wed Aug 05 20:44:50 2026] You try to slash Lord Nagafen, but miss!
[Wed Aug 05 20:44:50 2026] You claw Lord Nagafen for 42 points of damage. (Critical)
[Wed Aug 05 20:44:50 2026] A fire giant warrior tries to cleave Lord Nagafen, but misses!
[Wed Aug 05 20:44:50 2026] A fire giant warrior tries to cleave Lord Nagafen, but misses!
[Wed Aug 05 20:44:50 2026] A fire giant warrior tries to slash Lord Nagafen, but misses!
[Wed Aug 05 20:44:50 2026] A fire giant warrior tries to slash Lord Nagafen, but misses!
[Wed Aug 05 20:44:50 2026] A fire giant warrior crushes Lord Nagafen for 70 points of damage.
[Wed Aug 05 20:44:50 2026] A fire giant warrior tries to crush Lord Nagafen, but misses!
[Wed Aug 05 20:44:50 2026] You smite Lord Nagafen for 2 points of damage.
[Wed Aug 05 20:44:50 2026] You hit Lord Nagafen for 259 points of magic damage by Smiting Strike.
[Wed Aug 05 20:44:50 2026] Lord Nagafen staggers.
[Wed Aug 05 20:44:51 2026] Lord Nagafen tries to crush YOU, but YOU block!
[Wed Aug 05 20:44:51 2026] You try to slash Lord Nagafen, but miss!
[Wed Aug 05 20:44:51 2026] You try to slash Lord Nagafen, but miss!
[Wed Aug 05 20:44:51 2026] You try to kick Lord Nagafen, but miss!
[Wed Aug 05 20:44:51 2026] You claw Lord Nagafen for 28 points of damage.
[Wed Aug 05 20:44:51 2026] You strike Lord Nagafen for 4 points of damage.
[Wed Aug 05 20:44:51 2026] You strike Lord Nagafen for 4 points of damage.
[Wed Aug 05 20:44:52 2026] A fire giant warrior tries to slash Lord Nagafen, but misses!
[Wed Aug 05 20:44:52 2026] A fire giant warrior tries to slash Lord Nagafen, but misses!
[Wed Aug 05 20:44:52 2026] A fire giant warrior crushes Lord Nagafen for 102 points of damage.
[Wed Aug 05 20:44:52 2026] A fire giant warrior crushes Lord Nagafen for 47 points of damage.
[Wed Aug 05 20:44:52 2026] A fire giant warrior tries to bash Lord Nagafen, but misses!
[Wed Aug 05 20:44:53 2026] You try to slash Lord Nagafen, but miss!
[Wed Aug 05 20:44:53 2026] You try to slash Lord Nagafen, but miss!
[Wed Aug 05 20:44:53 2026] You claw Lord Nagafen for 30 points of damage.
[Wed Aug 05 20:44:53 2026] You claw Lord Nagafen for 12 points of damage.
[Wed Aug 05 20:44:53 2026] A fire giant warrior tries to slash Lord Nagafen, but misses!
[Wed Aug 05 20:44:53 2026] A fire giant warrior slashes Lord Nagafen for 79 points of damage.
[Wed Aug 05 20:44:53 2026] A fire giant warrior crushes Lord Nagafen for 61 points of damage.
[Wed Aug 05 20:44:53 2026] A fire giant warrior frenzies on Lord Nagafen for 61 points of damage.
[Wed Aug 05 20:44:53 2026] A fire giant warrior frenzies on Lord Nagafen for 38 points of damage.
[Wed Aug 05 20:44:53 2026] A fire giant warrior kicks Lord Nagafen for 49 points of damage.
[Wed Aug 05 20:44:54 2026] You try to bash Lord Nagafen, but miss!
[Wed Aug 05 20:44:54 2026] You try to bash Lord Nagafen, but miss!
[Wed Aug 05 20:44:54 2026] Lord Nagafen tries to crush YOU, but YOU block!
[Wed Aug 05 20:44:54 2026] You slash Lord Nagafen for 48 points of damage.
[Wed Aug 05 20:44:54 2026] You begin to change your invocation.
[Wed Aug 05 20:44:54 2026] Lord Nagafen begins casting Immobilize.
[Wed Aug 05 20:44:54 2026] You begin reciting the inversion invocation.
[Wed Aug 05 20:44:54 2026] A fire giant warrior tries to slash Lord Nagafen, but misses!
[Wed Aug 05 20:44:54 2026] A fire giant warrior slashes Lord Nagafen for 56 points of damage.
[Wed Aug 05 20:44:54 2026] A fire giant warrior tries to crush Lord Nagafen, but misses!
[Wed Aug 05 20:44:54 2026] A fire giant warrior crushes Lord Nagafen for 107 points of damage.
[Wed Aug 05 20:44:54 2026] You can't use that command right now...
[Wed Aug 05 20:44:54 2026] You try to claw Lord Nagafen, but miss!
[Wed Aug 05 20:44:54 2026] You claw Lord Nagafen for 30 points of damage.
[Wed Aug 05 20:44:54 2026] Your Djarn's Amethyst Ring (Exaltation) shimmers briefly.
[Wed Aug 05 20:44:54 2026] You begin casting Superior Healing IV.
[Wed Aug 05 20:44:54 2026] You can't use that command right now...
[Wed Aug 05 20:44:55 2026] You can't use that command right now...
[Wed Aug 05 20:44:55 2026] Lord Nagafen regains concentration and continues casting.
[Wed Aug 05 20:44:55 2026] You resist Lord Nagafen's Immobilize!
[Wed Aug 05 20:44:55 2026] Your Idol of the Underking (Exaltation) feels alive with power.
[Wed Aug 05 20:44:55 2026] You feel much better.
[Wed Aug 05 20:44:55 2026] You healed Primitive for 928 hit points by Superior Healing.
[Wed Aug 05 20:44:55 2026] You slash Lord Nagafen for 23 points of damage.
[Wed Aug 05 20:44:55 2026] You slash Lord Nagafen for 104 points of damage.
[Wed Aug 05 20:44:55 2026] You try to strike Lord Nagafen, but miss!
[Wed Aug 05 20:44:55 2026] You try to strike Lord Nagafen, but miss!
[Wed Aug 05 20:44:55 2026] You strike Lord Nagafen for 8 points of damage.
[Wed Aug 05 20:44:55 2026] A fire giant warrior tries to slash Lord Nagafen, but misses!
[Wed Aug 05 20:44:55 2026] A fire giant warrior slashes Lord Nagafen for 66 points of damage.
[Wed Aug 05 20:44:55 2026] A fire giant warrior tries to crush Lord Nagafen, but misses!
[Wed Aug 05 20:44:55 2026] A fire giant warrior tries to crush Lord Nagafen, but misses!
[Wed Aug 05 20:44:56 2026] You claw Lord Nagafen for 48 points of damage.
[Wed Aug 05 20:44:56 2026] You try to kick Lord Nagafen, but miss!
[Wed Aug 05 20:44:56 2026] You kick Lord Nagafen for 38 points of damage.
[Wed Aug 05 20:44:56 2026] A fire giant warrior bashes Lord Nagafen for 16 points of damage.
[Wed Aug 05 20:44:56 2026] Lord Nagafen tries to crush YOU, but misses!
[Wed Aug 05 20:44:57 2026] A fire giant warrior cleaves Lord Nagafen for 29 points of damage.
[Wed Aug 05 20:44:57 2026] A fire giant warrior cleaves Lord Nagafen for 70 points of damage.
[Wed Aug 05 20:44:57 2026] You try to slash Lord Nagafen, but miss!
[Wed Aug 05 20:44:57 2026] You slash Lord Nagafen for 66 points of damage.
[Wed Aug 05 20:44:57 2026] A fire giant warrior slashes Lord Nagafen for 107 points of damage.
[Wed Aug 05 20:44:58 2026] You try to slash Lord Nagafen, but miss!
[Wed Aug 05 20:44:58 2026] A fire giant warrior tries to slash Lord Nagafen, but misses!
[Wed Aug 05 20:44:58 2026] A fire giant warrior tries to slash Lord Nagafen, but misses!
[Wed Aug 05 20:44:58 2026] A fire giant warrior kicks Lord Nagafen for 37 points of damage.
[Wed Aug 05 20:44:58 2026] A fire giant warrior kicks Lord Nagafen for 21 points of damage.
[Wed Aug 05 20:44:58 2026] Lord Nagafen begins casting Force.
[Wed Aug 05 20:44:58 2026] You try to bash Lord Nagafen, but miss!
[Wed Aug 05 20:44:59 2026] You can't use that command right now...
[Wed Aug 05 20:44:59 2026] Your Djarn's Amethyst Ring (Exaltation) shimmers briefly.
[Wed Aug 05 20:44:59 2026] You begin casting Superior Healing IV.
[Wed Aug 05 20:44:59 2026] You can't use that command right now...
[Wed Aug 05 20:44:59 2026] You resist Lord Nagafen's Force!
[Wed Aug 05 20:44:59 2026] Lord Nagafen crushes YOU for 72 points of damage.
[Wed Aug 05 20:44:59 2026] Lord Nagafen tries to crush YOU, but misses!
[Wed Aug 05 20:44:59 2026] You regain your concentration and continue your casting.
[Wed Aug 05 20:44:59 2026] Your Idol of the Underking (Exaltation) feels alive with power.
[Wed Aug 05 20:44:59 2026] You feel much better.
[Wed Aug 05 20:44:59 2026] You healed Primitive for 870 hit points by Superior Healing.
[Wed Aug 05 20:44:59 2026] You try to claw Lord Nagafen, but miss!
[Wed Aug 05 20:44:59 2026] You claw Lord Nagafen for 14 points of damage.
[Wed Aug 05 20:44:59 2026] A fire giant warrior tries to slash Lord Nagafen, but misses!
[Wed Aug 05 20:44:59 2026] A fire giant warrior crushes Lord Nagafen for 20 points of damage.
[Wed Aug 05 20:44:59 2026] A fire giant warrior crushes Lord Nagafen for 66 points of damage.
[Wed Aug 05 20:44:59 2026] You try to slash Lord Nagafen, but miss!
[Wed Aug 05 20:44:59 2026] You try to slash Lord Nagafen, but miss!
[Wed Aug 05 20:44:59 2026] You try to smite Lord Nagafen, but miss!
[Wed Aug 05 20:44:59 2026] You smite Lord Nagafen for 53 points of damage.
[Wed Aug 05 20:44:59 2026] You hit Lord Nagafen for 259 points of magic damage by Smiting Strike.
[Wed Aug 05 20:44:59 2026] Lord Nagafen staggers.
[Wed Aug 05 20:44:59 2026] You strike Lord Nagafen for 62 points of damage. (Critical)
[Wed Aug 05 20:44:59 2026] You try to strike Lord Nagafen, but miss!
[Wed Aug 05 20:45:00 2026] Lord Nagafen hit you for 480 points of fire damage by Lava Breath.
[Wed Aug 05 20:45:00 2026] Your body combusts as the lava hits you.
[Wed Aug 05 20:45:00 2026] Lord Nagafen hit a fire giant warrior for 444 points of fire damage by Lava Breath.
[Wed Aug 05 20:45:00 2026] A fire giant warrior's body combusts as the lava hits them.
[Wed Aug 05 20:45:01 2026] A fire giant warrior tries to slash Lord Nagafen, but misses!
[Wed Aug 05 20:45:01 2026] A fire giant warrior slashes Lord Nagafen for 56 points of damage.
[Wed Aug 05 20:45:01 2026] A fire giant warrior tries to crush Lord Nagafen, but misses!
[Wed Aug 05 20:45:01 2026] You try to kick Lord Nagafen, but miss!
[Wed Aug 05 20:45:01 2026] You kick Lord Nagafen for 59 points of damage.
[Wed Aug 05 20:45:01 2026] A fire giant warrior tries to bash Lord Nagafen, but misses!
[Wed Aug 05 20:45:01 2026] You slash Lord Nagafen for 158 points of damage.
[Wed Aug 05 20:45:01 2026] You slash Lord Nagafen for 64 points of damage.
[Wed Aug 05 20:45:01 2026] A fire giant warrior frenzies on Lord Nagafen for 17 points of damage.
[Wed Aug 05 20:45:01 2026] A fire giant warrior frenzies on Lord Nagafen for 17 points of damage.
[Wed Aug 05 20:45:02 2026] You begin to change your invocation.
[Wed Aug 05 20:45:02 2026] Lord Nagafen crushes YOU for 96 points of damage.
[Wed Aug 05 20:45:02 2026] Lord Nagafen tries to crush YOU, but YOU dodge!
[Wed Aug 05 20:45:02 2026] You begin reciting the spellblade invocation.
[Wed Aug 05 20:45:02 2026] A fire giant warrior tries to slash Lord Nagafen, but misses!
[Wed Aug 05 20:45:02 2026] A fire giant warrior tries to slash Lord Nagafen, but misses!
[Wed Aug 05 20:45:02 2026] A fire giant warrior crushes Lord Nagafen for 38 points of damage.
[Wed Aug 05 20:45:02 2026] A fire giant warrior crushes Lord Nagafen for 52 points of damage.
[Wed Aug 05 20:45:02 2026] This spell only works on constructs or elementals.
[Wed Aug 05 20:45:02 2026] Your Polished Mithril Mask (Exaltation) feels alive with power.
[Wed Aug 05 20:45:02 2026] Your target is immune to the stun portion of this effect.
[Wed Aug 05 20:45:02 2026] You hit Lord Nagafen for 524 points of magic damage by Discordant Mind.
[Wed Aug 05 20:45:02 2026] Lord Nagafen's brain begins to melt.
[Wed Aug 05 20:45:02 2026] You slash Lord Nagafen for 61 points of damage.
[Wed Aug 05 20:45:02 2026] You try to slash Lord Nagafen, but miss!
[Wed Aug 05 20:45:02 2026] You slash Lord Nagafen for 130 points of damage. (Critical)
[Wed Aug 05 20:45:03 2026] A fire giant warrior tries to kick Lord Nagafen, but misses!
[Wed Aug 05 20:45:03 2026] A fire giant warrior tries to kick Lord Nagafen, but misses!
[Wed Aug 05 20:45:03 2026] You bash Lord Nagafen for 47 points of damage.
[Wed Aug 05 20:45:03 2026] You try to bash Lord Nagafen, but miss!
[Wed Aug 05 20:45:03 2026] You strike Lord Nagafen for 8 points of damage.
[Wed Aug 05 20:45:03 2026] You try to strike Lord Nagafen, but miss!
[Wed Aug 05 20:45:03 2026] A fire giant warrior cleaves Lord Nagafen for 20 points of damage.
[Wed Aug 05 20:45:03 2026] A fire giant warrior tries to slash Lord Nagafen, but misses!
[Wed Aug 05 20:45:04 2026] You claw Lord Nagafen for 2 points of damage.
[Wed Aug 05 20:45:04 2026] You try to slash Lord Nagafen, but miss!
[Wed Aug 05 20:45:04 2026] You try to slash Lord Nagafen, but miss!
[Wed Aug 05 20:45:04 2026] A fire giant warrior slashes Lord Nagafen for 33 points of damage.
[Wed Aug 05 20:45:04 2026] A fire giant warrior slashes Lord Nagafen for 79 points of damage.
[Wed Aug 05 20:45:04 2026] A fire giant warrior tries to crush Lord Nagafen, but misses!
[Wed Aug 05 20:45:04 2026] A fire giant warrior tries to crush Lord Nagafen, but misses!
[Wed Aug 05 20:45:04 2026] You resist Lord Nagafen's Earthquake!
[Wed Aug 05 20:45:04 2026] Lord Nagafen crushes YOU for 80 points of damage.
[Wed Aug 05 20:45:05 2026] You try to claw Lord Nagafen, but miss!
[Wed Aug 05 20:45:05 2026] You try to slash Lord Nagafen, but miss!
[Wed Aug 05 20:45:05 2026] A fire giant warrior bashes Lord Nagafen for 16 points of damage.
[Wed Aug 05 20:45:05 2026] A fire giant warrior bashes Lord Nagafen for 16 points of damage.
[Wed Aug 05 20:45:06 2026] You try to kick Lord Nagafen, but miss!
[Wed Aug 05 20:45:06 2026] A fire giant warrior slashes Lord Nagafen for 102 points of damage.
[Wed Aug 05 20:45:06 2026] A fire giant warrior slashes Lord Nagafen for 66 points of damage.
[Wed Aug 05 20:45:06 2026] A fire giant warrior crushes Lord Nagafen for 84 points of damage.
[Wed Aug 05 20:45:06 2026] A fire giant warrior tries to crush Lord Nagafen, but misses!
[Wed Aug 05 20:45:06 2026] Lord Nagafen begins casting Ignite Blood.
[Wed Aug 05 20:45:07 2026] You slash Lord Nagafen for 64 points of damage.
[Wed Aug 05 20:45:07 2026] You try to slash Lord Nagafen, but miss!
[Wed Aug 05 20:45:07 2026] You strike Lord Nagafen for 32 points of damage.
[Wed Aug 05 20:45:07 2026] A fire giant warrior kicks Lord Nagafen for 27 points of damage.
[Wed Aug 05 20:45:07 2026] A fire giant warrior kicks Lord Nagafen for 31 points of damage.
[Wed Aug 05 20:45:07 2026] A fire giant warrior slashes Lord Nagafen for 66 points of damage.
[Wed Aug 05 20:45:07 2026] A fire giant warrior slashes Lord Nagafen for 66 points of damage.
[Wed Aug 05 20:45:07 2026] A fire giant warrior crushes Lord Nagafen for 61 points of damage.
[Wed Aug 05 20:45:07 2026] Lord Nagafen regains concentration and continues casting.
[Wed Aug 05 20:45:07 2026] Your blood ignites.
[Wed Aug 05 20:45:07 2026] Lord Nagafen crushes YOU for 99 points of damage.
[Wed Aug 05 20:45:08 2026] You try to bash Lord Nagafen, but miss!
[Wed Aug 05 20:45:08 2026] You bash Lord Nagafen for 90 points of damage.
[Wed Aug 05 20:45:08 2026] You smite Lord Nagafen for 16 points of damage.
[Wed Aug 05 20:45:08 2026] You hit Lord Nagafen for 259 points of magic damage by Smiting Strike.
[Wed Aug 05 20:45:08 2026] Lord Nagafen staggers.
[Wed Aug 05 20:45:08 2026] You smite Lord Nagafen for 31 points of damage.
[Wed Aug 05 20:45:08 2026] You hit Lord Nagafen for 259 points of magic damage by Smiting Strike.
[Wed Aug 05 20:45:08 2026] Lord Nagafen staggers.
[Wed Aug 05 20:45:08 2026] You slash Lord Nagafen for 43 points of damage.
[Wed Aug 05 20:45:08 2026] You claw Lord Nagafen for 62 points of damage. (Critical)
[Wed Aug 05 20:45:08 2026] You claw Lord Nagafen for 32 points of damage.
[Wed Aug 05 20:45:08 2026] Lord Nagafen tries to cleave YOU, but misses!
[Wed Aug 05 20:45:08 2026] Lord Nagafen tries to cleave YOU, but misses!
[Wed Aug 05 20:45:08 2026] A fire giant warrior slashes Lord Nagafen for 47 points of damage.
[Wed Aug 05 20:45:08 2026] A fire giant warrior tries to slash Lord Nagafen, but misses!
[Wed Aug 05 20:45:08 2026] A fire giant warrior tries to crush Lord Nagafen, but misses!
[Wed Aug 05 20:45:09 2026] You slash Lord Nagafen for 53 points of damage.
[Wed Aug 05 20:45:09 2026] A fire giant warrior frenzies on Lord Nagafen for 38 points of damage.
[Wed Aug 05 20:45:10 2026] A fire giant warrior bashes Lord Nagafen for 16 points of damage.
[Wed Aug 05 20:45:10 2026] A fire giant warrior bashes Lord Nagafen for 16 points of damage.
[Wed Aug 05 20:45:10 2026] A fire giant warrior slashes Lord Nagafen for 107 points of damage.
[Wed Aug 05 20:45:10 2026] A fire giant warrior tries to crush Lord Nagafen, but misses!
[Wed Aug 05 20:45:10 2026] A fire giant warrior tries to crush Lord Nagafen, but misses!
[Wed Aug 05 20:45:10 2026] A fire giant warrior cleaves Lord Nagafen for 43 points of damage.
[Wed Aug 05 20:45:10 2026] A fire giant warrior cleaves Lord Nagafen for 20 points of damage.
[Wed Aug 05 20:45:10 2026] Lord Nagafen crushes YOU for 72 points of damage.
[Wed Aug 05 20:45:10 2026] Lord Nagafen crushes YOU for 111 points of damage.
[Wed Aug 05 20:45:10 2026] You strike Lord Nagafen for 19 points of damage.
[Wed Aug 05 20:45:10 2026] You strike Lord Nagafen for 10 points of damage.
[Wed Aug 05 20:45:11 2026] You kick Lord Nagafen for 69 points of damage.
[Wed Aug 05 20:45:11 2026] You try to kick Lord Nagafen, but miss!
[Wed Aug 05 20:45:11 2026] You try to slash Lord Nagafen, but miss!
[Wed Aug 05 20:45:11 2026] You slash Lord Nagafen for 68 points of damage.
[Wed Aug 05 20:45:11 2026] You have taken 125 damage from Ignite Blood by Lord Nagafen.
[Wed Aug 05 20:45:11 2026] You claw Lord Nagafen for 4 points of damage.
[Wed Aug 05 20:45:11 2026] You try to claw Lord Nagafen, but miss!
[Wed Aug 05 20:45:11 2026] A fire giant warrior slashes Lord Nagafen for 20 points of damage.
[Wed Aug 05 20:45:11 2026] A fire giant warrior crushes Lord Nagafen for 47 points of damage.
[Wed Aug 05 20:45:11 2026] A fire giant warrior tries to crush Lord Nagafen, but misses!
[Wed Aug 05 20:45:11 2026] A fire giant warrior tries to kick Lord Nagafen, but misses!
[Wed Aug 05 20:45:11 2026] A fire giant warrior tries to kick Lord Nagafen, but misses!
[Wed Aug 05 20:45:12 2026] You try to bash Lord Nagafen, but miss!
[Wed Aug 05 20:45:12 2026] You bash Lord Nagafen for 77 points of damage.
[Wed Aug 05 20:45:12 2026] You slash Lord Nagafen for 174 points of damage.
[Wed Aug 05 20:45:12 2026] You try to slash Lord Nagafen, but miss!
[Wed Aug 05 20:45:12 2026] You slash Lord Nagafen for 79 points of damage.
[Wed Aug 05 20:45:12 2026] A fire giant warrior tries to slash Lord Nagafen, but misses!
[Wed Aug 05 20:45:12 2026] A fire giant warrior crushes Lord Nagafen for 70 points of damage.
[Wed Aug 05 20:45:12 2026] A fire giant warrior tries to crush Lord Nagafen, but misses!
[Wed Aug 05 20:45:12 2026] You try to claw Lord Nagafen, but miss!
[Wed Aug 05 20:45:12 2026] You try to claw Lord Nagafen, but miss!
[Wed Aug 05 20:45:13 2026] Lord Nagafen tries to crush YOU, but misses!
[Wed Aug 05 20:45:14 2026] You try to slash Lord Nagafen, but Lord Nagafen dodges!
[Wed Aug 05 20:45:14 2026] You slash Lord Nagafen for 75 points of damage.
[Wed Aug 05 20:45:14 2026] A fire giant warrior tries to slash Lord Nagafen, but misses!
[Wed Aug 05 20:45:14 2026] You strike Lord Nagafen for 83 points of damage. (Critical)
[Wed Aug 05 20:45:14 2026] You try to strike Lord Nagafen, but miss!
[Wed Aug 05 20:45:14 2026] A fire giant warrior tries to bash Lord Nagafen, but misses!
[Wed Aug 05 20:45:15 2026] You slash Lord Nagafen for 17 points of damage.
[Wed Aug 05 20:45:15 2026] A fire giant warrior tries to slash Lord Nagafen, but misses!
[Wed Aug 05 20:45:15 2026] A fire giant warrior crushes Lord Nagafen for 52 points of damage.
[Wed Aug 05 20:45:15 2026] A fire giant warrior crushes Lord Nagafen for 107 points of damage.
[Wed Aug 05 20:45:15 2026] You kick Lord Nagafen for 3 points of damage.
[Wed Aug 05 20:45:15 2026] You try to kick Lord Nagafen, but miss!
[Wed Aug 05 20:45:16 2026] You claw Lord Nagafen for 40 points of damage.
[Wed Aug 05 20:45:16 2026] Lord Nagafen hit you for 236 points of magic damage by Earthquake.
[Wed Aug 05 20:45:16 2026] You feel the ground shake.
[Wed Aug 05 20:45:16 2026] Lord Nagafen crushes YOU for 111 points of damage.
[Wed Aug 05 20:45:16 2026] Lord Nagafen crushes YOU for 52 points of damage.
[Wed Aug 05 20:45:16 2026] You try to smite Lord Nagafen, but miss!
[Wed Aug 05 20:45:16 2026] You smite Lord Nagafen for 6 points of damage.
[Wed Aug 05 20:45:16 2026] You hit Lord Nagafen for 259 points of magic damage by Smiting Strike.
[Wed Aug 05 20:45:16 2026] Lord Nagafen staggers.
[Wed Aug 05 20:45:16 2026] You try to slash Lord Nagafen, but miss!
[Wed Aug 05 20:45:16 2026] You try to slash Lord Nagafen, but miss!
[Wed Aug 05 20:45:16 2026] A fire giant warrior tries to slash Lord Nagafen, but misses!
[Wed Aug 05 20:45:16 2026] A fire giant warrior tries to slash Lord Nagafen, but misses!
[Wed Aug 05 20:45:16 2026] A fire giant warrior tries to crush Lord Nagafen, but misses!
[Wed Aug 05 20:45:16 2026] A fire giant warrior kicks Lord Nagafen for 33 points of damage.
[Wed Aug 05 20:45:16 2026] A fire giant warrior tries to kick Lord Nagafen, but misses!
[Wed Aug 05 20:45:16 2026] A fire giant warrior tries to cleave Lord Nagafen, but misses!
[Wed Aug 05 20:45:16 2026] A fire giant warrior tries to cleave Lord Nagafen, but misses!
[Wed Aug 05 20:45:17 2026] You try to bash Lord Nagafen, but miss!
[Wed Aug 05 20:45:17 2026] You try to bash Lord Nagafen, but miss!
[Wed Aug 05 20:45:17 2026] You have taken 125 damage from Ignite Blood by Lord Nagafen.
[Wed Aug 05 20:45:17 2026] The spores expire.
[Wed Aug 05 20:45:17 2026] You try to claw Lord Nagafen, but miss!
[Wed Aug 05 20:45:17 2026] You try to claw Lord Nagafen, but Lord Nagafen parries!
[Wed Aug 05 20:45:17 2026] You strike Lord Nagafen for 14 points of damage.
[Wed Aug 05 20:45:18 2026] A fire giant warrior tries to slash Lord Nagafen, but misses!
[Wed Aug 05 20:45:18 2026] A fire giant warrior tries to frenzy on Lord Nagafen, but misses!
[Wed Aug 05 20:45:18 2026] A fire giant warrior tries to frenzy on Lord Nagafen, but misses!
[Wed Aug 05 20:45:18 2026] You slash Lord Nagafen for 17 points of damage.
[Wed Aug 05 20:45:18 2026] Lord Nagafen tries to crush YOU, but misses!
[Wed Aug 05 20:45:18 2026] Lord Nagafen tries to crush YOU, but misses!
[Wed Aug 05 20:45:19 2026] You claw Lord Nagafen for 42 points of damage. (Critical)
[Wed Aug 05 20:45:19 2026] A fire giant warrior tries to bash Lord Nagafen, but misses!
[Wed Aug 05 20:45:19 2026] A fire giant warrior tries to slash Lord Nagafen, but misses!
[Wed Aug 05 20:45:19 2026] A fire giant warrior slashes Lord Nagafen for 84 points of damage.
[Wed Aug 05 20:45:19 2026] You try to slash Lord Nagafen, but miss!
[Wed Aug 05 20:45:20 2026] You claw Lord Nagafen for 4 points of damage.
[Wed Aug 05 20:45:20 2026] You try to claw Lord Nagafen, but miss!
[Wed Aug 05 20:45:20 2026] You kick Lord Nagafen for 32 points of damage.
[Wed Aug 05 20:45:20 2026] You try to kick Lord Nagafen, but miss!
[Wed Aug 05 20:45:20 2026] A fire giant warrior tries to slash Lord Nagafen, but misses!
[Wed Aug 05 20:45:20 2026] A fire giant warrior slashes Lord Nagafen for 89 points of damage.
[Wed Aug 05 20:45:20 2026] A fire giant warrior crushes Lord Nagafen for 24 points of damage.
[Wed Aug 05 20:45:20 2026] A fire giant warrior crushes Lord Nagafen for 20 points of damage.
[Wed Aug 05 20:45:21 2026] You slash Lord Nagafen for 86 points of damage.
[Wed Aug 05 20:45:21 2026] You slash Lord Nagafen for 49 points of damage.
[Wed Aug 05 20:45:21 2026] A fire giant warrior kicks Lord Nagafen for 43 points of damage.
[Wed Aug 05 20:45:21 2026] A fire giant warrior kicks Lord Nagafen for 33 points of damage.
[Wed Aug 05 20:45:21 2026] You strike Lord Nagafen for 14 points of damage.
[Wed Aug 05 20:45:21 2026] Lord Nagafen hit you for 480 points of fire damage by Lava Breath.
[Wed Aug 05 20:45:21 2026] Your body combusts as the lava hits you.
[Wed Aug 05 20:45:21 2026] Lord Nagafen hit a fire giant warrior for 480 points of fire damage by Lava Breath.
[Wed Aug 05 20:45:21 2026] A fire giant warrior's body combusts as the lava hits them.
[Wed Aug 05 20:45:21 2026] Lord Nagafen tries to crush YOU, but misses!
[Wed Aug 05 20:45:21 2026] Lord Nagafen tries to crush YOU, but misses!
[Wed Aug 05 20:45:21 2026] You bash Lord Nagafen for 48 points of damage.
[Wed Aug 05 20:45:21 2026] A fire giant warrior slashes Lord Nagafen for 24 points of damage.
[Wed Aug 05 20:45:21 2026] A fire giant warrior slashes Lord Nagafen for 70 points of damage.
[Wed Aug 05 20:45:21 2026] A fire giant warrior tries to crush Lord Nagafen, but misses!
[Wed Aug 05 20:45:22 2026] You claw Lord Nagafen for 24 points of damage.
[Wed Aug 05 20:45:22 2026] You slash Lord Nagafen for 75 points of damage.
[Wed Aug 05 20:45:22 2026] You try to slash Lord Nagafen, but miss!
[Wed Aug 05 20:45:23 2026] A fire giant warrior tries to slash Lord Nagafen, but misses!
[Wed Aug 05 20:45:23 2026] You have taken 125 damage from Ignite Blood by Lord Nagafen.
[Wed Aug 05 20:45:23 2026] A fire giant warrior tries to cleave Lord Nagafen, but misses!
[Wed Aug 05 20:45:23 2026] A fire giant warrior cleaves Lord Nagafen for 93 points of damage.
[Wed Aug 05 20:45:23 2026] You claw Lord Nagafen for 45 points of damage.
[Wed Aug 05 20:45:23 2026] A fire giant warrior bashes Lord Nagafen for 16 points of damage.
[Wed Aug 05 20:45:23 2026] You try to slash Lord Nagafen, but miss!
[Wed Aug 05 20:45:23 2026] You slash Lord Nagafen for 101 points of damage. (Critical)
[Wed Aug 05 20:45:24 2026] Lord Nagafen crushes YOU for 68 points of damage.
[Wed Aug 05 20:45:24 2026] A fire giant warrior tries to slash Lord Nagafen, but misses!
[Wed Aug 05 20:45:24 2026] You strike Lord Nagafen for 53 points of damage.
[Wed Aug 05 20:45:24 2026] You smite Lord Nagafen for 20 points of damage.
[Wed Aug 05 20:45:24 2026] You hit Lord Nagafen for 259 points of magic damage by Smiting Strike.
[Wed Aug 05 20:45:24 2026] Lord Nagafen staggers.
[Wed Aug 05 20:45:24 2026] You smite Lord Nagafen for 1 point of damage.
[Wed Aug 05 20:45:24 2026] You hit Lord Nagafen for 259 points of magic damage by Smiting Strike.
[Wed Aug 05 20:45:24 2026] Lord Nagafen staggers.
[Wed Aug 05 20:45:25 2026] You try to claw Lord Nagafen, but miss!
[Wed Aug 05 20:45:25 2026] You try to claw Lord Nagafen, but miss!
[Wed Aug 05 20:45:25 2026] You slash Lord Nagafen for 82 points of damage.
[Wed Aug 05 20:45:25 2026] You try to kick Lord Nagafen, but Lord Nagafen blocks!
[Wed Aug 05 20:45:25 2026] You try to kick Lord Nagafen, but miss!
[Wed Aug 05 20:45:25 2026] A fire giant warrior kicks Lord Nagafen for 51 points of damage.
[Wed Aug 05 20:45:25 2026] A fire giant warrior tries to slash Lord Nagafen, but misses!
[Wed Aug 05 20:45:25 2026] A fire giant warrior tries to crush Lord Nagafen, but misses!
[Wed Aug 05 20:45:26 2026] A fire giant warrior frenzies on Lord Nagafen for 20 points of damage.
[Wed Aug 05 20:45:26 2026] You bash Lord Nagafen for 22 points of damage.
[Wed Aug 05 20:45:26 2026] You bash Lord Nagafen for 18 points of damage.
[Wed Aug 05 20:45:26 2026] Lord Nagafen begins casting Insidious Retrogression.
[Wed Aug 05 20:45:26 2026] You claw Lord Nagafen for 26 points of damage.
[Wed Aug 05 20:45:26 2026] You try to slash Lord Nagafen, but miss!
[Wed Aug 05 20:45:27 2026] A fire giant warrior slashes Lord Nagafen for 52 points of damage.
[Wed Aug 05 20:45:27 2026] A fire giant warrior tries to slash Lord Nagafen, but misses!
[Wed Aug 05 20:45:27 2026] A fire giant warrior crushes Lord Nagafen for 107 points of damage.
[Wed Aug 05 20:45:27 2026] A fire giant warrior tries to crush Lord Nagafen, but misses!
[Wed Aug 05 20:45:28 2026] You slash Lord Nagafen for 56 points of damage.
[Wed Aug 05 20:45:28 2026] You slash Lord Nagafen for 145 points of damage. (Critical)
[Wed Aug 05 20:45:28 2026] A fire giant warrior tries to bash Lord Nagafen, but misses!
[Wed Aug 05 20:45:28 2026] You claw Lord Nagafen for 58 points of damage.
[Wed Aug 05 20:45:28 2026] You strike Lord Nagafen for 67 points of damage.
[Wed Aug 05 20:45:28 2026] A fire giant warrior slashes Lord Nagafen for 29 points of damage.
[Wed Aug 05 20:45:28 2026] Lord Nagafen hit you for 532 points of disease damage by Insidious Retrogression.
[Wed Aug 05 20:45:28 2026] Your body is pelted by spores.
[Wed Aug 05 20:45:28 2026] Lord Nagafen crushes YOU for 72 points of damage.
[Wed Aug 05 20:45:28 2026] Lord Nagafen tries to crush YOU, but YOU block!
[Wed Aug 05 20:45:28 2026] Lord Nagafen tries to cleave YOU, but misses!
[Wed Aug 05 20:45:28 2026] Lord Nagafen tries to cleave YOU, but misses!
[Wed Aug 05 20:45:29 2026] You try to slash Lord Nagafen, but miss!
[Wed Aug 05 20:45:29 2026] You have taken 125 damage from Ignite Blood by Lord Nagafen.
[Wed Aug 05 20:45:29 2026] The spores expire.
[Wed Aug 05 20:45:29 2026] You claw Lord Nagafen for 36 points of damage.
[Wed Aug 05 20:45:29 2026] You claw Lord Nagafen for 7 points of damage.
[Wed Aug 05 20:45:29 2026] A fire giant warrior tries to slash Lord Nagafen, but misses!
[Wed Aug 05 20:45:29 2026] A fire giant warrior slashes Lord Nagafen for 29 points of damage.
[Wed Aug 05 20:45:29 2026] A fire giant warrior tries to crush Lord Nagafen, but misses!
[Wed Aug 05 20:45:29 2026] Lord Nagafen crushes YOU for 103 points of damage.
[Wed Aug 05 20:45:29 2026] Lord Nagafen crushes YOU for 87 points of damage.
[Wed Aug 05 20:45:30 2026] A fire giant warrior tries to cleave Lord Nagafen, but misses!
[Wed Aug 05 20:45:30 2026] A fire giant warrior kicks Lord Nagafen for 21 points of damage.
[Wed Aug 05 20:45:30 2026] You try to kick Lord Nagafen, but miss!
[Wed Aug 05 20:45:30 2026] You kick Lord Nagafen for 69 points of damage.
[Wed Aug 05 20:45:30 2026] Lord Nagafen begins casting Retribution.
[Wed Aug 05 20:45:30 2026] You try to slash Lord Nagafen, but miss!
[Wed Aug 05 20:45:30 2026] You slash Lord Nagafen for 85 points of damage.
[Wed Aug 05 20:45:31 2026] A fire giant warrior tries to slash Lord Nagafen, but misses!
[Wed Aug 05 20:45:31 2026] A fire giant warrior tries to slash Lord Nagafen, but misses!
[Wed Aug 05 20:45:31 2026] A fire giant warrior crushes Lord Nagafen for 84 points of damage.
[Wed Aug 05 20:45:31 2026] A fire giant warrior crushes Lord Nagafen for 61 points of damage.
[Wed Aug 05 20:45:31 2026] You try to bash Lord Nagafen, but miss!
[Wed Aug 05 20:45:31 2026] You claw Lord Nagafen for 42 points of damage. (Critical)
[Wed Aug 05 20:45:32 2026] You try to strike Lord Nagafen, but miss!
[Wed Aug 05 20:45:32 2026] You hit Lord Nagafen for 31 points of magic damage by Lifetap Strike.
[Wed Aug 05 20:45:32 2026] Lord Nagafen staggers.
[Wed Aug 05 20:45:32 2026] You healed Primitive for 32 hit points by Lifetap Strike.
[Wed Aug 05 20:45:32 2026] You slash Lord Nagafen for 17 points of damage.
[Wed Aug 05 20:45:32 2026] You try to slash Lord Nagafen, but miss!
[Wed Aug 05 20:45:32 2026] You resist Lord Nagafen's Retribution!
[Wed Aug 05 20:45:32 2026] A fire giant warrior tries to slash Lord Nagafen, but misses!
[Wed Aug 05 20:45:32 2026] A fire giant warrior slashes Lord Nagafen for 20 points of damage.
[Wed Aug 05 20:45:32 2026] A fire giant warrior crushes Lord Nagafen for 20 points of damage.
[Wed Aug 05 20:45:32 2026] A fire giant warrior tries to crush Lord Nagafen, but misses!
[Wed Aug 05 20:45:32 2026] A fire giant warrior tries to bash Lord Nagafen, but misses!
[Wed Aug 05 20:45:32 2026] A fire giant warrior bashes Lord Nagafen for 16 points of damage.
[Wed Aug 05 20:45:32 2026] Lord Nagafen crushes YOU for 68 points of damage.
[Wed Aug 05 20:45:32 2026] Lord Nagafen tries to crush YOU, but misses!
[Wed Aug 05 20:45:33 2026] You try to smite Lord Nagafen, but Lord Nagafen blocks!
[Wed Aug 05 20:45:33 2026] A fire giant warrior slashes Lord Nagafen for 70 points of damage.
[Wed Aug 05 20:45:33 2026] A fire giant warrior crushes Lord Nagafen for 20 points of damage.
[Wed Aug 05 20:45:33 2026] You try to slash Lord Nagafen, but miss!
[Wed Aug 05 20:45:34 2026] A fire giant warrior frenzies on Lord Nagafen for 27 points of damage.
[Wed Aug 05 20:45:34 2026] A fire giant warrior tries to kick Lord Nagafen, but misses!
[Wed Aug 05 20:45:34 2026] A fire giant warrior kicks Lord Nagafen for 17 points of damage.
[Wed Aug 05 20:45:34 2026] Lord Nagafen hit you for 436 points of fire damage by Lava Breath.
[Wed Aug 05 20:45:34 2026] Your body combusts as the lava hits you.
[Wed Aug 05 20:45:35 2026] A fire giant warrior slashes Lord Nagafen for 70 points of damage.
[Wed Aug 05 20:45:35 2026] You try to slash Lord Nagafen, but miss!
[Wed Aug 05 20:45:35 2026] You try to slash Lord Nagafen, but miss!
[Wed Aug 05 20:45:35 2026] You kick Lord Nagafen for 16 points of damage.
[Wed Aug 05 20:45:35 2026] You try to kick Lord Nagafen, but miss!
[Wed Aug 05 20:45:35 2026] You kick Lord Nagafen for 15 points of damage.
[Wed Aug 05 20:45:35 2026] Lord Nagafen tries to crush YOU, but YOU block!
[Wed Aug 05 20:45:35 2026] Lord Nagafen crushes YOU for 56 points of damage.
[Wed Aug 05 20:45:35 2026] You strike Lord Nagafen for 2 points of damage.
[Wed Aug 05 20:45:35 2026] You have taken 125 damage from Ignite Blood by Lord Nagafen.
[Wed Aug 05 20:45:35 2026] You try to bash Lord Nagafen, but miss!
[Wed Aug 05 20:45:35 2026] You try to bash Lord Nagafen, but miss!
[Wed Aug 05 20:45:36 2026] A fire giant warrior tries to slash Lord Nagafen, but misses!
[Wed Aug 05 20:45:36 2026] You slash Lord Nagafen for 52 points of damage.
[Wed Aug 05 20:45:36 2026] You slash Lord Nagafen for 45 points of damage.
[Wed Aug 05 20:45:36 2026] A fire giant warrior cleaves Lord Nagafen for 89 points of damage.
[Wed Aug 05 20:45:36 2026] A fire giant warrior tries to bash Lord Nagafen, but misses!
[Wed Aug 05 20:45:37 2026] You claw Lord Nagafen for 71 points of damage.
[Wed Aug 05 20:45:37 2026] You try to claw Lord Nagafen, but miss!
[Wed Aug 05 20:45:37 2026] A fire giant warrior slashes Lord Nagafen for 107 points of damage.
[Wed Aug 05 20:45:37 2026] You slash Lord Nagafen for 21 points of damage.
[Wed Aug 05 20:45:38 2026] Lord Nagafen tries to crush YOU, but misses!
[Wed Aug 05 20:45:38 2026] Lord Nagafen crushes YOU for 37 points of damage.
[Wed Aug 05 20:45:38 2026] You try to claw Lord Nagafen, but miss!
[Wed Aug 05 20:45:38 2026] A fire giant warrior slashes Lord Nagafen for 107 points of damage.
[Wed Aug 05 20:45:38 2026] A fire giant warrior tries to slash Lord Nagafen, but misses!
[Wed Aug 05 20:45:38 2026] A fire giant warrior tries to crush Lord Nagafen, but misses!
[Wed Aug 05 20:45:39 2026] You strike Lord Nagafen for 102 points of damage. (Critical)
[Wed Aug 05 20:45:39 2026] You try to slash Lord Nagafen, but miss!
[Wed Aug 05 20:45:39 2026] A fire giant warrior kicks Lord Nagafen for 19 points of damage.
[Wed Aug 05 20:45:39 2026] A fire giant warrior tries to kick Lord Nagafen, but misses!
[Wed Aug 05 20:45:40 2026] You kick Lord Nagafen for 26 points of damage.
[Wed Aug 05 20:45:40 2026] A fire giant warrior slashes Lord Nagafen for 93 points of damage.
[Wed Aug 05 20:45:40 2026] A fire giant warrior tries to slash Lord Nagafen, but misses!
[Wed Aug 05 20:45:40 2026] A fire giant warrior tries to crush Lord Nagafen, but misses!
[Wed Aug 05 20:45:40 2026] A fire giant warrior crushes Lord Nagafen for 79 points of damage.
[Wed Aug 05 20:45:40 2026] You claw Lord Nagafen for 56 points of damage.
[Wed Aug 05 20:45:40 2026] You claw Lord Nagafen for 87 points of damage.
[Wed Aug 05 20:45:40 2026] You bash Lord Nagafen for 5 points of damage.
[Wed Aug 05 20:45:40 2026] You slash Lord Nagafen for 72 points of damage.
[Wed Aug 05 20:45:41 2026] Lord Nagafen tries to crush YOU, but misses!
[Wed Aug 05 20:45:41 2026] A fire giant warrior bashes Lord Nagafen for 16 points of damage.
[Wed Aug 05 20:45:41 2026] A fire giant warrior tries to bash Lord Nagafen, but misses!
[Wed Aug 05 20:45:41 2026] A fire giant warrior slashes Lord Nagafen for 98 points of damage.
[Wed Aug 05 20:45:41 2026] A fire giant warrior tries to slash Lord Nagafen, but misses!
[Wed Aug 05 20:45:41 2026] A fire giant warrior crushes Lord Nagafen for 43 points of damage.
[Wed Aug 05 20:45:41 2026] A fire giant warrior crushes Lord Nagafen for 70 points of damage.
[Wed Aug 05 20:45:41 2026] You smite Lord Nagafen for 7 points of damage.
[Wed Aug 05 20:45:41 2026] You hit Lord Nagafen for 259 points of magic damage by Smiting Strike.
[Wed Aug 05 20:45:41 2026] Lord Nagafen staggers.
[Wed Aug 05 20:45:41 2026] You try to smite Lord Nagafen, but miss!
[Wed Aug 05 20:45:41 2026] You have taken 125 damage from Ignite Blood by Lord Nagafen.
[Wed Aug 05 20:45:41 2026] You claw Lord Nagafen for 40 points of damage.
[Wed Aug 05 20:45:42 2026] You slash Lord Nagafen for 27 points of damage.
[Wed Aug 05 20:45:42 2026] A fire giant warrior slashes Lord Nagafen for 29 points of damage.
[Wed Aug 05 20:45:42 2026] A fire giant warrior crushes Lord Nagafen for 79 points of damage.
[Wed Aug 05 20:45:42 2026] You strike Lord Nagafen for 34 points of damage.
[Wed Aug 05 20:45:42 2026] A fire giant warrior tries to frenzy on Lord Nagafen, but misses!
[Wed Aug 05 20:45:43 2026] You begin casting Lay on Hands X.
[Wed Aug 05 20:45:43 2026] You feel a healing touch.
[Wed Aug 05 20:45:43 2026] You healed Primitive for 3915 (17226) hit points by Lay on Hands X.
[Wed Aug 05 20:45:43 2026] You claw Lord Nagafen for 4 points of damage.
[Wed Aug 05 20:45:43 2026] You claw Lord Nagafen for 22 points of damage.
[Wed Aug 05 20:45:43 2026] A fire giant warrior cleaves Lord Nagafen for 20 points of damage.
[Wed Aug 05 20:45:43 2026] You slash Lord Nagafen for 46 points of damage.
[Wed Aug 05 20:45:43 2026] Lord Nagafen hit you for 236 points of magic damage by Earthquake.
[Wed Aug 05 20:45:43 2026] You feel the ground shake.
[Wed Aug 05 20:45:43 2026] Lord Nagafen crushes YOU for 111 points of damage.
[Wed Aug 05 20:45:44 2026] A fire giant warrior tries to slash Lord Nagafen, but misses!
[Wed Aug 05 20:45:44 2026] A fire giant warrior tries to kick Lord Nagafen, but misses!
[Wed Aug 05 20:45:44 2026] A fire giant warrior tries to kick Lord Nagafen, but misses!
[Wed Aug 05 20:45:44 2026] You try to claw Lord Nagafen, but miss!
[Wed Aug 05 20:45:44 2026] You kick Lord Nagafen for 56 points of damage.
[Wed Aug 05 20:45:44 2026] You kick Lord Nagafen for 93 points of damage.
[Wed Aug 05 20:45:44 2026] You try to bash Lord Nagafen, but miss!
[Wed Aug 05 20:45:44 2026] You try to slash Lord Nagafen, but miss!
[Wed Aug 05 20:45:44 2026] You slash Lord Nagafen for 94 points of damage. (Critical)
[Wed Aug 05 20:45:45 2026] A fire giant warrior slashes Lord Nagafen for 75 points of damage.
[Wed Aug 05 20:45:45 2026] A fire giant warrior slashes Lord Nagafen for 66 points of damage.
[Wed Aug 05 20:45:45 2026] A fire giant warrior crushes Lord Nagafen for 56 points of damage.
[Wed Aug 05 20:45:45 2026] A fire giant warrior tries to crush Lord Nagafen, but misses!
[Wed Aug 05 20:45:45 2026] A fire giant warrior bashes Lord Nagafen for 16 points of damage.
[Wed Aug 05 20:45:45 2026] A fire giant warrior bashes Lord Nagafen for 16 points of damage.
[Wed Aug 05 20:45:46 2026] You regain your concentration and continue your casting.
[Wed Aug 05 20:45:46 2026] Your Polished Mithril Mask (Exaltation) feels alive with power.
[Wed Aug 05 20:45:46 2026] Your target is immune to the stun portion of this effect.
[Wed Aug 05 20:45:46 2026] You hit Lord Nagafen for 528 points of magic damage by Discordant Mind.
[Wed Aug 05 20:45:46 2026] Lord Nagafen's brain begins to melt.
[Wed Aug 05 20:45:46 2026] You claw Lord Nagafen for 89 points of damage.
[Wed Aug 05 20:45:46 2026] You claw Lord Nagafen for 24 points of damage.
[Wed Aug 05 20:45:46 2026] You slash Lord Nagafen for 53 points of damage.
[Wed Aug 05 20:45:46 2026] You slash Lord Nagafen for 55 points of damage.
[Wed Aug 05 20:45:46 2026] You try to strike Lord Nagafen, but miss!
[Wed Aug 05 20:45:46 2026] A fire giant warrior tries to slash Lord Nagafen, but misses!
[Wed Aug 05 20:45:46 2026] A fire giant warrior slashes Lord Nagafen for 89 points of damage.
[Wed Aug 05 20:45:46 2026] Lord Nagafen crushes YOU for 40 points of damage.
[Wed Aug 05 20:45:46 2026] Lord Nagafen crushes YOU for 92 points of damage.
[Wed Aug 05 20:45:47 2026] Lord Nagafen cleaves YOU for 111 points of damage.
[Wed Aug 05 20:45:47 2026] Lord Nagafen tries to cleave YOU, but misses!
[Wed Aug 05 20:45:47 2026] You hit Lord Nagafen for 31 points of magic damage by Lifetap Strike.
[Wed Aug 05 20:45:47 2026] Lord Nagafen staggers.
[Wed Aug 05 20:45:47 2026] You healed Primitive for 32 hit points by Lifetap Strike.
[Wed Aug 05 20:45:47 2026] You try to slash Lord Nagafen, but miss!
[Wed Aug 05 20:45:47 2026] You have taken 125 damage from Ignite Blood by Lord Nagafen.
[Wed Aug 05 20:45:47 2026] You claw Lord Nagafen for 52 points of damage. (Critical)
[Wed Aug 05 20:45:47 2026] You claw Lord Nagafen for 24 points of damage.
[Wed Aug 05 20:45:47 2026] A fire giant warrior slashes Lord Nagafen for 84 points of damage.
[Wed Aug 05 20:45:48 2026] A fire giant warrior tries to kick Lord Nagafen, but misses!
[Wed Aug 05 20:45:49 2026] You slash Lord Nagafen for 86 points of damage.
[Wed Aug 05 20:45:49 2026] You slash Lord Nagafen for 102 points of damage.
[Wed Aug 05 20:45:49 2026] A fire giant warrior slashes Lord Nagafen for 107 points of damage.
[Wed Aug 05 20:45:49 2026] A fire giant warrior crushes Lord Nagafen for 20 points of damage.
[Wed Aug 05 20:45:49 2026] A fire giant warrior crushes Lord Nagafen for 61 points of damage.
[Wed Aug 05 20:45:49 2026] You try to claw Lord Nagafen, but miss!
[Wed Aug 05 20:45:49 2026] Lord Nagafen tries to crush YOU, but misses!
[Wed Aug 05 20:45:49 2026] You bash Lord Nagafen for 52 points of damage. (Critical)
[Wed Aug 05 20:45:49 2026] You bash Lord Nagafen for 90 points of damage. (Critical)
[Wed Aug 05 20:45:49 2026] You kick Lord Nagafen for 25 points of damage.
[Wed Aug 05 20:45:49 2026] You try to kick Lord Nagafen, but miss!
[Wed Aug 05 20:45:49 2026] A fire giant warrior tries to cleave Lord Nagafen, but misses!
[Wed Aug 05 20:45:49 2026] You smite Lord Nagafen for 20 points of damage.
[Wed Aug 05 20:45:49 2026] You hit Lord Nagafen for 259 points of magic damage by Smiting Strike.
[Wed Aug 05 20:45:49 2026] Lord Nagafen staggers.
[Wed Aug 05 20:45:49 2026] You try to smite Lord Nagafen, but miss!
[Wed Aug 05 20:45:49 2026] You strike Lord Nagafen for 22 points of damage.
[Wed Aug 05 20:45:50 2026] A fire giant warrior tries to bash Lord Nagafen, but misses!
[Wed Aug 05 20:45:50 2026] A fire giant warrior bashes Lord Nagafen for 16 points of damage.
[Wed Aug 05 20:45:50 2026] You try to slash Lord Nagafen, but miss!
[Wed Aug 05 20:45:50 2026] A fire giant warrior slashes Lord Nagafen for 70 points of damage.
[Wed Aug 05 20:45:50 2026] A fire giant warrior tries to slash Lord Nagafen, but misses!
[Wed Aug 05 20:45:50 2026] You claw Lord Nagafen for 89 points of damage.
[Wed Aug 05 20:45:51 2026] A fire giant warrior frenzies on Lord Nagafen for 33 points of damage.
[Wed Aug 05 20:45:51 2026] A fire giant warrior tries to slash Lord Nagafen, but misses!
[Wed Aug 05 20:45:51 2026] A fire giant warrior tries to crush Lord Nagafen, but misses!
[Wed Aug 05 20:45:51 2026] You slash Lord Nagafen for 86 points of damage.
[Wed Aug 05 20:45:52 2026] Lord Nagafen tries to crush YOU, but misses!
[Wed Aug 05 20:45:52 2026] You claw Lord Nagafen for 44 points of damage.
[Wed Aug 05 20:45:52 2026] You try to claw Lord Nagafen, but miss!
[Wed Aug 05 20:45:53 2026] A fire giant warrior kicks Lord Nagafen for 47 points of damage.
[Wed Aug 05 20:45:53 2026] A fire giant warrior kicks Lord Nagafen for 25 points of damage.
[Wed Aug 05 20:45:53 2026] A fire giant warrior slashes Lord Nagafen for 38 points of damage.
[Wed Aug 05 20:45:53 2026] A fire giant warrior slashes Lord Nagafen for 38 points of damage.
[Wed Aug 05 20:45:53 2026] A fire giant warrior tries to crush Lord Nagafen, but misses!
[Wed Aug 05 20:45:53 2026] A fire giant warrior tries to crush Lord Nagafen, but misses!
[Wed Aug 05 20:45:53 2026] Your blood cools.
[Wed Aug 05 20:45:53 2026] You slash Lord Nagafen for 56 points of damage.
[Wed Aug 05 20:45:53 2026] You strike Lord Nagafen for 32 points of damage.
[Wed Aug 05 20:45:53 2026] You have taken 125 damage from Ignite Blood by Lord Nagafen.
[Wed Aug 05 20:45:53 2026] You claw Lord Nagafen for 74 points of damage.
[Wed Aug 05 20:45:53 2026] You claw Lord Nagafen for 29 points of damage.
[Wed Aug 05 20:45:54 2026] You bash Lord Nagafen for 25 points of damage.
[Wed Aug 05 20:45:54 2026] A fire giant warrior slashes Lord Nagafen for 84 points of damage.
[Wed Aug 05 20:45:54 2026] A fire giant warrior slashes Lord Nagafen for 89 points of damage.
[Wed Aug 05 20:45:54 2026] You kick Lord Nagafen for 26 points of damage.
[Wed Aug 05 20:45:54 2026] You hit Lord Nagafen for 31 points of magic damage by Lifetap Strike.
[Wed Aug 05 20:45:54 2026] Lord Nagafen staggers.
[Wed Aug 05 20:45:54 2026] You healed Primitive for 32 hit points by Lifetap Strike.
[Wed Aug 05 20:45:54 2026] You try to slash Lord Nagafen, but miss!
[Wed Aug 05 20:45:54 2026] You begin to change your stance.
[Wed Aug 05 20:45:54 2026] A fire giant warrior tries to bash Lord Nagafen, but misses!
[Wed Aug 05 20:45:54 2026] Lord Nagafen crushes YOU for 111 points of damage.
[Wed Aug 05 20:45:55 2026] You assume an offensive stance.
[Wed Aug 05 20:45:55 2026] You try to claw Lord Nagafen, but miss!
[Wed Aug 05 20:45:55 2026] You claw Lord Nagafen for 78 points of damage.
[Wed Aug 05 20:45:55 2026] A fire giant warrior tries to slash Lord Nagafen, but misses!
[Wed Aug 05 20:45:55 2026] A fire giant warrior slashes Lord Nagafen for 89 points of damage.
[Wed Aug 05 20:45:55 2026] A fire giant warrior tries to crush Lord Nagafen, but misses!
[Wed Aug 05 20:45:56 2026] You try to slash Lord Nagafen, but Lord Nagafen blocks!
[Wed Aug 05 20:45:56 2026] You slash Lord Nagafen for 120 points of damage.
[Wed Aug 05 20:45:56 2026] Lord Nagafen hit you for 600 points of fire damage by Lava Breath.
[Wed Aug 05 20:45:56 2026] Your body combusts as the lava hits you.
[Wed Aug 05 20:45:56 2026] A fire giant warrior tries to cleave Lord Nagafen, but misses!
[Wed Aug 05 20:45:56 2026] A fire giant warrior cleaves Lord Nagafen for 84 points of damage.
[Wed Aug 05 20:45:57 2026] A fire giant warrior slashes Lord Nagafen for 107 points of damage.
[Wed Aug 05 20:45:57 2026] A fire giant warrior tries to slash Lord Nagafen, but misses!
[Wed Aug 05 20:45:57 2026] A fire giant warrior crushes Lord Nagafen for 20 points of damage.
[Wed Aug 05 20:45:57 2026] You strike Lord Nagafen for 49 points of damage. (Critical)
[Wed Aug 05 20:45:57 2026] You try to strike Lord Nagafen, but miss!
[Wed Aug 05 20:45:57 2026] You try to slash Lord Nagafen, but miss!
[Wed Aug 05 20:45:57 2026] You try to slash Lord Nagafen, but miss!
[Wed Aug 05 20:45:57 2026] A fire giant warrior kicks Lord Nagafen for 27 points of damage.
[Wed Aug 05 20:45:57 2026] A fire giant warrior tries to kick Lord Nagafen, but misses!
[Wed Aug 05 20:45:57 2026] Lord Nagafen tries to crush YOU, but misses!
[Wed Aug 05 20:45:57 2026] Lord Nagafen crushes YOU for 222 points of damage.
[Wed Aug 05 20:45:58 2026] You smite Lord Nagafen for 2 points of damage.
[Wed Aug 05 20:45:58 2026] You hit Lord Nagafen for 259 points of magic damage by Smiting Strike.
[Wed Aug 05 20:45:58 2026] Lord Nagafen staggers.
[Wed Aug 05 20:45:58 2026] You smite Lord Nagafen for 2 points of damage.
[Wed Aug 05 20:45:58 2026] You hit Lord Nagafen for 259 points of magic damage by Smiting Strike.
[Wed Aug 05 20:45:58 2026] Lord Nagafen staggers.
[Wed Aug 05 20:45:58 2026] You claw Lord Nagafen for 112 points of damage.
[Wed Aug 05 20:45:58 2026] You claw Lord Nagafen for 86 points of damage.
[Wed Aug 05 20:45:58 2026] A fire giant warrior slashes Lord Nagafen for 52 points of damage.
[Wed Aug 05 20:45:58 2026] You try to bash Lord Nagafen, but miss!
[Wed Aug 05 20:45:58 2026] You bash Lord Nagafen for 214 points of damage.
[Wed Aug 05 20:45:58 2026] You try to slash Lord Nagafen, but miss!
[Wed Aug 05 20:45:59 2026] A fire giant warrior frenzies on Lord Nagafen for 47 points of damage.
[Wed Aug 05 20:45:59 2026] A fire giant warrior frenzies on Lord Nagafen for 50 points of damage.
[Wed Aug 05 20:45:59 2026] You kick Lord Nagafen for 81 points of damage. (Critical)
[Wed Aug 05 20:45:59 2026] A fire giant warrior bashes Lord Nagafen for 16 points of damage.
[Wed Aug 05 20:45:59 2026] A fire giant warrior tries to slash Lord Nagafen, but misses!
[Wed Aug 05 20:45:59 2026] A fire giant warrior tries to crush Lord Nagafen, but misses!
[Wed Aug 05 20:45:59 2026] You try to claw Lord Nagafen, but miss!
[Wed Aug 05 20:45:59 2026] You claw Lord Nagafen for 44 points of damage.
[Wed Aug 05 20:46:00 2026] You slash Lord Nagafen for 104 points of damage.
[Wed Aug 05 20:46:00 2026] You slash Lord Nagafen for 320 points of damage.
[Wed Aug 05 20:46:00 2026] Lord Nagafen tries to crush YOU, but misses!
[Wed Aug 05 20:46:00 2026] Lord Nagafen tries to crush YOU, but misses!
[Wed Aug 05 20:46:00 2026] You try to strike Lord Nagafen, but miss!
[Wed Aug 05 20:46:00 2026] You strike Lord Nagafen for 58 points of damage.
[Wed Aug 05 20:46:01 2026] A fire giant warrior tries to slash Lord Nagafen, but misses!
[Wed Aug 05 20:46:01 2026] A fire giant warrior slashes Lord Nagafen for 75 points of damage.
[Wed Aug 05 20:46:01 2026] A fire giant warrior tries to crush Lord Nagafen, but misses!
[Wed Aug 05 20:46:01 2026] A fire giant warrior crushes Lord Nagafen for 24 points of damage.
[Wed Aug 05 20:46:01 2026] You try to claw Lord Nagafen, but miss!
[Wed Aug 05 20:46:01 2026] You claw Lord Nagafen for 74 points of damage.
[Wed Aug 05 20:46:01 2026] This spell only works on constructs or elementals.
[Wed Aug 05 20:46:01 2026] You slash Lord Nagafen for 314 points of damage.
[Wed Aug 05 20:46:02 2026] A fire giant warrior tries to slash Lord Nagafen, but misses!
[Wed Aug 05 20:46:02 2026] A fire giant warrior tries to crush Lord Nagafen, but misses!
[Wed Aug 05 20:46:02 2026] A fire giant warrior kicks Lord Nagafen for 41 points of damage.
[Wed Aug 05 20:46:02 2026] You can't use that command right now...
[Wed Aug 05 20:46:02 2026] Your Djarn's Amethyst Ring (Exaltation) shimmers briefly.
[Wed Aug 05 20:46:02 2026] You begin casting Superior Healing IV.
[Wed Aug 05 20:46:03 2026] A fire giant warrior tries to cleave Lord Nagafen, but misses!
[Wed Aug 05 20:46:03 2026] A fire giant warrior cleaves Lord Nagafen for 20 points of damage.
[Wed Aug 05 20:46:03 2026] Lord Nagafen tries to crush YOU, but misses!
[Wed Aug 05 20:46:03 2026] A fire giant warrior slashes Lord Nagafen for 84 points of damage.
[Wed Aug 05 20:46:03 2026] A fire giant warrior tries to slash Lord Nagafen, but misses!
[Wed Aug 05 20:46:03 2026] A fire giant warrior tries to crush Lord Nagafen, but misses!
[Wed Aug 05 20:46:03 2026] A fire giant warrior crushes Lord Nagafen for 66 points of damage.
[Wed Aug 05 20:46:03 2026] A fire giant warrior tries to bash Lord Nagafen, but misses!
[Wed Aug 05 20:46:03 2026] A fire giant warrior bashes Lord Nagafen for 16 points of damage.
[Wed Aug 05 20:46:04 2026] A fire giant warrior tries to slash Lord Nagafen, but misses!
[Wed Aug 05 20:46:04 2026] A fire giant warrior slashes Lord Nagafen for 20 points of damage.
[Wed Aug 05 20:46:04 2026] Lord Nagafen resisted a fire giant warrior's Burn!
[Wed Aug 05 20:46:04 2026] A fire giant warrior tries to crush Lord Nagafen, but misses!
[Wed Aug 05 20:46:04 2026] A fire giant warrior tries to crush Lord Nagafen, but misses!
[Wed Aug 05 20:46:05 2026] Your Idol of the Underking (Exaltation) feels alive with power.
[Wed Aug 05 20:46:05 2026] You feel much better.
[Wed Aug 05 20:46:05 2026] You healed Primitive for 884 hit points by Superior Healing.
[Wed Aug 05 20:46:05 2026] Your Polished Mithril Mask (Exaltation) feels alive with power.
[Wed Aug 05 20:46:05 2026] Your target is immune to the stun portion of this effect.
[Wed Aug 05 20:46:05 2026] You hit Lord Nagafen for 471 points of magic damage by Discordant Mind.
[Wed Aug 05 20:46:05 2026] Lord Nagafen's brain begins to melt.
[Wed Aug 05 20:46:05 2026] You claw Lord Nagafen for 6 points of damage.
[Wed Aug 05 20:46:05 2026] You slash Lord Nagafen for 96 points of damage.
[Wed Aug 05 20:46:05 2026] You try to slash Lord Nagafen, but miss!
[Wed Aug 05 20:46:05 2026] You try to bash Lord Nagafen, but miss!
[Wed Aug 05 20:46:05 2026] You bash Lord Nagafen for 94 points of damage.
[Wed Aug 05 20:46:05 2026] You kick Lord Nagafen for 96 points of damage.
[Wed Aug 05 20:46:05 2026] You kick Lord Nagafen for 98 points of damage.
[Wed Aug 05 20:46:05 2026] You try to strike Lord Nagafen, but miss!
[Wed Aug 05 20:46:05 2026] You strike Lord Nagafen for 52 points of damage.
[Wed Aug 05 20:46:06 2026] Lord Nagafen crushes YOU for 81 points of damage.
[Wed Aug 05 20:46:06 2026] Lord Nagafen crushes YOU for 222 points of damage.
[Wed Aug 05 20:46:06 2026] Lord Nagafen tries to cleave YOU, but misses!
[Wed Aug 05 20:46:06 2026] A fire giant warrior slashes Lord Nagafen for 24 points of damage.
[Wed Aug 05 20:46:06 2026] A fire giant warrior slashes Lord Nagafen for 20 points of damage.
[Wed Aug 05 20:46:06 2026] A fire giant warrior tries to crush Lord Nagafen, but misses!
[Wed Aug 05 20:46:06 2026] A fire giant warrior tries to crush Lord Nagafen, but misses!
[Wed Aug 05 20:46:06 2026] You smite Lord Nagafen for 24 points of damage.
[Wed Aug 05 20:46:06 2026] You hit Lord Nagafen for 259 points of magic damage by Smiting Strike.
[Wed Aug 05 20:46:06 2026] Lord Nagafen staggers.
[Wed Aug 05 20:46:06 2026] You try to slash Lord Nagafen, but miss!
[Wed Aug 05 20:46:06 2026] You slash Lord Nagafen for 48 points of damage.
[Wed Aug 05 20:46:06 2026] You try to claw Lord Nagafen, but miss!
[Wed Aug 05 20:46:06 2026] You claw Lord Nagafen for 178 points of damage.
[Wed Aug 05 20:46:06 2026] A fire giant warrior kicks Lord Nagafen for 51 points of damage.
[Wed Aug 05 20:46:07 2026] A fire giant warrior slashes Lord Nagafen for 98 points of damage.
[Wed Aug 05 20:46:07 2026] A fire giant warrior tries to frenzy on Lord Nagafen, but misses!
[Wed Aug 05 20:46:07 2026] A fire giant warrior frenzies on Lord Nagafen for 47 points of damage.
[Wed Aug 05 20:46:08 2026] You slash Lord Nagafen for 54 points of damage.
[Wed Aug 05 20:46:08 2026] You slash Lord Nagafen for 42 points of damage.
[Wed Aug 05 20:46:08 2026] You claw Lord Nagafen for 20 points of damage.
[Wed Aug 05 20:46:08 2026] A fire giant warrior tries to bash Lord Nagafen, but misses!
[Wed Aug 05 20:46:08 2026] A fire giant warrior tries to bash Lord Nagafen, but misses!
[Wed Aug 05 20:46:08 2026] A fire giant warrior slashes Lord Nagafen for 29 points of damage.
[Wed Aug 05 20:46:08 2026] A fire giant warrior slashes Lord Nagafen for 33 points of damage.
[Wed Aug 05 20:46:08 2026] Lord Nagafen crushes YOU for 105 points of damage.
[Wed Aug 05 20:46:09 2026] You strike Lord Nagafen for 36 points of damage.
[Wed Aug 05 20:46:09 2026] You try to strike Lord Nagafen, but miss!
[Wed Aug 05 20:46:09 2026] You try to slash Lord Nagafen, but Lord Nagafen blocks!
[Wed Aug 05 20:46:09 2026] A fire giant warrior cleaves Lord Nagafen for 75 points of damage.
[Wed Aug 05 20:46:09 2026] A fire giant warrior cleaves Lord Nagafen for 20 points of damage.
[Wed Aug 05 20:46:09 2026] You begin to change your invocation.
[Wed Aug 05 20:46:10 2026] You bash Lord Nagafen for 86 points of damage.
[Wed Aug 05 20:46:10 2026] You bash Lord Nagafen for 90 points of damage.
[Wed Aug 05 20:46:10 2026] A fire giant warrior tries to slash Lord Nagafen, but misses!
[Wed Aug 05 20:46:10 2026] A fire giant warrior tries to crush Lord Nagafen, but misses!
[Wed Aug 05 20:46:10 2026] You kick Lord Nagafen for 64 points of damage.
[Wed Aug 05 20:46:10 2026] You try to kick Lord Nagafen, but miss!
[Wed Aug 05 20:46:10 2026] Lord Nagafen hit you for 600 points of fire damage by Lava Breath.
[Wed Aug 05 20:46:10 2026] Your body combusts as the lava hits you.
[Wed Aug 05 20:46:10 2026] Lord Nagafen hit a fire giant warrior for 600 points of fire damage by Lava Breath.
[Wed Aug 05 20:46:10 2026] A fire giant warrior's body combusts as the lava hits them.
[Wed Aug 05 20:46:10 2026] You begin reciting the inversion invocation.
[Wed Aug 05 20:46:10 2026] This spell only works on constructs or elementals.
[Wed Aug 05 20:46:10 2026] You hit Lord Nagafen for 95 points of magic damage by Lifetap Strike. (Critical)
[Wed Aug 05 20:46:10 2026] Lord Nagafen staggers.
[Wed Aug 05 20:46:10 2026] You healed Primitive for 100 hit points by Lifetap Strike.
[Wed Aug 05 20:46:10 2026] You try to slash Lord Nagafen, but Lord Nagafen parries!
[Wed Aug 05 20:46:10 2026] Lord Nagafen tries to crush YOU, but YOU parry!
[Wed Aug 05 20:46:11 2026] A fire giant warrior tries to slash Lord Nagafen, but misses!
[Wed Aug 05 20:46:11 2026] A fire giant warrior slashes Lord Nagafen for 107 points of damage.
[Wed Aug 05 20:46:11 2026] A fire giant warrior tries to crush Lord Nagafen, but misses!
[Wed Aug 05 20:46:11 2026] A fire giant warrior crushes Lord Nagafen for 102 points of damage.
[Wed Aug 05 20:46:11 2026] A fire giant warrior tries to kick Lord Nagafen, but misses!
[Wed Aug 05 20:46:11 2026] You can't use that command right now...
[Wed Aug 05 20:46:11 2026] Lord Nagafen crushes YOU for 222 points of damage.
[Wed Aug 05 20:46:11 2026] Lord Nagafen crushes YOU for 74 points of damage.
[Wed Aug 05 20:46:11 2026] Your Djarn's Amethyst Ring (Exaltation) shimmers briefly.
[Wed Aug 05 20:46:11 2026] You begin casting Superior Healing IV.
[Wed Aug 05 20:46:11 2026] You can't use that command right now...
[Wed Aug 05 20:46:12 2026] Your Idol of the Underking (Exaltation) feels alive with power.
[Wed Aug 05 20:46:12 2026] You feel much better.
[Wed Aug 05 20:46:12 2026] You healed Primitive for 805 hit points by Superior Healing.
[Wed Aug 05 20:46:12 2026] You slash Lord Nagafen for 70 points of damage.
[Wed Aug 05 20:46:12 2026] You slash Lord Nagafen for 265 points of damage. (Critical)
[Wed Aug 05 20:46:12 2026] You slash Lord Nagafen for 116 points of damage. (Critical)
[Wed Aug 05 20:46:12 2026] A fire giant warrior tries to slash Lord Nagafen, but misses!
[Wed Aug 05 20:46:12 2026] A fire giant warrior slashes Lord Nagafen for 89 points of damage.
[Wed Aug 05 20:46:12 2026] You try to strike Lord Nagafen, but miss!
[Wed Aug 05 20:46:12 2026] You try to strike Lord Nagafen, but miss!
[Wed Aug 05 20:46:12 2026] You try to claw Lord Nagafen, but miss!
[Wed Aug 05 20:46:12 2026] You claw Lord Nagafen for 88 points of damage.
[Wed Aug 05 20:46:12 2026] A fire giant warrior tries to bash Lord Nagafen, but misses!
[Wed Aug 05 20:46:13 2026] You slash Lord Nagafen for 38 points of damage.
[Wed Aug 05 20:46:13 2026] You slash Lord Nagafen for 86 points of damage. (Critical)
[Wed Aug 05 20:46:14 2026] A fire giant warrior tries to slash Lord Nagafen, but misses!
[Wed Aug 05 20:46:14 2026] A fire giant warrior slashes Lord Nagafen for 107 points of damage.
[Wed Aug 05 20:46:14 2026] A fire giant warrior crushes Lord Nagafen for 107 points of damage.
[Wed Aug 05 20:46:14 2026] A fire giant warrior tries to crush Lord Nagafen, but misses!
[Wed Aug 05 20:46:14 2026] You claw Lord Nagafen for 178 points of damage.
[Wed Aug 05 20:46:14 2026] You claw Lord Nagafen for 88 points of damage. (Critical)
[Wed Aug 05 20:46:14 2026] Lord Nagafen crushes YOU for 190 points of damage.
[Wed Aug 05 20:46:14 2026] Lord Nagafen tries to crush YOU, but misses!
[Wed Aug 05 20:46:14 2026] You try to bash Lord Nagafen, but miss!
[Wed Aug 05 20:46:14 2026] You bash Lord Nagafen for 16 points of damage.
[Wed Aug 05 20:46:14 2026] You try to smite Lord Nagafen, but miss!
[Wed Aug 05 20:46:14 2026] You smite Lord Nagafen for 28 points of damage.
[Wed Aug 05 20:46:14 2026] You hit Lord Nagafen for 259 points of magic damage by Smiting Strike.
[Wed Aug 05 20:46:14 2026] Lord Nagafen staggers.
[Wed Aug 05 20:46:14 2026] You try to kick Lord Nagafen, but miss!
[Wed Aug 05 20:46:14 2026] You try to kick Lord Nagafen, but miss!
[Wed Aug 05 20:46:15 2026] You try to slash Lord Nagafen, but miss!
[Wed Aug 05 20:46:15 2026] A fire giant warrior tries to slash Lord Nagafen, but misses!
[Wed Aug 05 20:46:15 2026] A fire giant warrior slashes Lord Nagafen for 98 points of damage.
[Wed Aug 05 20:46:15 2026] A fire giant warrior crushes Lord Nagafen for 52 points of damage.
[Wed Aug 05 20:46:15 2026] You claw Lord Nagafen for 36 points of damage.
[Wed Aug 05 20:46:15 2026] You claw Lord Nagafen for 64 points of damage.
[Wed Aug 05 20:46:15 2026] A fire giant warrior frenzies on Lord Nagafen for 36 points of damage.
[Wed Aug 05 20:46:15 2026] A fire giant warrior kicks Lord Nagafen for 45 points of damage.
[Wed Aug 05 20:46:15 2026] A fire giant warrior kicks Lord Nagafen for 51 points of damage.
[Wed Aug 05 20:46:16 2026] You strike Lord Nagafen for 54 points of damage.
[Wed Aug 05 20:46:16 2026] You strike Lord Nagafen for 92 points of damage.
[Wed Aug 05 20:46:16 2026] A fire giant warrior cleaves Lord Nagafen for 29 points of damage.
[Wed Aug 05 20:46:16 2026] You slash Lord Nagafen for 218 points of damage.
[Wed Aug 05 20:46:16 2026] A fire giant warrior slashes Lord Nagafen for 66 points of damage.
[Wed Aug 05 20:46:16 2026] A fire giant warrior slashes Lord Nagafen for 107 points of damage.
[Wed Aug 05 20:46:16 2026] A fire giant warrior tries to crush Lord Nagafen, but misses!
[Wed Aug 05 20:46:17 2026] Lord Nagafen crushes YOU for 222 points of damage.
[Wed Aug 05 20:46:17 2026] You can't use that command right now...
[Wed Aug 05 20:46:17 2026] You can't use that command right now...
[Wed Aug 05 20:46:17 2026] Your Djarn's Amethyst Ring (Exaltation) shimmers briefly.
[Wed Aug 05 20:46:17 2026] You begin casting Superior Healing IV.
[Wed Aug 05 20:46:17 2026] You can't use that command right now...
[Wed Aug 05 20:46:17 2026] A fire giant warrior bashes Lord Nagafen for 16 points of damage.
[Wed Aug 05 20:46:17 2026] A fire giant warrior slashes Lord Nagafen for 20 points of damage.
[Wed Aug 05 20:46:17 2026] A fire giant warrior slashes Lord Nagafen for 52 points of damage.
[Wed Aug 05 20:46:17 2026] A fire giant warrior crushes Lord Nagafen for 38 points of damage.
[Wed Aug 05 20:46:17 2026] A fire giant warrior tries to crush Lord Nagafen, but misses!
[Wed Aug 05 20:46:17 2026] You regain your concentration and continue your casting.
[Wed Aug 05 20:46:17 2026] Your Idol of the Underking (Exaltation) feels alive with power.
[Wed Aug 05 20:46:17 2026] You feel much better.
[Wed Aug 05 20:46:17 2026] You healed Primitive for 928 hit points by Superior Healing.
[Wed Aug 05 20:46:17 2026] You try to claw Lord Nagafen, but miss!
[Wed Aug 05 20:46:17 2026] You try to slash Lord Nagafen, but miss!
[Wed Aug 05 20:46:17 2026] You slash Lord Nagafen for 92 points of damage.
[Wed Aug 05 20:46:18 2026] You try to claw Lord Nagafen, but Lord Nagafen blocks!
[Wed Aug 05 20:46:19 2026] You bash Lord Nagafen for 52 points of damage.
[Wed Aug 05 20:46:19 2026] You bash Lord Nagafen for 76 points of damage.
[Wed Aug 05 20:46:19 2026] A fire giant warrior slashes Lord Nagafen for 33 points of damage.
[Wed Aug 05 20:46:19 2026] A fire giant warrior tries to crush Lord Nagafen, but misses!
[Wed Aug 05 20:46:19 2026] You slash Lord Nagafen for 172 points of damage.
[Wed Aug 05 20:46:19 2026] You try to slash Lord Nagafen, but miss!
[Wed Aug 05 20:46:19 2026] You kick Lord Nagafen for 64 points of damage.
[Wed Aug 05 20:46:19 2026] You try to kick Lord Nagafen, but miss!
[Wed Aug 05 20:46:19 2026] You strike Lord Nagafen for 12 points of damage.
[Wed Aug 05 20:46:19 2026] You strike Lord Nagafen for 142 points of damage.
[Wed Aug 05 20:46:19 2026] Lord Nagafen crushes YOU for 175 points of damage.
[Wed Aug 05 20:46:19 2026] Lord Nagafen tries to crush YOU, but misses!
[Wed Aug 05 20:46:20 2026] You try to claw Lord Nagafen, but miss!
[Wed Aug 05 20:46:20 2026] You claw Lord Nagafen for 70 points of damage.
[Wed Aug 05 20:46:20 2026] A fire giant warrior tries to kick Lord Nagafen, but misses!
[Wed Aug 05 20:46:20 2026] A fire giant warrior tries to slash Lord Nagafen, but misses!
[Wed Aug 05 20:46:20 2026] A fire giant warrior tries to slash Lord Nagafen, but misses!
[Wed Aug 05 20:46:20 2026] A fire giant warrior crushes Lord Nagafen for 20 points of damage.
[Wed Aug 05 20:46:20 2026] You slash Lord Nagafen for 54 points of damage.
[Wed Aug 05 20:46:20 2026] You slash Lord Nagafen for 110 points of damage.
[Wed Aug 05 20:46:21 2026] A fire giant warrior tries to slash Lord Nagafen, but misses!
[Wed Aug 05 20:46:21 2026] A fire giant warrior tries to slash Lord Nagafen, but misses!
[Wed Aug 05 20:46:21 2026] You try to claw Lord Nagafen, but miss!
[Wed Aug 05 20:46:21 2026] You try to claw Lord Nagafen, but miss!
[Wed Aug 05 20:46:21 2026] A fire giant warrior tries to bash Lord Nagafen, but misses!
[Wed Aug 05 20:46:21 2026] A fire giant warrior bashes Lord Nagafen for 16 points of damage.
[Wed Aug 05 20:46:22 2026] You try to slash Lord Nagafen, but miss!
[Wed Aug 05 20:46:22 2026] Lord Nagafen tries to crush YOU, but YOU block!
[Wed Aug 05 20:46:22 2026] Lord Nagafen crushes YOU for 168 points of damage.
[Wed Aug 05 20:46:23 2026] A fire giant warrior cleaves Lord Nagafen for 107 points of damage.
[Wed Aug 05 20:46:23 2026] A fire giant warrior cleaves Lord Nagafen for 98 points of damage.
[Wed Aug 05 20:46:23 2026] A fire giant warrior tries to slash Lord Nagafen, but misses!
[Wed Aug 05 20:46:23 2026] A fire giant warrior slashes Lord Nagafen for 43 points of damage.
[Wed Aug 05 20:46:23 2026] You try to smite Lord Nagafen, but miss!
[Wed Aug 05 20:46:23 2026] You try to smite Lord Nagafen, but Lord Nagafen blocks!
[Wed Aug 05 20:46:23 2026] You strike Lord Nagafen for 68 points of damage.
[Wed Aug 05 20:46:23 2026] You strike Lord Nagafen for 44 points of damage.
[Wed Aug 05 20:46:23 2026] You claw Lord Nagafen for 60 points of damage.
[Wed Aug 05 20:46:23 2026] You try to slash Lord Nagafen, but miss!
[Wed Aug 05 20:46:23 2026] Lord Nagafen hit you for 600 points of fire damage by Lava Breath.
[Wed Aug 05 20:46:23 2026] Your body combusts as the lava hits you.
[Wed Aug 05 20:46:23 2026] Lord Nagafen hit a fire giant warrior for 36 points of fire damage by Lava Breath.
[Wed Aug 05 20:46:23 2026] A fire giant warrior's body combusts as the lava hits them.
[Wed Aug 05 20:46:23 2026] You bash Lord Nagafen for 4 points of damage.
[Wed Aug 05 20:46:24 2026] A fire giant warrior frenzies on Lord Nagafen for 40 points of damage.
[Wed Aug 05 20:46:24 2026] A fire giant warrior frenzies on Lord Nagafen for 38 points of damage.
[Wed Aug 05 20:46:24 2026] A fire giant warrior slashes Lord Nagafen for 20 points of damage.
[Wed Aug 05 20:46:24 2026] A fire giant warrior slashes Lord Nagafen for 61 points of damage.
[Wed Aug 05 20:46:24 2026] You kick Lord Nagafen for 102 points of damage.
[Wed Aug 05 20:46:24 2026] You kick Lord Nagafen for 110 points of damage.
[Wed Aug 05 20:46:24 2026] Lord Nagafen tries to cleave YOU, but YOU parry!
[Wed Aug 05 20:46:24 2026] Lord Nagafen tries to cleave YOU, but YOU block!
[Wed Aug 05 20:46:24 2026] You claw Lord Nagafen for 6 points of damage.
[Wed Aug 05 20:46:24 2026] You try to claw Lord Nagafen, but miss!
[Wed Aug 05 20:46:24 2026] You slash Lord Nagafen for 120 points of damage.
[Wed Aug 05 20:46:24 2026] You try to slash Lord Nagafen, but miss!
[Wed Aug 05 20:46:25 2026] A fire giant warrior kicks Lord Nagafen for 51 points of damage.
[Wed Aug 05 20:46:25 2026] Lord Nagafen crushes YOU for 81 points of damage.
[Wed Aug 05 20:46:25 2026] Lord Nagafen crushes YOU for 199 points of damage.
[Wed Aug 05 20:46:25 2026] A fire giant warrior tries to slash Lord Nagafen, but misses!
[Wed Aug 05 20:46:26 2026] You try to slash Lord Nagafen, but Lord Nagafen dodges!
[Wed Aug 05 20:46:26 2026] You slash Lord Nagafen for 176 points of damage.
[Wed Aug 05 20:46:26 2026] You slash Lord Nagafen for 128 points of damage.
[Wed Aug 05 20:46:26 2026] A fire giant warrior bashes Lord Nagafen for 16 points of damage.
[Wed Aug 05 20:46:26 2026] You claw Lord Nagafen for 61 points of damage. (Critical)
[Wed Aug 05 20:46:26 2026] You try to claw Lord Nagafen, but miss!
[Wed Aug 05 20:46:26 2026] Lord Nagafen begins casting Immobilize.
[Wed Aug 05 20:46:26 2026] You strike Lord Nagafen for 60 points of damage.
[Wed Aug 05 20:46:26 2026] You strike Lord Nagafen for 66 points of damage.
[Wed Aug 05 20:46:26 2026] A fire giant warrior tries to slash Lord Nagafen, but misses!
[Wed Aug 05 20:46:26 2026] A fire giant warrior slashes Lord Nagafen for 107 points of damage.
[Wed Aug 05 20:46:26 2026] A fire giant warrior tries to crush Lord Nagafen, but misses!
[Wed Aug 05 20:46:26 2026] A fire giant warrior crushes Lord Nagafen for 20 points of damage.
[Wed Aug 05 20:46:27 2026] You resist Lord Nagafen's Immobilize!
[Wed Aug 05 20:46:27 2026] You try to slash Lord Nagafen, but Lord Nagafen blocks!
[Wed Aug 05 20:46:27 2026] You slash Lord Nagafen for 318 points of damage.
[Wed Aug 05 20:46:27 2026] You claw Lord Nagafen for 28 points of damage.
[Wed Aug 05 20:46:27 2026] You try to claw Lord Nagafen, but Lord Nagafen blocks!
[Wed Aug 05 20:46:28 2026] You resist Lord Nagafen's Earthquake!
[Wed Aug 05 20:46:28 2026] Lord Nagafen tries to crush YOU, but YOU riposte!
[Wed Aug 05 20:46:28 2026] You try to slash Lord Nagafen, but miss! (Riposte)
[Wed Aug 05 20:46:28 2026] Lord Nagafen crushes YOU for 97 points of damage.
[Wed Aug 05 20:46:28 2026] You try to bash Lord Nagafen, but miss!
[Wed Aug 05 20:46:28 2026] A fire giant warrior slashes Lord Nagafen for 66 points of damage.
[Wed Aug 05 20:46:28 2026] A fire giant warrior crushes Lord Nagafen for 93 points of damage.
[Wed Aug 05 20:46:28 2026] A fire giant warrior crushes Lord Nagafen for 20 points of damage.
[Wed Aug 05 20:46:29 2026] You slash Lord Nagafen for 284 points of damage.
[Wed Aug 05 20:46:29 2026] You try to slash Lord Nagafen, but miss!
[Wed Aug 05 20:46:29 2026] You slash Lord Nagafen for 313 points of damage. (Critical)
[Wed Aug 05 20:46:29 2026] You kick Lord Nagafen for 64 points of damage.
[Wed Aug 05 20:46:29 2026] You kick Lord Nagafen for 258 points of damage.
[Wed Aug 05 20:46:29 2026] A fire giant warrior cleaves Lord Nagafen for 47 points of damage.
[Wed Aug 05 20:46:29 2026] A fire giant warrior kicks Lord Nagafen for 17 points of damage.
[Wed Aug 05 20:46:29 2026] A fire giant warrior tries to kick Lord Nagafen, but misses!
[Wed Aug 05 20:46:29 2026] A fire giant warrior slashes Lord Nagafen for 20 points of damage.
[Wed Aug 05 20:46:29 2026] A fire giant warrior crushes Lord Nagafen for 107 points of damage.
[Wed Aug 05 20:46:30 2026] You try to strike Lord Nagafen, but miss!
[Wed Aug 05 20:46:30 2026] You try to strike Lord Nagafen, but miss!
[Wed Aug 05 20:46:30 2026] You strike Lord Nagafen for 52 points of damage.
[Wed Aug 05 20:46:30 2026] You try to slash Lord Nagafen, but miss!
[Wed Aug 05 20:46:30 2026] A fire giant warrior tries to bash Lord Nagafen, but misses!
[Wed Aug 05 20:46:30 2026] A fire giant warrior bashes Lord Nagafen for 16 points of damage.
[Wed Aug 05 20:46:30 2026] A fire giant warrior tries to slash Lord Nagafen, but misses!
[Wed Aug 05 20:46:30 2026] A fire giant warrior tries to crush Lord Nagafen, but misses!
[Wed Aug 05 20:46:30 2026] You claw Lord Nagafen for 24 points of damage.
[Wed Aug 05 20:46:30 2026] You claw Lord Nagafen for 44 points of damage.
[Wed Aug 05 20:46:30 2026] Lord Nagafen tries to crush YOU, but YOU block!
[Wed Aug 05 20:46:30 2026] Lord Nagafen crushes YOU for 144 points of damage.
[Wed Aug 05 20:46:31 2026] You smite Lord Nagafen for 22 points of damage.
[Wed Aug 05 20:46:31 2026] You hit Lord Nagafen for 259 points of magic damage by Smiting Strike.
[Wed Aug 05 20:46:31 2026] Lord Nagafen staggers.
[Wed Aug 05 20:46:31 2026] You try to smite Lord Nagafen, but Lord Nagafen blocks!
[Wed Aug 05 20:46:31 2026] You slash Lord Nagafen for 250 points of damage.
[Wed Aug 05 20:46:32 2026] A fire giant warrior slashes Lord Nagafen for 20 points of damage.
[Wed Aug 05 20:46:32 2026] A fire giant warrior tries to slash Lord Nagafen, but misses!
[Wed Aug 05 20:46:32 2026] A fire giant warrior tries to crush Lord Nagafen, but misses!
[Wed Aug 05 20:46:32 2026] A fire giant warrior frenzies on Lord Nagafen for 17 points of damage.
[Wed Aug 05 20:46:32 2026] A fire giant warrior tries to frenzy on Lord Nagafen, but misses!
[Wed Aug 05 20:46:32 2026] You bash Lord Nagafen for 67 points of damage. (Critical)
[Wed Aug 05 20:46:33 2026] Lord Nagafen crushes YOU for 42 points of damage. (Riposte)
[Wed Aug 05 20:46:33 2026] You try to slash Lord Nagafen, but miss!
[Wed Aug 05 20:46:33 2026] A fire giant warrior slashes Lord Nagafen for 20 points of damage.
[Wed Aug 05 20:46:33 2026] A fire giant warrior tries to crush Lord Nagafen, but misses!
[Wed Aug 05 20:46:33 2026] A fire giant warrior tries to crush Lord Nagafen, but misses!
[Wed Aug 05 20:46:33 2026] Lord Nagafen crushes YOU for 222 points of damage.
[Wed Aug 05 20:46:33 2026] You strike Lord Nagafen for 131 points of damage. (Critical)
[Wed Aug 05 20:46:33 2026] You strike Lord Nagafen for 54 points of damage.
[Wed Aug 05 20:46:33 2026] You try to claw Lord Nagafen, but miss!
[Wed Aug 05 20:46:33 2026] You claw Lord Nagafen for 6 points of damage.
[Wed Aug 05 20:46:34 2026] You try to kick Lord Nagafen, but miss!
[Wed Aug 05 20:46:34 2026] You kick Lord Nagafen for 48 points of damage.
[Wed Aug 05 20:46:34 2026] A fire giant warrior tries to kick Lord Nagafen, but misses!
[Wed Aug 05 20:46:34 2026] A fire giant warrior kicks Lord Nagafen for 29 points of damage.
[Wed Aug 05 20:46:34 2026] You try to slash Lord Nagafen, but miss!
[Wed Aug 05 20:46:34 2026] You slash Lord Nagafen for 168 points of damage.
[Wed Aug 05 20:46:34 2026] A fire giant warrior slashes Lord Nagafen for 52 points of damage.
[Wed Aug 05 20:46:35 2026] A fire giant warrior bashes Lord Nagafen for 16 points of damage.
[Wed Aug 05 20:46:35 2026] You claw Lord Nagafen for 96 points of damage.
[Wed Aug 05 20:46:36 2026] You slash Lord Nagafen for 204 points of damage.
[Wed Aug 05 20:46:36 2026] A fire giant warrior slashes Lord Nagafen for 33 points of damage.
[Wed Aug 05 20:46:36 2026] A fire giant warrior tries to slash Lord Nagafen, but misses!
[Wed Aug 05 20:46:36 2026] A fire giant warrior crushes Lord Nagafen for 61 points of damage.
[Wed Aug 05 20:46:36 2026] A fire giant warrior tries to cleave Lord Nagafen, but misses!
[Wed Aug 05 20:46:36 2026] Lord Nagafen hit you for 600 points of fire damage by Lava Breath.
[Wed Aug 05 20:46:36 2026] Your body combusts as the lava hits you.
[Wed Aug 05 20:46:36 2026] Lord Nagafen tries to crush YOU, but misses!
[Wed Aug 05 20:46:37 2026] You claw Lord Nagafen for 115 points of damage. (Critical)
[Wed Aug 05 20:46:37 2026] You try to claw Lord Nagafen, but miss!
[Wed Aug 05 20:46:37 2026] You try to bash Lord Nagafen, but Lord Nagafen blocks!
[Wed Aug 05 20:46:37 2026] A fire giant warrior slashes Lord Nagafen for 107 points of damage.
[Wed Aug 05 20:46:37 2026] A fire giant warrior crushes Lord Nagafen for 47 points of damage.
[Wed Aug 05 20:46:37 2026] A fire giant warrior crushes Lord Nagafen for 33 points of damage.
[Wed Aug 05 20:46:37 2026] You try to strike Lord Nagafen, but Lord Nagafen blocks!
[Wed Aug 05 20:46:37 2026] You try to strike Lord Nagafen, but miss!
[Wed Aug 05 20:46:37 2026] You slash Lord Nagafen for 152 points of damage.
[Wed Aug 05 20:46:37 2026] You slash Lord Nagafen for 246 points of damage. (Critical)
[Wed Aug 05 20:46:37 2026] You slash Lord Nagafen for 84 points of damage.
[Wed Aug 05 20:46:38 2026] You claw Lord Nagafen for 96 points of damage.
[Wed Aug 05 20:46:38 2026] A fire giant warrior tries to slash Lord Nagafen, but misses!
[Wed Aug 05 20:46:38 2026] A fire giant warrior slashes Lord Nagafen for 20 points of damage.
[Wed Aug 05 20:46:38 2026] A fire giant warrior kicks Lord Nagafen for 31 points of damage.
[Wed Aug 05 20:46:38 2026] You kick Lord Nagafen for 118 points of damage.
[Wed Aug 05 20:46:38 2026] You kick Lord Nagafen for 107 points of damage. (Critical)
[Wed Aug 05 20:46:38 2026] You hit Lord Nagafen for 95 points of magic damage by Lifetap Strike. (Critical)
[Wed Aug 05 20:46:38 2026] Lord Nagafen staggers.
[Wed Aug 05 20:46:38 2026] You healed Primitive for 100 hit points by Lifetap Strike.
[Wed Aug 05 20:46:38 2026] You slash Lord Nagafen for 164 points of damage.
[Wed Aug 05 20:46:38 2026] You slash Lord Nagafen for 90 points of damage. (Critical)
[Wed Aug 05 20:46:39 2026] Lord Nagafen crushes YOU for 74 points of damage.
[Wed Aug 05 20:46:39 2026] A fire giant warrior tries to bash Lord Nagafen, but misses!
[Wed Aug 05 20:46:39 2026] A fire giant warrior bashes Lord Nagafen for 16 points of damage.
[Wed Aug 05 20:46:39 2026] You smite Lord Nagafen for 66 points of damage. (Critical)
[Wed Aug 05 20:46:39 2026] You hit Lord Nagafen for 259 points of magic damage by Smiting Strike.
[Wed Aug 05 20:46:39 2026] Lord Nagafen staggers.
[Wed Aug 05 20:46:40 2026] A fire giant warrior tries to slash Lord Nagafen, but misses!
[Wed Aug 05 20:46:40 2026] A fire giant warrior slashes Lord Nagafen for 70 points of damage.
[Wed Aug 05 20:46:40 2026] You slash Lord Nagafen for 90 points of damage. (Critical)
[Wed Aug 05 20:46:40 2026] You try to slash Lord Nagafen, but miss!
[Wed Aug 05 20:46:40 2026] A fire giant warrior frenzies on Lord Nagafen for 40 points of damage.
[Wed Aug 05 20:46:40 2026] A fire giant warrior tries to frenzy on Lord Nagafen, but misses!
[Wed Aug 05 20:46:41 2026] You strike Lord Nagafen for 36 points of damage.
[Wed Aug 05 20:46:41 2026] You try to strike Lord Nagafen, but miss!
[Wed Aug 05 20:46:41 2026] You try to strike Lord Nagafen, but miss!
[Wed Aug 05 20:46:41 2026] A fire giant warrior tries to slash Lord Nagafen, but misses!
[Wed Aug 05 20:46:41 2026] A fire giant warrior slashes Lord Nagafen for 20 points of damage.
[Wed Aug 05 20:46:41 2026] A fire giant warrior tries to crush Lord Nagafen, but misses!
[Wed Aug 05 20:46:41 2026] A fire giant warrior tries to crush Lord Nagafen, but misses!
[Wed Aug 05 20:46:41 2026] You try to claw Lord Nagafen, but miss!
[Wed Aug 05 20:46:41 2026] You try to claw Lord Nagafen, but miss!
[Wed Aug 05 20:46:41 2026] You hit Lord Nagafen for 31 points of magic damage by Lifetap Strike.
[Wed Aug 05 20:46:41 2026] Lord Nagafen staggers.
[Wed Aug 05 20:46:41 2026] You healed Primitive for 32 hit points by Lifetap Strike.
[Wed Aug 05 20:46:41 2026] You try to slash Lord Nagafen, but miss!
[Wed Aug 05 20:46:41 2026] You try to bash Lord Nagafen, but miss!
[Wed Aug 05 20:46:42 2026] Lord Nagafen tries to crush YOU, but YOU parry!
[Wed Aug 05 20:46:42 2026] Lord Nagafen crushes YOU for 74 points of damage.
[Wed Aug 05 20:46:42 2026] A fire giant warrior tries to slash Lord Nagafen, but misses!
[Wed Aug 05 20:46:42 2026] A fire giant warrior tries to crush Lord Nagafen, but misses!
[Wed Aug 05 20:46:42 2026] A fire giant warrior cleaves Lord Nagafen for 20 points of damage.
[Wed Aug 05 20:46:43 2026] Lord Nagafen tries to cleave YOU, but YOU dodge!
[Wed Aug 05 20:46:43 2026] Lord Nagafen tries to cleave YOU, but misses!
[Wed Aug 05 20:46:43 2026] You slash Lord Nagafen for 142 points of damage.
[Wed Aug 05 20:46:43 2026] You slash Lord Nagafen for 90 points of damage.
[Wed Aug 05 20:46:43 2026] A fire giant warrior kicks Lord Nagafen for 29 points of damage.
[Wed Aug 05 20:46:43 2026] You kick Lord Nagafen for 140 points of damage.
[Wed Aug 05 20:46:43 2026] A fire giant warrior slashes Lord Nagafen for 84 points of damage.
[Wed Aug 05 20:46:43 2026] A fire giant warrior tries to slash Lord Nagafen, but misses!
[Wed Aug 05 20:46:43 2026] A fire giant warrior tries to crush Lord Nagafen, but misses!
[Wed Aug 05 20:46:43 2026] A fire giant warrior crushes Lord Nagafen for 75 points of damage.
[Wed Aug 05 20:46:44 2026] A fire giant warrior bashes Lord Nagafen for 16 points of damage.
[Wed Aug 05 20:46:44 2026] You claw Lord Nagafen for 142 points of damage.
[Wed Aug 05 20:46:44 2026] You claw Lord Nagafen for 134 points of damage.
[Wed Aug 05 20:46:44 2026] You slash Lord Nagafen for 204 points of damage.
[Wed Aug 05 20:46:44 2026] You slash Lord Nagafen for 224 points of damage. (Critical)
[Wed Aug 05 20:46:44 2026] You strike Lord Nagafen for 20 points of damage.
[Wed Aug 05 20:46:44 2026] You strike Lord Nagafen for 126 points of damage.
[Wed Aug 05 20:46:44 2026] You resist Lord Nagafen's Earthquake!
[Wed Aug 05 20:46:44 2026] Lord Nagafen tries to crush YOU, but YOU parry!
[Wed Aug 05 20:46:44 2026] Lord Nagafen tries to crush YOU, but YOU parry!
[Wed Aug 05 20:46:45 2026] Your Djarn's Amethyst Ring (Exaltation) shimmers briefly.
[Wed Aug 05 20:46:45 2026] You begin casting Superior Healing IV.
[Wed Aug 05 20:46:45 2026] A fire giant warrior slashes Lord Nagafen for 93 points of damage.
[Wed Aug 05 20:46:45 2026] A fire giant warrior tries to crush Lord Nagafen, but misses!
[Wed Aug 05 20:46:45 2026] You can't use that command right now...
[Wed Aug 05 20:46:45 2026] You can't use that command right now...
[Wed Aug 05 20:46:45 2026] You can't use that command right now...
[Wed Aug 05 20:46:45 2026] You can't use that command right now...
[Wed Aug 05 20:46:45 2026] Your Idol of the Underking (Exaltation) feels alive with power.
[Wed Aug 05 20:46:45 2026] You feel much better.
[Wed Aug 05 20:46:45 2026] You healed Primitive for 870 hit points by Superior Healing.
[Wed Aug 05 20:46:45 2026] You claw Lord Nagafen for 124 points of damage.
[Wed Aug 05 20:46:45 2026] You slash Lord Nagafen for 248 points of damage.
[Wed Aug 05 20:46:46 2026] You magically mend your wounds and heal considerable damage.
[Wed Aug 05 20:46:46 2026] You bash Lord Nagafen for 70 points of damage. (Critical)
[Wed Aug 05 20:46:46 2026] A fire giant warrior slashes Lord Nagafen for 43 points of damage.
[Wed Aug 05 20:46:46 2026] A fire giant warrior slashes Lord Nagafen for 93 points of damage.
[Wed Aug 05 20:46:47 2026] You slash Lord Nagafen for 34 points of damage.
[Wed Aug 05 20:46:47 2026] You claw Lord Nagafen for 28 points of damage.
[Wed Aug 05 20:46:47 2026] You claw Lord Nagafen for 142 points of damage.
[Wed Aug 05 20:46:47 2026] Lord Nagafen tries to crush YOU, but misses!
[Wed Aug 05 20:46:47 2026] Lord Nagafen tries to crush YOU, but misses!
[Wed Aug 05 20:46:47 2026] A fire giant warrior slashes Lord Nagafen for 20 points of damage.
[Wed Aug 05 20:46:47 2026] A fire giant warrior slashes Lord Nagafen for 93 points of damage.
[Wed Aug 05 20:46:47 2026] A fire giant warrior crushes Lord Nagafen for 89 points of damage.
[Wed Aug 05 20:46:47 2026] A fire giant warrior tries to crush Lord Nagafen, but misses!
[Wed Aug 05 20:46:47 2026] A fire giant warrior tries to kick Lord Nagafen, but misses!
[Wed Aug 05 20:46:47 2026] A fire giant warrior kicks Lord Nagafen for 49 points of damage.
[Wed Aug 05 20:46:48 2026] You smite Lord Nagafen for 56 points of damage.
[Wed Aug 05 20:46:48 2026] You hit Lord Nagafen for 259 points of magic damage by Smiting Strike.
[Wed Aug 05 20:46:48 2026] Lord Nagafen staggers.
[Wed Aug 05 20:46:48 2026] You try to smite Lord Nagafen, but Lord Nagafen parries!
[Wed Aug 05 20:46:48 2026] You strike Lord Nagafen for 60 points of damage.
[Wed Aug 05 20:46:48 2026] You try to strike Lord Nagafen, but miss!
[Wed Aug 05 20:46:48 2026] You kick Lord Nagafen for 82 points of damage.
[Wed Aug 05 20:46:48 2026] You kick Lord Nagafen for 58 points of damage.
[Wed Aug 05 20:46:48 2026] You kick Lord Nagafen for 258 points of damage.
[Wed Aug 05 20:46:48 2026] A fire giant warrior frenzies on Lord Nagafen for 22 points of damage.
[Wed Aug 05 20:46:48 2026] A fire giant warrior tries to bash Lord Nagafen, but misses!
[Wed Aug 05 20:46:48 2026] A fire giant warrior bashes Lord Nagafen for 16 points of damage.
[Wed Aug 05 20:46:48 2026] This spell only works on constructs or elementals.
[Wed Aug 05 20:46:48 2026] You slash Lord Nagafen for 34 points of damage.
[Wed Aug 05 20:46:48 2026] You slash Lord Nagafen for 84 points of damage.
[Wed Aug 05 20:46:49 2026] You claw Lord Nagafen for 34 points of damage.
[Wed Aug 05 20:46:49 2026] You claw Lord Nagafen for 32 points of damage.
[Wed Aug 05 20:46:49 2026] A fire giant warrior tries to slash Lord Nagafen, but misses!
[Wed Aug 05 20:46:49 2026] A fire giant warrior tries to slash Lord Nagafen, but misses!
[Wed Aug 05 20:46:49 2026] A fire giant warrior tries to cleave Lord Nagafen, but misses!
[Wed Aug 05 20:46:49 2026] A fire giant warrior cleaves Lord Nagafen for 20 points of damage.
[Wed Aug 05 20:46:49 2026] Lord Nagafen hit you for 600 points of fire damage by Lava Breath.
[Wed Aug 05 20:46:49 2026] Your body combusts as the lava hits you.
[Wed Aug 05 20:46:49 2026] Lord Nagafen hit a fire giant warrior for 54 points of fire damage by Lava Breath.
[Wed Aug 05 20:46:49 2026] A fire giant warrior's body combusts as the lava hits them.
[Wed Aug 05 20:46:50 2026] You try to slash Lord Nagafen, but miss!
[Wed Aug 05 20:46:50 2026] Lord Nagafen tries to crush YOU, but misses!
[Wed Aug 05 20:46:50 2026] A fire giant warrior slashes Lord Nagafen for 56 points of damage.
[Wed Aug 05 20:46:50 2026] A fire giant warrior slashes Lord Nagafen for 102 points of damage.
[Wed Aug 05 20:46:50 2026] A fire giant warrior crushes Lord Nagafen for 107 points of damage.
[Wed Aug 05 20:46:50 2026] A fire giant warrior crushes Lord Nagafen for 66 points of damage.
[Wed Aug 05 20:46:50 2026] You try to claw Lord Nagafen, but miss!
[Wed Aug 05 20:46:50 2026] You bash Lord Nagafen for 168 points of damage.
[Wed Aug 05 20:46:50 2026] You bash Lord Nagafen for 24 points of damage.
[Wed Aug 05 20:46:51 2026] You slash Lord Nagafen for 286 points of damage.
[Wed Aug 05 20:46:51 2026] A fire giant warrior slashes Lord Nagafen for 43 points of damage.
[Wed Aug 05 20:46:51 2026] A fire giant warrior slashes Lord Nagafen for 47 points of damage.
[Wed Aug 05 20:46:51 2026] You strike Lord Nagafen for 12 points of damage.
[Wed Aug 05 20:46:51 2026] You strike Lord Nagafen for 64 points of damage.
[Wed Aug 05 20:46:52 2026] You try to claw Lord Nagafen, but miss!
[Wed Aug 05 20:46:52 2026] You claw Lord Nagafen for 52 points of damage.
[Wed Aug 05 20:46:52 2026] A fire giant warrior kicks Lord Nagafen for 33 points of damage.
[Wed Aug 05 20:46:52 2026] A fire giant warrior kicks Lord Nagafen for 55 points of damage.
[Wed Aug 05 20:46:53 2026] You slash Lord Nagafen for 158 points of damage.
[Wed Aug 05 20:46:53 2026] You slash Lord Nagafen for 122 points of damage.
[Wed Aug 05 20:46:53 2026] A fire giant warrior tries to slash Lord Nagafen, but misses!
[Wed Aug 05 20:46:53 2026] A fire giant warrior crushes Lord Nagafen for 20 points of damage.
[Wed Aug 05 20:46:53 2026] A fire giant warrior tries to bash Lord Nagafen, but misses!
[Wed Aug 05 20:46:53 2026] Lord Nagafen crushes YOU for 168 points of damage.
[Wed Aug 05 20:46:53 2026] Lord Nagafen tries to crush YOU, but YOU block!
[Wed Aug 05 20:46:53 2026] You try to kick Lord Nagafen, but miss!
[Wed Aug 05 20:46:53 2026] You kick Lord Nagafen for 258 points of damage.
[Wed Aug 05 20:46:54 2026] A fire giant warrior tries to slash Lord Nagafen, but misses!
[Wed Aug 05 20:46:54 2026] A fire giant warrior tries to crush Lord Nagafen, but misses!
[Wed Aug 05 20:46:54 2026] A fire giant warrior crushes Lord Nagafen for 66 points of damage.
[Wed Aug 05 20:46:54 2026] You slash Lord Nagafen for 175 points of damage. (Critical)
