[Wed Jul 29 01:21:13 2026] A dar ghoul knight bashes Rykkerr for 6 points of damage.
[Wed Jul 29 01:21:13 2026] You invite Rykkerr to join your group.
[Wed Jul 29 01:21:13 2026] A bloodthirsty ghoul tries to slash a dar ghoul knight, but misses!
[Wed Jul 29 01:21:13 2026] A bloodthirsty ghoul slashes a dar ghoul knight for 72 points of damage.
[Wed Jul 29 01:21:14 2026] A bloodthirsty ghoul tries to bash a dar ghoul knight, but misses!
[Wed Jul 29 01:21:14 2026] A bloodthirsty ghoul bashes a dar ghoul knight for 9 points of damage.
[Wed Jul 29 01:21:14 2026] A dar ghoul knight hits Rykkerr for 15 points of damage.
[Wed Jul 29 01:21:14 2026] A dar ghoul knight tries to hit Rykkerr, but misses!
[Wed Jul 29 01:21:14 2026] A bloodthirsty ghoul kicks a dar ghoul knight for 40 points of damage.
[Wed Jul 29 01:21:15 2026] Rykkerr slashes a dar ghoul knight for 35 points of damage.
[Wed Jul 29 01:21:15 2026] Rykkerr slashes a dar ghoul knight for 22 points of damage.
[Wed Jul 29 01:21:15 2026] Rykkerr tries to reave a dar ghoul knight, but misses!
[Wed Jul 29 01:21:16 2026] A dar ghoul knight cleaves Rykkerr for 19 points of damage.
[Wed Jul 29 01:21:16 2026] A dar ghoul knight tries to cleave Rykkerr, but misses!
[Wed Jul 29 01:21:16 2026] A bloodthirsty ghoul slashes a dar ghoul knight for 24 points of damage.
[Wed Jul 29 01:21:16 2026] a dar ghoul knight stumbles.
[Wed Jul 29 01:21:16 2026] A bloodthirsty ghoul slashes a dar ghoul knight for 56 points of damage.
[Wed Jul 29 01:21:16 2026] A dar ghoul knight tries to hit Rykkerr, but misses!
[Wed Jul 29 01:21:17 2026] Rykkerr begins casting Bolt of Flame.
[Wed Jul 29 01:21:17 2026] A bloodthirsty ghoul hits a dar ghoul knight for 72 points of damage.
[Wed Jul 29 01:21:17 2026] A bloodthirsty ghoul hits a dar ghoul knight for 72 points of damage.
[Wed Jul 29 01:21:18 2026] A bloodthirsty ghoul cleaves a dar ghoul knight for 72 points of damage.
[Wed Jul 29 01:21:18 2026] a dar ghoul knight stumbles.
[Wed Jul 29 01:21:18 2026] A dar ghoul knight hits Rykkerr for 41 points of damage.
[Wed Jul 29 01:21:18 2026] A dar ghoul knight tries to hit Rykkerr, but misses!
[Wed Jul 29 01:21:18 2026] Rykkerr slashes a dar ghoul knight for 58 points of damage.
[Wed Jul 29 01:21:18 2026] Rykkerr tries to slash a dar ghoul knight, but misses!
[Wed Jul 29 01:21:18 2026] Rykkerr hit a dar ghoul knight for 303 points of fire damage by Bolt of Flame.
[Wed Jul 29 01:21:18 2026] A dar ghoul knight is bathed in fire.
[Wed Jul 29 01:21:18 2026] A bloodthirsty ghoul tries to slash a dar ghoul knight, but misses!
[Wed Jul 29 01:21:19 2026] A dar ghoul knight kicks Rykkerr for 10 points of damage.
[Wed Jul 29 01:21:19 2026] A dar ghoul knight tries to kick Rykkerr, but Rykkerr dodges!
[Wed Jul 29 01:21:19 2026] A dar ghoul knight tries to bash Rykkerr, but misses!
[Wed Jul 29 01:21:19 2026] A dar ghoul knight tries to bash Rykkerr, but misses!
[Wed Jul 29 01:21:19 2026] Rykkerr begins casting Siphon Life II.
[Wed Jul 29 01:21:20 2026] A dar ghoul knight hits Rykkerr for 50 points of damage.
[Wed Jul 29 01:21:20 2026] A dar ghoul knight tries to hit Rykkerr, but misses!
[Wed Jul 29 01:21:21 2026] Rykkerr hit a dar ghoul knight for 211 points of magic damage by Siphon Life.
[Wed Jul 29 01:21:21 2026] A dar ghoul knight staggers.
[Wed Jul 29 01:21:21 2026] Rykkerr healed himself for 211 hit points by Siphon Life.
[Wed Jul 29 01:21:21 2026] A bloodthirsty ghoul slashes a dar ghoul knight for 24 points of damage.
[Wed Jul 29 01:21:21 2026] Rykkerr begins casting Frenzied Burnout I.
[Wed Jul 29 01:21:21 2026] a bloodthirsty ghoul enters an accelerated frenzy.
[Wed Jul 29 01:21:22 2026] Rykkerr slashes a dar ghoul knight for 30 points of damage.
[Wed Jul 29 01:21:22 2026] A dar ghoul knight hits Rykkerr for 21 points of damage.
[Wed Jul 29 01:21:22 2026] A dar ghoul knight hits Rykkerr for 8 points of damage.
[Wed Jul 29 01:21:22 2026] A bloodthirsty ghoul bashes a dar ghoul knight for 9 points of damage.
[Wed Jul 29 01:21:22 2026] A bloodthirsty ghoul tries to bash a dar ghoul knight, but misses!
[Wed Jul 29 01:21:22 2026] A bloodthirsty ghoul kicks a dar ghoul knight for 22 points of damage.
[Wed Jul 29 01:21:22 2026] A bloodthirsty ghoul kicks a dar ghoul knight for 40 points of damage.
[Wed Jul 29 01:21:23 2026] Rykkerr begins casting Siphon Life II.
[Wed Jul 29 01:21:23 2026] A bloodthirsty ghoul tries to slash a dar ghoul knight, but misses!
[Wed Jul 29 01:21:23 2026] A bloodthirsty ghoul slashes a dar ghoul knight for 72 points of damage.
[Wed Jul 29 01:21:24 2026] Rykkerr hit a dar ghoul knight for 181 points of magic damage by Siphon Life.
[Wed Jul 29 01:21:24 2026] A dar ghoul knight staggers.
[Wed Jul 29 01:21:24 2026] Rykkerr healed himself for 181 hit points by Siphon Life.
[Wed Jul 29 01:21:24 2026] A dar ghoul knight tries to hit Rykkerr, but Rykkerr ripostes!
[Wed Jul 29 01:21:24 2026] A dar ghoul knight hits Rykkerr for 41 points of damage.
[Wed Jul 29 01:21:24 2026] You forget Choke.
[Wed Jul 29 01:21:25 2026] A dar ghoul knight kicks Rykkerr for 12 points of damage.
[Wed Jul 29 01:21:25 2026] A dar ghoul knight cleaves Rykkerr for 19 points of damage.
[Wed Jul 29 01:21:25 2026] A dar ghoul knight tries to bash Rykkerr, but misses!
[Wed Jul 29 01:21:25 2026] A dar ghoul knight tries to bash Rykkerr, but misses!
[Wed Jul 29 01:21:25 2026] A bloodthirsty ghoul slashes a dar ghoul knight for 34 points of damage.
[Wed Jul 29 01:21:25 2026] A bloodthirsty ghoul tries to slash a dar ghoul knight, but misses!
[Wed Jul 29 01:21:26 2026] A dar ghoul knight hits Rykkerr for 21 points of damage.
[Wed Jul 29 01:21:26 2026] A dar ghoul knight hits Rykkerr for 32 points of damage.
[Wed Jul 29 01:21:26 2026] Rykkerr begins casting Bolt of Flame.
[Wed Jul 29 01:21:27 2026] A bloodthirsty ghoul hits a dar ghoul knight for 72 points of damage.
[Wed Jul 29 01:21:27 2026] A bloodthirsty ghoul hits a dar ghoul knight for 37 points of damage.
[Wed Jul 29 01:21:28 2026] Rykkerr reaves a dar ghoul knight for 24 points of damage.
[Wed Jul 29 01:21:28 2026] Rykkerr hit a dar ghoul knight for 110 points of magic damage by Reaving Strike.
[Wed Jul 29 01:21:28 2026] A dar ghoul knight staggers.
[Wed Jul 29 01:21:28 2026] A dar ghoul knight hits Rykkerr for 26 points of damage.
[Wed Jul 29 01:21:28 2026] A bloodthirsty ghoul slashes a dar ghoul knight for 53 points of damage.
[Wed Jul 29 01:21:28 2026] A bloodthirsty ghoul slashes a dar ghoul knight for 72 points of damage.
[Wed Jul 29 01:21:29 2026] Rykkerr slashes a dar ghoul knight for 13 points of damage.
[Wed Jul 29 01:21:29 2026] Rykkerr begins casting Siphon Life II.
[Wed Jul 29 01:21:29 2026] A bloodthirsty ghoul tries to bash a dar ghoul knight, but misses!
[Wed Jul 29 01:21:29 2026] A dar ghoul knight tries to hit Rykkerr, but misses!
[Wed Jul 29 01:21:30 2026] A bloodthirsty ghoul cleaves a dar ghoul knight for 53 points of damage.
[Wed Jul 29 01:21:30 2026] A bloodthirsty ghoul tries to kick a dar ghoul knight, but misses!
[Wed Jul 29 01:21:30 2026] A bloodthirsty ghoul kicks a dar ghoul knight for 38 points of damage.
[Wed Jul 29 01:21:30 2026] A bloodthirsty ghoul slashes a dar ghoul knight for 53 points of damage.
[Wed Jul 29 01:21:30 2026] Rykkerr hit a dar ghoul knight for 182 points of magic damage by Siphon Life.
[Wed Jul 29 01:21:30 2026] A dar ghoul knight staggers.
[Wed Jul 29 01:21:30 2026] Rykkerr healed himself for 182 hit points by Siphon Life.
[Wed Jul 29 01:21:30 2026] Beginning to memorize Illusion: Dark Elf...
[Wed Jul 29 01:21:31 2026] A dar ghoul knight kicks Rykkerr for 19 points of damage.
[Wed Jul 29 01:21:31 2026] A dar ghoul knight kicks Rykkerr for 17 points of damage.
[Wed Jul 29 01:21:31 2026] You have finished memorizing Illusion: Dark Elf.
[Wed Jul 29 01:21:31 2026] A dar ghoul knight tries to bash Rykkerr, but misses!
[Wed Jul 29 01:21:31 2026] A dar ghoul knight bashes Rykkerr for 6 points of damage.
[Wed Jul 29 01:21:31 2026] A dar ghoul knight hits Rykkerr for 23 points of damage.
[Wed Jul 29 01:21:32 2026] A bloodthirsty ghoul tries to slash a dar ghoul knight, but misses!
[Wed Jul 29 01:21:33 2026] Rykkerr tries to slash a dar ghoul knight, but misses!
[Wed Jul 29 01:21:33 2026] A dar ghoul knight hits Rykkerr for 21 points of damage.
[Wed Jul 29 01:21:33 2026] A dar ghoul knight hits Rykkerr for 43 points of damage.
[Wed Jul 29 01:21:34 2026] A dar ghoul knight tries to cleave Rykkerr, but misses!
[Wed Jul 29 01:21:35 2026] A bloodthirsty ghoul slashes a dar ghoul knight for 40 points of damage.
[Wed Jul 29 01:21:35 2026] A bloodthirsty ghoul slashes a dar ghoul knight for 72 points of damage.
[Wed Jul 29 01:21:35 2026] A dar ghoul knight tries to hit Rykkerr, but misses!
[Wed Jul 29 01:21:35 2026] A dar ghoul knight tries to hit Rykkerr, but misses!
[Wed Jul 29 01:21:35 2026] Rykkerr slashes a dar ghoul knight for 13 points of damage.
[Wed Jul 29 01:21:35 2026] Rykkerr slashes a dar ghoul knight for 24 points of damage.
[Wed Jul 29 01:21:36 2026] A bloodthirsty ghoul tries to hit a dar ghoul knight, but misses!
[Wed Jul 29 01:21:36 2026] A bloodthirsty ghoul tries to hit a dar ghoul knight, but misses!
[Wed Jul 29 01:21:37 2026] A bloodthirsty ghoul bashes a dar ghoul knight for 9 points of damage.
[Wed Jul 29 01:21:37 2026] A bloodthirsty ghoul bashes a dar ghoul knight for 9 points of damage.
[Wed Jul 29 01:21:37 2026] A bloodthirsty ghoul slashes a dar ghoul knight for 72 points of damage.
[Wed Jul 29 01:21:37 2026] A bloodthirsty ghoul tries to slash a dar ghoul knight, but misses!
[Wed Jul 29 01:21:37 2026] A bloodthirsty ghoul tries to kick a dar ghoul knight, but misses!
[Wed Jul 29 01:21:37 2026] A bloodthirsty ghoul tries to kick a dar ghoul knight, but misses!
[Wed Jul 29 01:21:38 2026] Rykkerr begins casting Siphon Life II.
[Wed Jul 29 01:21:38 2026] A bloodthirsty ghoul hits a dar ghoul knight for 72 points of damage.
[Wed Jul 29 01:21:38 2026] a dar ghoul knight stumbles.
[Wed Jul 29 01:21:38 2026] A bloodthirsty ghoul tries to hit a dar ghoul knight, but misses!
[Wed Jul 29 01:21:39 2026] A dar ghoul knight hits Rykkerr for 50 points of damage.
[Wed Jul 29 01:21:39 2026] A dar ghoul knight hits Rykkerr for 28 points of damage.
[Wed Jul 29 01:21:39 2026] Rykkerr's Siphon Life spell is interrupted.
[Wed Jul 29 01:21:39 2026] A dar ghoul knight bashes Rykkerr for 6 points of damage.
[Wed Jul 29 01:21:39 2026] Rykkerr stumbles.
[Wed Jul 29 01:21:39 2026] A dar ghoul knight bashes Rykkerr for 6 points of damage.
[Wed Jul 29 01:21:39 2026] A dar ghoul knight kicks Rykkerr for 9 points of damage.
[Wed Jul 29 01:21:39 2026] A dar ghoul knight tries to hit Rykkerr, but misses!
[Wed Jul 29 01:21:39 2026] A dar ghoul knight tries to hit Rykkerr, but misses!
[Wed Jul 29 01:21:39 2026] a bloodthirsty ghoul hit a dar ghoul knight for 75 points of magic damage by Ykesha.
[Wed Jul 29 01:21:39 2026] A dar ghoul knight has been struck by the force of Ykesha.
[Wed Jul 29 01:21:39 2026] A bloodthirsty ghoul slashes a dar ghoul knight for 42 points of damage.
[Wed Jul 29 01:21:39 2026] A dar ghoul knight has been slain by a bloodthirsty ghoul!
[Wed Jul 29 01:21:42 2026] You begin casting Illusion: Dark Elf.
[Wed Jul 29 01:21:43 2026] You feel different.
[Wed Jul 29 01:21:43 2026] Your Lockjaw Hide Vest sparkles.
[Wed Jul 29 01:21:43 2026] You have become better at Specialize Divination! (46)
[Wed Jul 29 01:21:43 2026] Rykkerr begins casting Burnout II.
[Wed Jul 29 01:21:46 2026] a bloodthirsty ghoul goes berserk.
[Wed Jul 29 01:21:49 2026] Rykkerr begins casting Augmentation.
[Wed Jul 29 01:21:55 2026] Rykkerr begins casting Augmentation.
[Wed Jul 29 01:21:57 2026] You no longer have a target.
[Wed Jul 29 01:21:58 2026] a bloodthirsty ghoul's body pulses with energy.
[Wed Jul 29 01:21:59 2026] Rykkerr's Inferno Shield spell fizzles!
[Wed Jul 29 01:21:59 2026] Rykkerr's Inferno Shield spell fizzles!
[Wed Jul 29 01:21:59 2026] You no longer have a target.
[Wed Jul 29 01:22:00 2026] Rykkerr's Inferno Shield spell fizzles!
[Wed Jul 29 01:22:00 2026] Rykkerr begins casting Inferno Shield.
[Wed Jul 29 01:22:00 2026] Your Tashani spell has worn off of a zol ghoul knight.
[Wed Jul 29 01:22:02 2026] a bloodthirsty ghoul is enveloped by flame.
[Wed Jul 29 01:22:04 2026] Rykkerr begins casting Augmentation.
[Wed Jul 29 01:22:05 2026] You feel your strength return.
[Wed Jul 29 01:22:06 2026] Rykkerr's body pulses with energy.
[Wed Jul 29 01:22:06 2026] Your Reckless Strength spell has worn off of a zol ghoul knight.
[Wed Jul 29 01:22:08 2026] Rykkerr begins casting Clarity.
[Wed Jul 29 01:22:10 2026] The light breeze fades.
[Wed Jul 29 01:22:10 2026] A cool breeze slips through your mind.
[Wed Jul 29 01:22:15 2026] Rykkerr begins casting Greater Concentration.
[Wed Jul 29 01:22:16 2026] You forget Illusion: Dark Elf.
[Wed Jul 29 01:22:19 2026] Beginning to memorize Clarity...
[Wed Jul 29 01:22:22 2026] You have finished memorizing Clarity.
[Wed Jul 29 01:22:26 2026] You begin casting Clarity.
[Wed Jul 29 01:22:27 2026] Your Clarity spell did not take hold. (Blocked by Clarity.)
[Wed Jul 29 01:22:30 2026] Rykkerr enters a meditative trance.
[Wed Jul 29 01:22:33 2026] Rykkerr begins casting Siphon Life II.
[Wed Jul 29 01:22:33 2026] A bloodthirsty ghoul tries to slash a bloodthirsty ghoul, but misses!
[Wed Jul 29 01:22:33 2026] A bloodthirsty ghoul tries to cleave a bloodthirsty ghoul, but misses!
[Wed Jul 29 01:22:33 2026] A bloodthirsty ghoul tries to bash a bloodthirsty ghoul, but misses!
[Wed Jul 29 01:22:33 2026] A bloodthirsty ghoul bashes a bloodthirsty ghoul for 9 points of damage.
[Wed Jul 29 01:22:33 2026] A bloodthirsty ghoul tries to hit a bloodthirsty ghoul, but misses!
[Wed Jul 29 01:22:33 2026] A bloodthirsty ghoul tries to cleave a bloodthirsty ghoul, but misses!
[Wed Jul 29 01:22:33 2026] A bloodthirsty ghoul is burned by a bloodthirsty ghoul's flames for 13 points of non-melee damage.
[Wed Jul 29 01:22:33 2026] A bloodthirsty ghoul bashes a bloodthirsty ghoul for 11 points of damage.
[Wed Jul 29 01:22:33 2026] A bloodthirsty ghoul tries to bash a bloodthirsty ghoul, but misses!
[Wed Jul 29 01:22:33 2026] A bloodthirsty ghoul is burned by a bloodthirsty ghoul's flames for 13 points of non-melee damage.
[Wed Jul 29 01:22:33 2026] A bloodthirsty ghoul kicks a bloodthirsty ghoul for 16 points of damage.
[Wed Jul 29 01:22:33 2026] A bloodthirsty ghoul tries to kick a bloodthirsty ghoul, but misses!
[Wed Jul 29 01:22:33 2026] A bloodthirsty ghoul kicks a bloodthirsty ghoul for 40 points of damage.
[Wed Jul 29 01:22:34 2026] Rykkerr hit a bloodthirsty ghoul for 181 points of magic damage by Siphon Life.
[Wed Jul 29 01:22:34 2026] A bloodthirsty ghoul staggers.
[Wed Jul 29 01:22:34 2026] Rykkerr healed himself for 0 (181) hit points by Siphon Life.
[Wed Jul 29 01:22:35 2026] A bloodthirsty ghoul slashes a bloodthirsty ghoul for 72 points of damage.
[Wed Jul 29 01:22:35 2026] A bloodthirsty ghoul slashes a bloodthirsty ghoul for 43 points of damage.
[Wed Jul 29 01:22:35 2026] A bloodthirsty ghoul tries to hit a bloodthirsty ghoul, but misses!
[Wed Jul 29 01:22:36 2026] A bloodthirsty ghoul tries to hit Rykkerr, but misses!
[Wed Jul 29 01:22:36 2026] A bloodthirsty ghoul tries to hit Rykkerr, but misses!
[Wed Jul 29 01:22:37 2026] A bloodthirsty ghoul tries to slash a bloodthirsty ghoul, but misses!
[Wed Jul 29 01:22:37 2026] A bloodthirsty ghoul hits a bloodthirsty ghoul for 72 points of damage.
[Wed Jul 29 01:22:37 2026] A bloodthirsty ghoul hits a bloodthirsty ghoul for 72 points of damage.
[Wed Jul 29 01:22:38 2026] Rykkerr begins casting Inferno Shield.
[Wed Jul 29 01:22:38 2026] A bloodthirsty ghoul is burned by a bloodthirsty ghoul's flames for 13 points of non-melee damage.
[Wed Jul 29 01:22:38 2026] A bloodthirsty ghoul hits a bloodthirsty ghoul for 18 points of damage.
[Wed Jul 29 01:22:39 2026] A bloodthirsty ghoul slashes a bloodthirsty ghoul for 72 points of damage.
[Wed Jul 29 01:22:39 2026] A bloodthirsty ghoul tries to hit a bloodthirsty ghoul, but misses!
[Wed Jul 29 01:22:39 2026] A bloodthirsty ghoul tries to bash a bloodthirsty ghoul, but misses!
[Wed Jul 29 01:22:39 2026] A bloodthirsty ghoul tries to bash a bloodthirsty ghoul, but misses!
[Wed Jul 29 01:22:39 2026] A bloodthirsty ghoul kicks a bloodthirsty ghoul for 19 points of damage.
[Wed Jul 29 01:22:39 2026] A bloodthirsty ghoul kicks a bloodthirsty ghoul for 29 points of damage.
[Wed Jul 29 01:22:39 2026] Rykkerr is enveloped by flame.
[Wed Jul 29 01:22:41 2026] Rykkerr begins casting Siphon Life II.
[Wed Jul 29 01:22:41 2026] You have become better at Athletics! (128)
[Wed Jul 29 01:22:42 2026] A zol ghoul knight tries to hit YOU, but misses!
[Wed Jul 29 01:22:42 2026] A zol ghoul knight tries to hit YOU, but misses!
[Wed Jul 29 01:22:42 2026] A zol ghoul knight cleaves YOU for 15 points of damage.
[Wed Jul 29 01:22:42 2026] A zol ghoul knight bashes YOU for 5 points of damage.
[Wed Jul 29 01:22:42 2026] A zol ghoul knight tries to bash YOU, but misses!
[Wed Jul 29 01:22:42 2026] A zol ghoul knight tries to kick YOU, but misses!
[Wed Jul 29 01:22:45 2026] A zol ghoul knight tries to hit YOU, but misses!
[Wed Jul 29 01:22:45 2026] A zol ghoul knight tries to hit YOU, but YOU block!
[Wed Jul 29 01:22:46 2026] A zol ghoul knight tries to hit a zol ghoul knight, but misses!
[Wed Jul 29 01:22:46 2026] A zol ghoul knight tries to hit a zol ghoul knight, but misses!
[Wed Jul 29 01:22:46 2026] A zol ghoul knight cleaves a zol ghoul knight for 10 points of damage.
[Wed Jul 29 01:22:46 2026] A zol ghoul knight cleaves a zol ghoul knight for 52 points of damage.
[Wed Jul 29 01:22:46 2026] a zol ghoul knight stumbles.
[Wed Jul 29 01:22:46 2026] A zol ghoul knight tries to kick a zol ghoul knight, but misses!
[Wed Jul 29 01:22:46 2026] A zol ghoul knight kicks a zol ghoul knight for 15 points of damage.
[Wed Jul 29 01:22:46 2026] A zol ghoul knight bashes a zol ghoul knight for 8 points of damage.
[Wed Jul 29 01:22:46 2026] Auto attack is on.
[Wed Jul 29 01:22:46 2026] You try to bash a zol ghoul knight, but miss!
[Wed Jul 29 01:22:46 2026] You try to bash a zol ghoul knight, but miss!
[Wed Jul 29 01:22:46 2026] You smite a zol ghoul knight for 106 points of damage. (Slay Undead)
[Wed Jul 29 01:22:46 2026] You hit a zol ghoul knight for 77 points of magic damage by Smiting Strike.
[Wed Jul 29 01:22:46 2026] A zol ghoul knight staggers.
[Wed Jul 29 01:22:46 2026] You try to smite a zol ghoul knight, but miss!
[Wed Jul 29 01:22:46 2026] You kick a zol ghoul knight for 32 points of damage. (Critical)
[Wed Jul 29 01:22:46 2026] You try to kick a zol ghoul knight, but miss!
[Wed Jul 29 01:22:46 2026] You try to strike a zol ghoul knight, but miss!
[Wed Jul 29 01:22:46 2026] You try to strike a zol ghoul knight, but miss!
[Wed Jul 29 01:22:46 2026] You try to slash a zol ghoul knight, but miss!
[Wed Jul 29 01:22:46 2026] You try to slash a zol ghoul knight, but miss!
[Wed Jul 29 01:22:47 2026] You can't use that command right now...
[Wed Jul 29 01:22:47 2026] You begin casting Tepid Deeds.
[Wed Jul 29 01:22:47 2026] You can't use that command right now...
[Wed Jul 29 01:22:47 2026] A zol ghoul knight tries to hit YOU, but misses!
[Wed Jul 29 01:22:47 2026] You can't use that command right now...
[Wed Jul 29 01:22:48 2026] A zol ghoul knight tries to hit a zol ghoul knight, but misses!
[Wed Jul 29 01:22:48 2026] a zol ghoul knight slows down.
[Wed Jul 29 01:22:49 2026] You try to crush a zol ghoul knight, but miss!
[Wed Jul 29 01:22:49 2026] You try to slash a zol ghoul knight, but miss!
[Wed Jul 29 01:22:50 2026] A zol ghoul knight tries to hit a zol ghoul knight, but misses!
[Wed Jul 29 01:22:50 2026] A zol ghoul knight tries to bash YOU, but YOU block!
[Wed Jul 29 01:22:50 2026] A zol ghoul knight bashes YOU for 5 points of damage.
[Wed Jul 29 01:22:51 2026] You try to crush a zol ghoul knight, but miss!
[Wed Jul 29 01:22:51 2026] A zol ghoul knight tries to kick YOU, but misses!
[Wed Jul 29 01:22:51 2026] A zol ghoul knight tries to kick YOU, but misses!
[Wed Jul 29 01:22:51 2026] You strike a zol ghoul knight for 14 points of damage.
[Wed Jul 29 01:22:51 2026] You try to strike a zol ghoul knight, but miss!
[Wed Jul 29 01:22:51 2026] A zol ghoul knight hits YOU for 47 points of damage.
[Wed Jul 29 01:22:51 2026] Your legs feel weak.
[Wed Jul 29 01:22:51 2026] A zol ghoul knight hits YOU for 47 points of damage.
[Wed Jul 29 01:22:51 2026] You slash a zol ghoul knight for 32 points of damage.
[Wed Jul 29 01:22:51 2026] A zol ghoul knight tries to hit a zol ghoul knight, but misses!
[Wed Jul 29 01:22:51 2026] A zol ghoul knight hits a zol ghoul knight for 40 points of damage.
[Wed Jul 29 01:22:52 2026] A zol ghoul knight tries to bash a zol ghoul knight, but misses!
[Wed Jul 29 01:22:52 2026] A zol ghoul knight kicks a zol ghoul knight for 28 points of damage.
[Wed Jul 29 01:22:52 2026] A zol ghoul knight kicks a zol ghoul knight for 13 points of damage.
[Wed Jul 29 01:22:52 2026] You try to bash a zol ghoul knight, but miss!
[Wed Jul 29 01:22:53 2026] You try to kick a zol ghoul knight, but miss!
[Wed Jul 29 01:22:53 2026] You hit a zol ghoul knight for 215 points of magic damage by Condemnation of Nife.
[Wed Jul 29 01:22:53 2026] A zol ghoul knight is tortured by the condemnation of Rodcet Nife.
[Wed Jul 29 01:22:53 2026] You try to crush a zol ghoul knight, but miss!
[Wed Jul 29 01:22:53 2026] A zol ghoul knight tries to hit a zol ghoul knight, but misses!
[Wed Jul 29 01:22:53 2026] A zol ghoul knight tries to hit a zol ghoul knight, but misses!
[Wed Jul 29 01:22:53 2026] A zol ghoul knight tries to hit a zol ghoul knight, but misses!
[Wed Jul 29 01:22:53 2026] You can't use that command right now...
[Wed Jul 29 01:22:53 2026] You begin casting Chaos Flux.
[Wed Jul 29 01:22:54 2026] You hit a zol ghoul knight for 165 points of magic damage by Chaos Flux.
[Wed Jul 29 01:22:54 2026] A zol ghoul knight is surrounded by fluxing strands of chaos.
[Wed Jul 29 01:22:54 2026] You try to slash a zol ghoul knight, but a zol ghoul knight dodges!
[Wed Jul 29 01:22:54 2026] You slash a zol ghoul knight for 31 points of damage.
[Wed Jul 29 01:22:54 2026] A zol ghoul knight tries to cleave YOU, but YOU block!
[Wed Jul 29 01:22:55 2026] A zol ghoul knight cleaves a zol ghoul knight for 40 points of damage.
[Wed Jul 29 01:22:55 2026] A zol ghoul knight tries to hit YOU, but misses!
[Wed Jul 29 01:22:55 2026] A zol ghoul knight tries to hit YOU, but misses!
[Wed Jul 29 01:22:55 2026] You crush a zol ghoul knight for 1 point of damage.
[Wed Jul 29 01:22:55 2026] A zol ghoul knight tries to hit a zol ghoul knight, but misses!
[Wed Jul 29 01:22:55 2026] A zol ghoul knight tries to hit a zol ghoul knight, but misses!
[Wed Jul 29 01:22:55 2026] A zol ghoul knight tries to hit a zol ghoul knight, but misses!
[Wed Jul 29 01:22:55 2026] You try to strike a zol ghoul knight, but miss!
[Wed Jul 29 01:22:56 2026] You try to slash a zol ghoul knight, but miss!
[Wed Jul 29 01:22:56 2026] You try to slash a zol ghoul knight, but a zol ghoul knight dodges!
[Wed Jul 29 01:22:57 2026] A zol ghoul knight hits a zol ghoul knight for 25 points of damage.
[Wed Jul 29 01:22:57 2026] A zol ghoul knight tries to hit a zol ghoul knight, but misses!
[Wed Jul 29 01:22:57 2026] You crush a zol ghoul knight for 18 points of damage.
[Wed Jul 29 01:22:57 2026] You try to smite a zol ghoul knight, but miss!
[Wed Jul 29 01:22:58 2026] A zol ghoul knight tries to bash a zol ghoul knight, but misses!
[Wed Jul 29 01:22:58 2026] A zol ghoul knight kicks a zol ghoul knight for 17 points of damage.
[Wed Jul 29 01:22:58 2026] A zol ghoul knight tries to kick a zol ghoul knight, but misses!
[Wed Jul 29 01:22:58 2026] You begin casting Chaos Flux.
[Wed Jul 29 01:22:58 2026] You can't use that command right now...
[Wed Jul 29 01:22:59 2026] A zol ghoul knight hits YOU for 19 points of damage.
[Wed Jul 29 01:22:59 2026] A zol ghoul knight hits YOU for 7 points of damage.
[Wed Jul 29 01:22:59 2026] A zol ghoul knight hits a zol ghoul knight for 55 points of damage.
[Wed Jul 29 01:22:59 2026] A zol ghoul knight hits a zol ghoul knight for 67 points of damage.
[Wed Jul 29 01:22:59 2026] A zol ghoul knight hits a zol ghoul knight for 67 points of damage.
[Wed Jul 29 01:22:59 2026] A zol ghoul knight hits a zol ghoul knight for 64 points of damage.
[Wed Jul 29 01:22:59 2026] You regain your concentration and continue your casting.
[Wed Jul 29 01:22:59 2026] You hit a zol ghoul knight for 165 points of magic damage by Chaos Flux.
[Wed Jul 29 01:22:59 2026] A zol ghoul knight is surrounded by fluxing strands of chaos.
[Wed Jul 29 01:22:59 2026] You try to slash a zol ghoul knight, but miss!
[Wed Jul 29 01:22:59 2026] You try to bash a zol ghoul knight, but miss!
[Wed Jul 29 01:22:59 2026] You try to kick a zol ghoul knight, but miss!
[Wed Jul 29 01:23:00 2026] You try to strike a zol ghoul knight, but miss!
[Wed Jul 29 01:23:00 2026] You try to strike a zol ghoul knight, but miss!
[Wed Jul 29 01:23:01 2026] A zol ghoul knight hits a zol ghoul knight for 55 points of damage.
[Wed Jul 29 01:23:01 2026] A zol ghoul knight tries to hit a zol ghoul knight, but misses!
[Wed Jul 29 01:23:01 2026] A zol ghoul knight hits a zol ghoul knight for 67 points of damage.
[Wed Jul 29 01:23:01 2026] A zol ghoul knight tries to hit a zol ghoul knight, but misses!
[Wed Jul 29 01:23:01 2026] You slash a zol ghoul knight for 18 points of damage.
[Wed Jul 29 01:23:01 2026] You slash a zol ghoul knight for 56 points of damage.
[Wed Jul 29 01:23:02 2026] You hit a zol ghoul knight for 215 points of magic damage by Condemnation of Nife.
[Wed Jul 29 01:23:02 2026] A zol ghoul knight is tortured by the condemnation of Rodcet Nife.
[Wed Jul 29 01:23:02 2026] A zol ghoul knight bashes YOU for 5 points of damage.
[Wed Jul 29 01:23:02 2026] A zol ghoul knight hits YOU for 28 points of damage.
[Wed Jul 29 01:23:02 2026] A zol ghoul knight tries to hit YOU, but misses!
[Wed Jul 29 01:23:03 2026] A zol ghoul knight hits a zol ghoul knight for 58 points of damage.
[Wed Jul 29 01:23:03 2026] A zol ghoul knight hits a zol ghoul knight for 67 points of damage.
[Wed Jul 29 01:23:03 2026] A zol ghoul knight tries to hit a zol ghoul knight, but misses!
[Wed Jul 29 01:23:03 2026] A zol ghoul knight tries to kick YOU, but misses!
[Wed Jul 29 01:23:03 2026] You can't use that command right now...
[Wed Jul 29 01:23:03 2026] You can't use that command right now...
[Wed Jul 29 01:23:03 2026] You begin casting Chaos Flux.
[Wed Jul 29 01:23:04 2026] A zol ghoul knight cleaves a zol ghoul knight for 28 points of damage.
[Wed Jul 29 01:23:04 2026] A zol ghoul knight bashes a zol ghoul knight for 8 points of damage.
[Wed Jul 29 01:23:04 2026] A zol ghoul knight tries to bash a zol ghoul knight, but misses!
[Wed Jul 29 01:23:04 2026] You hit a zol ghoul knight for 165 points of magic damage by Chaos Flux.
[Wed Jul 29 01:23:04 2026] A zol ghoul knight is surrounded by fluxing strands of chaos.
[Wed Jul 29 01:23:04 2026] You try to crush a zol ghoul knight, but miss!
[Wed Jul 29 01:23:04 2026] You try to slash a zol ghoul knight, but miss!
[Wed Jul 29 01:23:04 2026] A zol ghoul knight kicks a zol ghoul knight for 8 points of damage.
[Wed Jul 29 01:23:04 2026] You strike a zol ghoul knight for 9 points of damage.
[Wed Jul 29 01:23:05 2026] A zol ghoul knight tries to hit a zol ghoul knight, but misses!
[Wed Jul 29 01:23:05 2026] A zol ghoul knight hits a zol ghoul knight for 34 points of damage.
[Wed Jul 29 01:23:05 2026] You try to bash a zol ghoul knight, but miss!
[Wed Jul 29 01:23:06 2026] Strength returns to your legs.
[Wed Jul 29 01:23:06 2026] You try to kick a zol ghoul knight, but miss!
[Wed Jul 29 01:23:06 2026] You kick a zol ghoul knight for 6 points of damage.
[Wed Jul 29 01:23:06 2026] You crush a zol ghoul knight for 22 points of damage.
[Wed Jul 29 01:23:06 2026] You try to slash a zol ghoul knight, but miss!
[Wed Jul 29 01:23:06 2026] A zol ghoul knight tries to hit YOU, but misses!
[Wed Jul 29 01:23:07 2026] A zol ghoul knight hits a zol ghoul knight for 19 points of damage.
[Wed Jul 29 01:23:07 2026] a zol ghoul knight stumbles.
[Wed Jul 29 01:23:07 2026] A zol ghoul knight tries to hit a zol ghoul knight, but misses!
[Wed Jul 29 01:23:07 2026] Rykkerr begins casting Beguile IV.
[Wed Jul 29 01:23:08 2026] A zol ghoul knight tries to hit a zol ghoul knight, but misses!
[Wed Jul 29 01:23:08 2026] A zol ghoul knight hits a zol ghoul knight for 67 points of damage.
[Wed Jul 29 01:23:09 2026] You smite a zol ghoul knight for 28 points of damage. (Critical)
[Wed Jul 29 01:23:09 2026] You hit a zol ghoul knight for 77 points of magic damage by Smiting Strike.
[Wed Jul 29 01:23:09 2026] A zol ghoul knight staggers.
[Wed Jul 29 01:23:09 2026] You slash a zol ghoul knight for 39 points of damage. (Critical)
[Wed Jul 29 01:23:09 2026] You slash a zol ghoul knight for 37 points of damage.
[Wed Jul 29 01:23:09 2026] You strike a zol ghoul knight for 52 points of damage. (Critical)
[Wed Jul 29 01:23:10 2026] A zol ghoul knight bashes a zol ghoul knight for 8 points of damage.
[Wed Jul 29 01:23:10 2026] A zol ghoul knight bashes a zol ghoul knight for 8 points of damage.
[Wed Jul 29 01:23:10 2026] A zol ghoul knight tries to hit YOU, but misses!
[Wed Jul 29 01:23:10 2026] A zol ghoul knight tries to hit YOU, but YOU block!
[Wed Jul 29 01:23:10 2026] You crush a zol ghoul knight for 25 points of damage. (Critical)
[Wed Jul 29 01:23:10 2026] A zol ghoul knight tries to hit a zol ghoul knight, but misses!
[Wed Jul 29 01:23:10 2026] A zol ghoul knight tries to hit a zol ghoul knight, but misses!
[Wed Jul 29 01:23:10 2026] A zol ghoul knight hits a zol ghoul knight for 34 points of damage.
[Wed Jul 29 01:23:10 2026] A zol ghoul knight kicks a zol ghoul knight for 8 points of damage.
[Wed Jul 29 01:23:10 2026] A zol ghoul knight tries to kick a zol ghoul knight, but misses!
[Wed Jul 29 01:23:11 2026] You try to slash a zol ghoul knight, but miss!
[Wed Jul 29 01:23:11 2026] You try to bash a zol ghoul knight, but miss!
[Wed Jul 29 01:23:11 2026] You bash a zol ghoul knight for 1 point of damage.
[Wed Jul 29 01:23:12 2026] A zol ghoul knight tries to hit a zol ghoul knight, but misses!
[Wed Jul 29 01:23:12 2026] A zol ghoul knight tries to hit a zol ghoul knight, but misses!
[Wed Jul 29 01:23:12 2026] You try to kick a zol ghoul knight, but miss!
[Wed Jul 29 01:23:12 2026] A zol ghoul knight cleaves YOU for 40 points of damage.
[Wed Jul 29 01:23:12 2026] A zol ghoul knight cleaves YOU for 15 points of damage.
[Wed Jul 29 01:23:12 2026] You try to crush a zol ghoul knight, but miss!
[Wed Jul 29 01:23:12 2026] A zol ghoul knight cleaves a zol ghoul knight for 49 points of damage.
[Wed Jul 29 01:23:12 2026] Your faction standing with Undead Frogloks of Guk has been adjusted by -20.
[Wed Jul 29 01:23:12 2026] Your faction standing with Frogloks of Guk has been adjusted by 5.
[Wed Jul 29 01:23:12 2026] You gain experience! (5.261%)
[Wed Jul 29 01:23:12 2026] You receive 4 gold, 5 silver and 4 copper from the corpse.
[Wed Jul 29 01:23:12 2026] A zol ghoul knight has been slain by a zol ghoul knight!
[Wed Jul 29 01:23:12 2026] You looted a Fine Steel Long Sword from a zol ghoul knight's corpse and sold it for 4 platinum, 2 gold, 8 silver and 6 copper.
[Wed Jul 29 01:23:12 2026] You looted 2 Phosphorous Powder from a zol ghoul knight's corpse and sold it for 2 platinum, 5 gold, 7 silver and 2 copper.
[Wed Jul 29 01:23:22 2026] Auto attack is on.
[Wed Jul 29 01:23:22 2026] You cannot see your target.
[Wed Jul 29 01:23:22 2026] Your target is too far away, get closer!
[Wed Jul 29 01:23:24 2026] A wan ghoul knight tries to hit YOU, but misses!
[Wed Jul 29 01:23:24 2026] A wan ghoul knight tries to hit YOU, but misses!
[Wed Jul 29 01:23:24 2026] A wan ghoul knight cleaves YOU for 27 points of damage.
[Wed Jul 29 01:23:24 2026] A wan ghoul knight cleaves a zol ghoul knight for 71 points of damage.
[Wed Jul 29 01:23:24 2026] A wan ghoul knight kicks YOU for 17 points of damage.
[Wed Jul 29 01:23:24 2026] A wan ghoul knight tries to kick YOU, but misses!
[Wed Jul 29 01:23:24 2026] A zol ghoul knight hits a wan ghoul knight for 67 points of damage.
[Wed Jul 29 01:23:24 2026] A zol ghoul knight tries to hit a wan ghoul knight, but misses!
[Wed Jul 29 01:23:24 2026] A zol ghoul knight hits a wan ghoul knight for 67 points of damage.
[Wed Jul 29 01:23:24 2026] A zol ghoul knight tries to cleave a wan ghoul knight, but misses!
[Wed Jul 29 01:23:24 2026] A zol ghoul knight tries to bash a wan ghoul knight, but misses!
[Wed Jul 29 01:23:24 2026] A zol ghoul knight bashes a wan ghoul knight for 8 points of damage.
[Wed Jul 29 01:23:24 2026] A zol ghoul knight kicks a wan ghoul knight for 22 points of damage.
[Wed Jul 29 01:23:24 2026] A zol ghoul knight kicks a wan ghoul knight for 35 points of damage.
[Wed Jul 29 01:23:24 2026] Your target is too far away, get closer!
[Wed Jul 29 01:23:24 2026] A ghoul sentinel pierces YOU for 37 points of damage.
[Wed Jul 29 01:23:24 2026] A ghoul sentinel cleaves YOU for 27 points of damage.
[Wed Jul 29 01:23:24 2026] A ghoul sentinel cleaves YOU for 34 points of damage.
[Wed Jul 29 01:23:24 2026] A ghoul sentinel tries to cleave a zol ghoul knight, but misses!
[Wed Jul 29 01:23:24 2026] A ghoul sentinel tries to cleave a zol ghoul knight, but misses!
[Wed Jul 29 01:23:24 2026] A ghoul sentinel kicks YOU for 22 points of damage.
[Wed Jul 29 01:23:24 2026] Your target is too far away, get closer!
[Wed Jul 29 01:23:24 2026] A ghoul sentinel bashes YOU for 7 points of damage.
[Wed Jul 29 01:23:25 2026] You try to bash a ghoul sentinel, but miss!
[Wed Jul 29 01:23:25 2026] You smite a ghoul sentinel for 19 points of damage.
[Wed Jul 29 01:23:25 2026] You hit a ghoul sentinel for 77 points of magic damage by Smiting Strike.
[Wed Jul 29 01:23:25 2026] A ghoul sentinel staggers.
[Wed Jul 29 01:23:25 2026] You smite a ghoul sentinel for 8 points of damage.
[Wed Jul 29 01:23:25 2026] You hit a ghoul sentinel for 77 points of magic damage by Smiting Strike.
[Wed Jul 29 01:23:25 2026] A ghoul sentinel staggers.
[Wed Jul 29 01:23:25 2026] You try to kick a ghoul sentinel, but miss!
[Wed Jul 29 01:23:25 2026] You try to strike a ghoul sentinel, but miss!
[Wed Jul 29 01:23:26 2026] A zol ghoul knight hits a ghoul sentinel for 46 points of damage.
[Wed Jul 29 01:23:26 2026] A wan ghoul knight bashes a zol ghoul knight for 7 points of damage.
[Wed Jul 29 01:23:26 2026] A wan ghoul knight bashes a zol ghoul knight for 7 points of damage.
[Wed Jul 29 01:23:26 2026] A ghoul sentinel tries to pierce YOU, but misses!
[Wed Jul 29 01:23:27 2026] You try to crush a ghoul sentinel, but miss!
[Wed Jul 29 01:23:27 2026] A wan ghoul knight tries to hit a zol ghoul knight, but misses!
[Wed Jul 29 01:23:27 2026] A wan ghoul knight hits a zol ghoul knight for 60 points of damage.
[Wed Jul 29 01:23:27 2026] You try to slash a ghoul sentinel, but miss!
[Wed Jul 29 01:23:28 2026] A zol ghoul knight tries to hit a wan ghoul knight, but misses!
[Wed Jul 29 01:23:28 2026] A zol ghoul knight hits a wan ghoul knight for 40 points of damage.
[Wed Jul 29 01:23:28 2026] a wan ghoul knight stumbles.
[Wed Jul 29 01:23:28 2026] A zol ghoul knight hits a wan ghoul knight for 40 points of damage.
[Wed Jul 29 01:23:28 2026] A zol ghoul knight told you, 'Attacking a ghoul sentinel Master.'
[Wed Jul 29 01:23:28 2026] A zol ghoul knight told you, 'Attacking a ghoul sentinel Master.'
[Wed Jul 29 01:23:28 2026] A ghoul sentinel pierces YOU for 49 points of damage.
[Wed Jul 29 01:23:29 2026] You try to crush a ghoul sentinel, but miss!
[Wed Jul 29 01:23:29 2026] A wan ghoul knight hits a zol ghoul knight for 71 points of damage.
[Wed Jul 29 01:23:29 2026] You slash a ghoul sentinel for 22 points of damage.
[Wed Jul 29 01:23:29 2026] You try to slash a ghoul sentinel, but miss!
[Wed Jul 29 01:23:29 2026] A zol ghoul knight tries to hit a ghoul sentinel, but misses!
[Wed Jul 29 01:23:29 2026] A zol ghoul knight tries to hit a ghoul sentinel, but misses!
[Wed Jul 29 01:23:29 2026] A zol ghoul knight hits a ghoul sentinel for 67 points of damage.
[Wed Jul 29 01:23:29 2026] A zol ghoul knight hits a ghoul sentinel for 64 points of damage.
[Wed Jul 29 01:23:30 2026] You begin casting Tashani.
[Wed Jul 29 01:23:30 2026] You can't use that command right now...
[Wed Jul 29 01:23:30 2026] You can't use that command right now...
[Wed Jul 29 01:23:30 2026] A zol ghoul knight tries to bash a ghoul sentinel, but misses!
[Wed Jul 29 01:23:30 2026] A zol ghoul knight bashes a ghoul sentinel for 8 points of damage.
[Wed Jul 29 01:23:30 2026] A zol ghoul knight tries to kick a ghoul sentinel, but misses!
[Wed Jul 29 01:23:30 2026] A zol ghoul knight tries to kick a ghoul sentinel, but misses!
[Wed Jul 29 01:23:30 2026] a ghoul sentinel glances nervously about.
[Wed Jul 29 01:23:30 2026] A ghoul sentinel pierces YOU for 16 points of damage.
[Wed Jul 29 01:23:30 2026] Your legs feel weak.
[Wed Jul 29 01:23:30 2026] You strike a ghoul sentinel for 22 points of damage.
[Wed Jul 29 01:23:30 2026] You strike a ghoul sentinel for 12 points of damage.
[Wed Jul 29 01:23:31 2026] You try to bash a ghoul sentinel, but miss!
[Wed Jul 29 01:23:31 2026] A zol ghoul knight tries to hit a ghoul sentinel, but misses!
[Wed Jul 29 01:23:31 2026] A zol ghoul knight tries to hit a ghoul sentinel, but misses!
[Wed Jul 29 01:23:31 2026] A zol ghoul knight tries to hit a ghoul sentinel, but misses!
[Wed Jul 29 01:23:32 2026] You try to kick a ghoul sentinel, but miss!
[Wed Jul 29 01:23:32 2026] You try to kick a ghoul sentinel, but miss!
[Wed Jul 29 01:23:32 2026] A wan ghoul knight hits a zol ghoul knight for 78 points of damage.
[Wed Jul 29 01:23:32 2026] A wan ghoul knight hits a zol ghoul knight for 60 points of damage.
[Wed Jul 29 01:23:32 2026] A wan ghoul knight tries to kick a zol ghoul knight, but misses!
[Wed Jul 29 01:23:32 2026] A ghoul sentinel pierces YOU for 34 points of damage.
[Wed Jul 29 01:23:32 2026] You hit a ghoul sentinel for 144 points of magic damage by Dismiss Undead.
[Wed Jul 29 01:23:32 2026] A ghoul sentinel staggers.
[Wed Jul 29 01:23:32 2026] A ghoul sentinel pierces YOU for 11 points of damage. (Riposte)
[Wed Jul 29 01:23:32 2026] You can't use that command right now...
[Wed Jul 29 01:23:32 2026] A ghoul sentinel kicks YOU for 17 points of damage.
[Wed Jul 29 01:23:32 2026] A ghoul sentinel tries to kick YOU, but misses!
[Wed Jul 29 01:23:32 2026] You begin casting Tepid Deeds.
[Wed Jul 29 01:23:32 2026] You can't use that command right now...
[Wed Jul 29 01:23:33 2026] A ghoul sentinel bashes YOU for 7 points of damage.
[Wed Jul 29 01:23:33 2026] You can't use that command right now...
[Wed Jul 29 01:23:33 2026] A zol ghoul knight tries to cleave a ghoul sentinel, but a ghoul sentinel parries!
[Wed Jul 29 01:23:33 2026] You can't use that command right now...
[Wed Jul 29 01:23:33 2026] A zol ghoul knight hits a ghoul sentinel for 10 points of damage.
[Wed Jul 29 01:23:33 2026] A ghoul sentinel tries to pierce a zol ghoul knight, but misses! (Riposte)
[Wed Jul 29 01:23:33 2026] A zol ghoul knight tries to hit a ghoul sentinel, but misses!
[Wed Jul 29 01:23:33 2026] You regain your concentration and continue your casting.
[Wed Jul 29 01:23:33 2026] a ghoul sentinel slows down.
[Wed Jul 29 01:23:34 2026] A wan ghoul knight tries to bash a zol ghoul knight, but misses!
[Wed Jul 29 01:23:34 2026] A wan ghoul knight hits a zol ghoul knight for 74 points of damage.
[Wed Jul 29 01:23:34 2026] A wan ghoul knight hits a zol ghoul knight for 31 points of damage.
[Wed Jul 29 01:23:34 2026] You try to slash a ghoul sentinel, but miss!
[Wed Jul 29 01:23:35 2026] A ghoul sentinel pierces YOU for 25 points of damage.
[Wed Jul 29 01:23:35 2026] You try to strike a ghoul sentinel, but miss!
[Wed Jul 29 01:23:35 2026] You try to strike a ghoul sentinel, but miss!
[Wed Jul 29 01:23:35 2026] You crush a ghoul sentinel for 20 points of damage.
[Wed Jul 29 01:23:35 2026] A zol ghoul knight hits a ghoul sentinel for 31 points of damage.
[Wed Jul 29 01:23:36 2026] A zol ghoul knight bashes a ghoul sentinel for 8 points of damage.
[Wed Jul 29 01:23:36 2026] A wan ghoul knight cleaves a zol ghoul knight for 24 points of damage.
[Wed Jul 29 01:23:36 2026] Strength returns to your legs.
[Wed Jul 29 01:23:36 2026] A zol ghoul knight kicks a ghoul sentinel for 8 points of damage.
[Wed Jul 29 01:23:36 2026] A ghoul sentinel tries to cleave YOU, but misses!
[Wed Jul 29 01:23:36 2026] A ghoul sentinel tries to cleave a zol ghoul knight, but misses!
[Wed Jul 29 01:23:36 2026] You smite a ghoul sentinel for 9 points of damage.
[Wed Jul 29 01:23:36 2026] You hit a ghoul sentinel for 77 points of magic damage by Smiting Strike.
[Wed Jul 29 01:23:36 2026] A ghoul sentinel staggers.
[Wed Jul 29 01:23:36 2026] You try to smite a ghoul sentinel, but miss!
[Wed Jul 29 01:23:37 2026] A wan ghoul knight hits a zol ghoul knight for 78 points of damage.
[Wed Jul 29 01:23:37 2026] A wan ghoul knight hits a zol ghoul knight for 38 points of damage.
[Wed Jul 29 01:23:37 2026] You try to slash a ghoul sentinel, but miss!
[Wed Jul 29 01:23:37 2026] A zol ghoul knight hits a ghoul sentinel for 40 points of damage.
[Wed Jul 29 01:23:37 2026] A zol ghoul knight hits a ghoul sentinel for 67 points of damage.
[Wed Jul 29 01:23:37 2026] You try to crush a ghoul sentinel, but miss!
[Wed Jul 29 01:23:37 2026] You can't use that command right now...
[Wed Jul 29 01:23:38 2026] You try to bash a ghoul sentinel, but miss!
[Wed Jul 29 01:23:38 2026] You begin casting Mesmerization.
[Wed Jul 29 01:23:38 2026] A ghoul sentinel tries to pierce YOU, but YOU dodge!
[Wed Jul 29 01:23:38 2026] You can't use that command right now...
[Wed Jul 29 01:23:38 2026] A wan ghoul knight resisted your Mesmerization!
[Wed Jul 29 01:23:38 2026] a ghoul sentinel has been mesmerized.
[Wed Jul 29 01:23:39 2026] You try to kick a ghoul sentinel, but miss!
[Wed Jul 29 01:23:39 2026] You try to kick a ghoul sentinel, but miss!
[Wed Jul 29 01:23:39 2026] A zol ghoul knight told you, 'I am unable to wake a ghoul sentinel, Master.'
[Wed Jul 29 01:23:39 2026] You have joined the group.
[Wed Jul 29 01:23:39 2026] You are now the leader of your group.
[Wed Jul 29 01:23:39 2026] Rykkerr has joined the group.
[Wed Jul 29 01:23:39 2026] A zol ghoul knight tries to hit a wan ghoul knight, but misses!
[Wed Jul 29 01:23:39 2026] A zol ghoul knight hits a wan ghoul knight for 67 points of damage.
[Wed Jul 29 01:23:39 2026] A zol ghoul knight tries to hit a wan ghoul knight, but misses!
[Wed Jul 29 01:23:39 2026] Your Mesmerization spell has worn off of a ghoul sentinel.
[Wed Jul 29 01:23:39 2026] A ghoul sentinel has been awakened by Primitive.
[Wed Jul 29 01:23:39 2026] You strike a ghoul sentinel for 5 points of damage.
[Wed Jul 29 01:23:39 2026] You try to strike a ghoul sentinel, but miss!
[Wed Jul 29 01:23:39 2026] You slash a ghoul sentinel for 34 points of damage.
[Wed Jul 29 01:23:40 2026] A wan ghoul knight hits a zol ghoul knight for 78 points of damage.
[Wed Jul 29 01:23:40 2026] A wan ghoul knight hits a zol ghoul knight for 10 points of damage.
[Wed Jul 29 01:23:40 2026] A wan ghoul knight tries to kick a zol ghoul knight, but misses!
[Wed Jul 29 01:23:40 2026] A ghoul sentinel pierces YOU for 42 points of damage.
[Wed Jul 29 01:23:40 2026] A ghoul sentinel tries to kick YOU, but misses!
[Wed Jul 29 01:23:41 2026] A ghoul sentinel bashes YOU for 7 points of damage.
[Wed Jul 29 01:23:41 2026] A zol ghoul knight hits a wan ghoul knight for 67 points of damage.
[Wed Jul 29 01:23:42 2026] You try to crush a ghoul sentinel, but a ghoul sentinel parries!
[Wed Jul 29 01:23:42 2026] A zol ghoul knight tries to cleave a wan ghoul knight, but misses!
[Wed Jul 29 01:23:42 2026] A zol ghoul knight tries to bash a wan ghoul knight, but misses!
[Wed Jul 29 01:23:42 2026] You slash a ghoul sentinel for 36 points of damage.
[Wed Jul 29 01:23:42 2026] A wan ghoul knight hits a zol ghoul knight for 49 points of damage.
[Wed Jul 29 01:23:42 2026] A wan ghoul knight hits a zol ghoul knight for 64 points of damage.
[Wed Jul 29 01:23:42 2026] A zol ghoul knight tries to kick a wan ghoul knight, but misses!
[Wed Jul 29 01:23:42 2026] A wan ghoul knight bashes a zol ghoul knight for 7 points of damage.
[Wed Jul 29 01:23:42 2026] A wan ghoul knight bashes a zol ghoul knight for 7 points of damage.
[Wed Jul 29 01:23:43 2026] A zol ghoul knight hits a wan ghoul knight for 37 points of damage.
[Wed Jul 29 01:23:43 2026] A zol ghoul knight tries to hit a wan ghoul knight, but misses!
[Wed Jul 29 01:23:43 2026] A ghoul sentinel pierces YOU for 46 points of damage.
[Wed Jul 29 01:23:44 2026] You try to bash a ghoul sentinel, but miss!
[Wed Jul 29 01:23:44 2026] You try to strike a ghoul sentinel, but miss!
[Wed Jul 29 01:23:44 2026] You slash a ghoul sentinel for 16 points of damage.
[Wed Jul 29 01:23:44 2026] You slash a ghoul sentinel for 4 points of damage.
[Wed Jul 29 01:23:45 2026] A wan ghoul knight hits a zol ghoul knight for 78 points of damage.
[Wed Jul 29 01:23:45 2026] A wan ghoul knight tries to hit a zol ghoul knight, but misses!
[Wed Jul 29 01:23:45 2026] A zol ghoul knight hits a wan ghoul knight for 67 points of damage.
[Wed Jul 29 01:23:45 2026] A zol ghoul knight tries to hit a wan ghoul knight, but misses!
[Wed Jul 29 01:23:45 2026] You try to kick a ghoul sentinel, but miss!
[Wed Jul 29 01:23:45 2026] You can't use that command right now...
[Wed Jul 29 01:23:45 2026] You can't use that command right now...
[Wed Jul 29 01:23:45 2026] You begin casting Chaos Flux.
[Wed Jul 29 01:23:46 2026] A ghoul sentinel pierces YOU for 25 points of damage.
[Wed Jul 29 01:23:46 2026] You regain your concentration and continue your casting.
[Wed Jul 29 01:23:46 2026] You hit a ghoul sentinel for 165 points of magic damage by Chaos Flux.
[Wed Jul 29 01:23:46 2026] A ghoul sentinel is surrounded by fluxing strands of chaos.
[Wed Jul 29 01:23:47 2026] A zol ghoul knight hits a wan ghoul knight for 67 points of damage.
[Wed Jul 29 01:23:47 2026] A zol ghoul knight tries to hit a wan ghoul knight, but misses!
[Wed Jul 29 01:23:47 2026] A zol ghoul knight hits a wan ghoul knight for 58 points of damage.
[Wed Jul 29 01:23:47 2026] You try to slash a ghoul sentinel, but miss!
[Wed Jul 29 01:23:47 2026] A wan ghoul knight hits a zol ghoul knight for 78 points of damage.
[Wed Jul 29 01:23:47 2026] A wan ghoul knight hits a zol ghoul knight for 67 points of damage.
[Wed Jul 29 01:23:47 2026] You try to smite a ghoul sentinel, but miss!
[Wed Jul 29 01:23:48 2026] A zol ghoul knight tries to bash a wan ghoul knight, but a wan ghoul knight parries!
[Wed Jul 29 01:23:48 2026] A zol ghoul knight bashes a wan ghoul knight for 8 points of damage.
[Wed Jul 29 01:23:48 2026] You crush a ghoul sentinel for 7 points of damage.
[Wed Jul 29 01:23:48 2026] A zol ghoul knight hits a wan ghoul knight for 10 points of damage.
[Wed Jul 29 01:23:48 2026] A zol ghoul knight hits a wan ghoul knight for 67 points of damage.
[Wed Jul 29 01:23:48 2026] A zol ghoul knight tries to kick a wan ghoul knight, but a wan ghoul knight dodges!
[Wed Jul 29 01:23:48 2026] A zol ghoul knight kicks a wan ghoul knight for 32 points of damage.
[Wed Jul 29 01:23:49 2026] You strike a ghoul sentinel for 20 points of damage.
[Wed Jul 29 01:23:49 2026] A ghoul sentinel tries to pierce YOU, but YOU riposte!
[Wed Jul 29 01:23:49 2026] You try to slash a ghoul sentinel, but miss! (Riposte)
[Wed Jul 29 01:23:49 2026] You try to slash a ghoul sentinel, but miss!
[Wed Jul 29 01:23:50 2026] You bash a ghoul sentinel for 1 point of damage.
[Wed Jul 29 01:23:50 2026] You try to bash a ghoul sentinel, but miss!
[Wed Jul 29 01:23:50 2026] You can't use that command right now...
[Wed Jul 29 01:23:50 2026] You begin casting Chaos Flux.
[Wed Jul 29 01:23:50 2026] A wan ghoul knight tries to hit a zol ghoul knight, but misses!
[Wed Jul 29 01:23:50 2026] A wan ghoul knight tries to hit a zol ghoul knight, but misses!
[Wed Jul 29 01:23:50 2026] A wan ghoul knight tries to cleave a zol ghoul knight, but a zol ghoul knight dodges!
[Wed Jul 29 01:23:50 2026] A wan ghoul knight tries to kick a zol ghoul knight, but misses!
[Wed Jul 29 01:23:50 2026] You can't use that command right now...
[Wed Jul 29 01:23:50 2026] You can't use that command right now...
[Wed Jul 29 01:23:50 2026] A zol ghoul knight hits a wan ghoul knight for 67 points of damage.
[Wed Jul 29 01:23:50 2026] A zol ghoul knight hits a wan ghoul knight for 67 points of damage.
[Wed Jul 29 01:23:50 2026] A zol ghoul knight tries to hit a wan ghoul knight, but misses!
[Wed Jul 29 01:23:50 2026] You can't use that command right now...
[Wed Jul 29 01:23:50 2026] A wan ghoul knight bashes a zol ghoul knight for 7 points of damage.
[Wed Jul 29 01:23:50 2026] A wan ghoul knight bashes a zol ghoul knight for 7 points of damage.
[Wed Jul 29 01:23:50 2026] You can't use that command right now...
[Wed Jul 29 01:23:51 2026] A zol ghoul knight tries to cleave a wan ghoul knight, but misses!
[Wed Jul 29 01:23:51 2026] You can't use that command right now...
[Wed Jul 29 01:23:51 2026] You hit a ghoul sentinel for 165 points of magic damage by Chaos Flux.
[Wed Jul 29 01:23:51 2026] A ghoul sentinel is surrounded by fluxing strands of chaos.
[Wed Jul 29 01:23:51 2026] You try to crush a ghoul sentinel, but miss!
[Wed Jul 29 01:23:51 2026] You try to kick a ghoul sentinel, but miss!
[Wed Jul 29 01:23:52 2026] A zol ghoul knight told you, 'Attacking a ghoul sentinel Master.'
[Wed Jul 29 01:23:52 2026] You slash a ghoul sentinel for 45 points of damage.
[Wed Jul 29 01:23:52 2026] You slash a ghoul sentinel for 20 points of damage.
[Wed Jul 29 01:23:52 2026] A ghoul sentinel tries to pierce YOU, but misses!
[Wed Jul 29 01:23:52 2026] A zol ghoul knight hits a ghoul sentinel for 55 points of damage.
[Wed Jul 29 01:23:52 2026] A wan ghoul knight hits a zol ghoul knight for 38 points of damage.
[Wed Jul 29 01:23:52 2026] A ghoul sentinel bashes YOU for 7 points of damage.
[Wed Jul 29 01:23:52 2026] A ghoul sentinel bashes YOU for 7 points of damage.
[Wed Jul 29 01:23:52 2026] You try to crush a ghoul sentinel, but miss!
[Wed Jul 29 01:23:52 2026] A ghoul sentinel kicks YOU for 11 points of damage.
[Wed Jul 29 01:23:53 2026] You strike a ghoul sentinel for 2 points of damage.
[Wed Jul 29 01:23:54 2026] A zol ghoul knight tries to bash a ghoul sentinel, but misses!
[Wed Jul 29 01:23:54 2026] A zol ghoul knight tries to bash a ghoul sentinel, but misses!
[Wed Jul 29 01:23:54 2026] A zol ghoul knight tries to hit a ghoul sentinel, but misses!
[Wed Jul 29 01:23:54 2026] A zol ghoul knight tries to hit a ghoul sentinel, but misses!
[Wed Jul 29 01:23:54 2026] A ghoul sentinel pierces a zol ghoul knight for 16 points of damage. (Riposte)
[Wed Jul 29 01:23:54 2026] A zol ghoul knight tries to hit a ghoul sentinel, but misses!
[Wed Jul 29 01:23:54 2026] You hit a ghoul sentinel for 215 points of magic damage by Condemnation of Nife.
[Wed Jul 29 01:23:54 2026] A ghoul sentinel is tortured by the condemnation of Rodcet Nife.
[Wed Jul 29 01:23:54 2026] You try to slash a ghoul sentinel, but miss!
[Wed Jul 29 01:23:54 2026] You slash a ghoul sentinel for 36 points of damage.
[Wed Jul 29 01:23:54 2026] A ghoul sentinel cleaves YOU for 39 points of damage.
[Wed Jul 29 01:23:54 2026] A ghoul sentinel tries to cleave a zol ghoul knight, but a zol ghoul knight parries!
[Wed Jul 29 01:23:55 2026] A zol ghoul knight kicks a ghoul sentinel for 35 points of damage.
[Wed Jul 29 01:23:55 2026] A zol ghoul knight tries to kick a ghoul sentinel, but a ghoul sentinel parries!
[Wed Jul 29 01:23:55 2026] A ghoul sentinel tries to pierce YOU, but misses!
[Wed Jul 29 01:23:55 2026] A ghoul sentinel pierces YOU for 42 points of damage.
[Wed Jul 29 01:23:55 2026] You mend your wounds and heal some damage.
[Wed Jul 29 01:23:55 2026] A wan ghoul knight tries to hit a zol ghoul knight, but misses!
[Wed Jul 29 01:23:56 2026] You try to bash a ghoul sentinel, but miss!
[Wed Jul 29 01:23:56 2026] A zol ghoul knight hits a ghoul sentinel for 10 points of damage.
[Wed Jul 29 01:23:57 2026] You slash a ghoul sentinel for 14 points of damage.
[Wed Jul 29 01:23:57 2026] You slash a ghoul sentinel for 32 points of damage.
[Wed Jul 29 01:23:57 2026] You can't use that command right now...
[Wed Jul 29 01:23:57 2026] You begin casting Chaos Flux.
[Wed Jul 29 01:23:57 2026] A ghoul sentinel pierces YOU for 37 points of damage.
[Wed Jul 29 01:23:57 2026] A ghoul sentinel pierces YOU for 49 points of damage.
[Wed Jul 29 01:23:58 2026] A wan ghoul knight hits a zol ghoul knight for 56 points of damage.
[Wed Jul 29 01:23:58 2026] A wan ghoul knight tries to hit a zol ghoul knight, but misses!
[Wed Jul 29 01:23:58 2026] You regain your concentration and continue your casting.
[Wed Jul 29 01:23:58 2026] You hit a ghoul sentinel for 165 points of magic damage by Chaos Flux.
[Wed Jul 29 01:23:58 2026] A ghoul sentinel is surrounded by fluxing strands of chaos.
[Wed Jul 29 01:23:58 2026] A zol ghoul knight hits a ghoul sentinel for 67 points of damage.
[Wed Jul 29 01:23:58 2026] You try to kick a ghoul sentinel, but miss!
[Wed Jul 29 01:23:58 2026] You try to strike a ghoul sentinel, but miss!
[Wed Jul 29 01:23:58 2026] You try to strike a ghoul sentinel, but miss!
[Wed Jul 29 01:23:58 2026] A wan ghoul knight tries to kick a zol ghoul knight, but misses!
[Wed Jul 29 01:23:58 2026] A wan ghoul knight bashes a zol ghoul knight for 7 points of damage.
[Wed Jul 29 01:23:58 2026] A wan ghoul knight tries to bash a zol ghoul knight, but misses!
[Wed Jul 29 01:23:58 2026] You try to smite a ghoul sentinel, but miss!
[Wed Jul 29 01:23:59 2026] You crush a ghoul sentinel for 11 points of damage.
[Wed Jul 29 01:23:59 2026] You slash a ghoul sentinel for 20 points of damage.
[Wed Jul 29 01:23:59 2026] You try to slash a ghoul sentinel, but miss!
[Wed Jul 29 01:23:59 2026] A zol ghoul knight cleaves a ghoul sentinel for 25 points of damage.
[Wed Jul 29 01:24:00 2026] A ghoul sentinel pierces a zol ghoul knight for 23 points of damage. (Riposte)
[Wed Jul 29 01:24:00 2026] a zol ghoul knight stumbles.
[Wed Jul 29 01:24:00 2026] A zol ghoul knight hits a ghoul sentinel for 28 points of damage.
[Wed Jul 29 01:24:00 2026] A zol ghoul knight tries to hit a ghoul sentinel, but misses!
[Wed Jul 29 01:24:00 2026] A zol ghoul knight bashes a ghoul sentinel for 8 points of damage.
[Wed Jul 29 01:24:00 2026] A wan ghoul knight hits a zol ghoul knight for 78 points of damage.
[Wed Jul 29 01:24:00 2026] A wan ghoul knight tries to hit a zol ghoul knight, but misses!
[Wed Jul 29 01:24:00 2026] A ghoul sentinel pierces YOU for 37 points of damage.
[Wed Jul 29 01:24:00 2026] A zol ghoul knight tries to kick a ghoul sentinel, but misses!
[Wed Jul 29 01:24:01 2026] You begin casting Chaos Flux.
[Wed Jul 29 01:24:01 2026] You can't use that command right now...
[Wed Jul 29 01:24:02 2026] A zol ghoul knight hits a ghoul sentinel for 10 points of damage.
[Wed Jul 29 01:24:02 2026] A zol ghoul knight tries to hit a ghoul sentinel, but misses!
[Wed Jul 29 01:24:02 2026] A zol ghoul knight tries to hit a ghoul sentinel, but a ghoul sentinel parries!
[Wed Jul 29 01:24:02 2026] You can't use that command right now...
[Wed Jul 29 01:24:02 2026] You can't use that command right now...
[Wed Jul 29 01:24:02 2026] A wan ghoul knight tries to cleave a zol ghoul knight, but misses!
[Wed Jul 29 01:24:02 2026] You can't use that command right now...
[Wed Jul 29 01:24:02 2026] You can't use that command right now...
[Wed Jul 29 01:24:02 2026] You can't use that command right now...
[Wed Jul 29 01:24:02 2026] You hit a ghoul sentinel for 165 points of magic damage by Chaos Flux.
[Wed Jul 29 01:24:02 2026] A ghoul sentinel is surrounded by fluxing strands of chaos.
[Wed Jul 29 01:24:02 2026] You try to slash a ghoul sentinel, but miss!
[Wed Jul 29 01:24:02 2026] You bash a ghoul sentinel for 10 points of damage. (Critical)
[Wed Jul 29 01:24:02 2026] You try to strike a ghoul sentinel, but miss!
[Wed Jul 29 01:24:03 2026] A wan ghoul knight tries to hit a zol ghoul knight, but misses!
[Wed Jul 29 01:24:03 2026] A ghoul sentinel tries to pierce YOU, but YOU dodge!
[Wed Jul 29 01:24:03 2026] A ghoul sentinel pierces YOU for 53 points of damage.
[Wed Jul 29 01:24:03 2026] You crush a ghoul sentinel for 11 points of damage.
[Wed Jul 29 01:24:03 2026] A zol ghoul knight hits a wan ghoul knight for 34 points of damage.
[Wed Jul 29 01:24:03 2026] A zol ghoul knight hits a wan ghoul knight for 40 points of damage.
[Wed Jul 29 01:24:04 2026] You slash a ghoul sentinel for 25 points of damage.
[Wed Jul 29 01:24:04 2026] You kick a ghoul sentinel for 14 points of damage.
[Wed Jul 29 01:24:05 2026] A ghoul sentinel tries to bash YOU, but misses!
[Wed Jul 29 01:24:05 2026] A ghoul sentinel kicks YOU for 17 points of damage.
[Wed Jul 29 01:24:05 2026] A ghoul sentinel tries to kick YOU, but YOU block!
[Wed Jul 29 01:24:05 2026] A wan ghoul knight tries to hit a zol ghoul knight, but misses!
[Wed Jul 29 01:24:05 2026] A wan ghoul knight hits a zol ghoul knight for 42 points of damage.
[Wed Jul 29 01:24:05 2026] A zol ghoul knight tries to hit a wan ghoul knight, but misses!
[Wed Jul 29 01:24:06 2026] You try to crush a ghoul sentinel, but miss!
[Wed Jul 29 01:24:06 2026] A zol ghoul knight bashes a wan ghoul knight for 8 points of damage.
[Wed Jul 29 01:24:06 2026] A ghoul sentinel tries to pierce YOU, but misses!
[Wed Jul 29 01:24:06 2026] A ghoul sentinel tries to pierce YOU, but misses!
[Wed Jul 29 01:24:06 2026] A wan ghoul knight kicks a zol ghoul knight for 17 points of damage.
[Wed Jul 29 01:24:06 2026] You can't use that command right now...
[Wed Jul 29 01:24:06 2026] You can't use that command right now...
[Wed Jul 29 01:24:06 2026] You begin casting Chaos Flux.
[Wed Jul 29 01:24:06 2026] You can't use that command right now...
[Wed Jul 29 01:24:06 2026] A wan ghoul knight bashes a zol ghoul knight for 7 points of damage.
[Wed Jul 29 01:24:06 2026] A wan ghoul knight tries to bash a zol ghoul knight, but misses!
[Wed Jul 29 01:24:06 2026] A zol ghoul knight tries to kick a wan ghoul knight, but misses!
[Wed Jul 29 01:24:06 2026] A zol ghoul knight kicks a wan ghoul knight for 28 points of damage.
[Wed Jul 29 01:24:07 2026] You can't use that command right now...
[Wed Jul 29 01:24:07 2026] You hit a ghoul sentinel for 165 points of magic damage by Chaos Flux.
[Wed Jul 29 01:24:07 2026] A ghoul sentinel is surrounded by fluxing strands of chaos.
[Wed Jul 29 01:24:07 2026] You try to slash a ghoul sentinel, but miss!
[Wed Jul 29 01:24:07 2026] A zol ghoul knight tries to hit a wan ghoul knight, but misses!
[Wed Jul 29 01:24:07 2026] You strike a ghoul sentinel for 4 points of damage.
[Wed Jul 29 01:24:07 2026] You strike a ghoul sentinel for 1 point of damage.
[Wed Jul 29 01:24:08 2026] You try to crush a ghoul sentinel, but miss!
[Wed Jul 29 01:24:08 2026] A wan ghoul knight hits a zol ghoul knight for 78 points of damage.
[Wed Jul 29 01:24:08 2026] A zol ghoul knight tries to cleave a wan ghoul knight, but misses!
[Wed Jul 29 01:24:08 2026] A zol ghoul knight tries to cleave a wan ghoul knight, but misses!
[Wed Jul 29 01:24:09 2026] You cannot see your target.
[Wed Jul 29 01:24:09 2026] A ghoul sentinel pierces YOU for 18 points of damage.
[Wed Jul 29 01:24:09 2026] You cannot see your target.
[Wed Jul 29 01:24:09 2026] A zol ghoul knight tries to hit a wan ghoul knight, but misses!
[Wed Jul 29 01:24:09 2026] A zol ghoul knight hits a wan ghoul knight for 67 points of damage.
[Wed Jul 29 01:24:09 2026] A zol ghoul knight told you, 'Attacking a ghoul sentinel Master.'
[Wed Jul 29 01:24:10 2026] You try to smite a ghoul sentinel, but miss!
[Wed Jul 29 01:24:10 2026] You try to crush a ghoul sentinel, but miss!
[Wed Jul 29 01:24:10 2026] A wan ghoul knight hits a zol ghoul knight for 71 points of damage.
[Wed Jul 29 01:24:10 2026] A wan ghoul knight hits a zol ghoul knight for 67 points of damage.
[Wed Jul 29 01:24:11 2026] A ghoul sentinel tries to pierce YOU, but misses! (Riposte)
[Wed Jul 29 01:24:11 2026] You can't use that command right now...
[Wed Jul 29 01:24:11 2026] You begin casting Chaos Flux.
[Wed Jul 29 01:24:11 2026] A zol ghoul knight hits a wan ghoul knight for 67 points of damage.
[Wed Jul 29 01:24:11 2026] A zol ghoul knight hits a wan ghoul knight for 67 points of damage.
[Wed Jul 29 01:24:11 2026] A ghoul sentinel pierces YOU for 53 points of damage.
[Wed Jul 29 01:24:11 2026] A ghoul sentinel pierces YOU for 46 points of damage.
[Wed Jul 29 01:24:11 2026] A zol ghoul knight tries to bash a wan ghoul knight, but a wan ghoul knight dodges!
[Wed Jul 29 01:24:11 2026] A zol ghoul knight bashes a wan ghoul knight for 8 points of damage.
[Wed Jul 29 01:24:12 2026] You regain your concentration and continue your casting.
[Wed Jul 29 01:24:12 2026] You hit a ghoul sentinel for 165 points of magic damage by Chaos Flux.
[Wed Jul 29 01:24:12 2026] A ghoul sentinel is surrounded by fluxing strands of chaos.
[Wed Jul 29 01:24:12 2026] You slash a ghoul sentinel for 66 points of damage. (Critical)
[Wed Jul 29 01:24:12 2026] You strike a ghoul sentinel for 11 points of damage.
[Wed Jul 29 01:24:12 2026] You try to strike a ghoul sentinel, but miss!
[Wed Jul 29 01:24:12 2026] A ghoul sentinel tries to cleave YOU, but misses!
[Wed Jul 29 01:24:12 2026] A ghoul sentinel cleaves YOU for 49 points of damage.
[Wed Jul 29 01:24:13 2026] A zol ghoul knight told you, 'Attacking a ghoul sentinel Master.'
[Wed Jul 29 01:24:13 2026] A zol ghoul knight tries to kick a wan ghoul knight, but misses!
[Wed Jul 29 01:24:13 2026] A zol ghoul knight hits a wan ghoul knight for 67 points of damage.
[Wed Jul 29 01:24:13 2026] A zol ghoul knight hits a wan ghoul knight for 67 points of damage.
[Wed Jul 29 01:24:13 2026] A wan ghoul knight hits a zol ghoul knight for 35 points of damage.
[Wed Jul 29 01:24:13 2026] A wan ghoul knight tries to hit a zol ghoul knight, but misses!
[Wed Jul 29 01:24:14 2026] You slash a ghoul sentinel for 36 points of damage.
[Wed Jul 29 01:24:14 2026] You try to slash a ghoul sentinel, but miss!
[Wed Jul 29 01:24:14 2026] A zol ghoul knight hits a wan ghoul knight for 26 points of damage. (Riposte)
[Wed Jul 29 01:24:14 2026] A wan ghoul knight tries to cleave a zol ghoul knight, but a zol ghoul knight dodges!
[Wed Jul 29 01:24:14 2026] A wan ghoul knight tries to kick a zol ghoul knight, but misses!
[Wed Jul 29 01:24:14 2026] A wan ghoul knight kicks a zol ghoul knight for 9 points of damage.
[Wed Jul 29 01:24:14 2026] You crush a ghoul sentinel for 5 points of damage.
[Wed Jul 29 01:24:14 2026] A ghoul sentinel pierces YOU for 53 points of damage.
[Wed Jul 29 01:24:14 2026] A ghoul sentinel pierces YOU for 39 points of damage.
[Wed Jul 29 01:24:14 2026] A wan ghoul knight tries to bash a zol ghoul knight, but misses!
[Wed Jul 29 01:24:15 2026] A zol ghoul knight hits a wan ghoul knight for 67 points of damage.
[Wed Jul 29 01:24:15 2026] A zol ghoul knight tries to hit a wan ghoul knight, but misses!
[Wed Jul 29 01:24:15 2026] You try to bash a ghoul sentinel, but a ghoul sentinel parries!
[Wed Jul 29 01:24:15 2026] You try to bash a ghoul sentinel, but miss!
[Wed Jul 29 01:24:15 2026] Rykkerr begins casting Bolt of Flame.
[Wed Jul 29 01:24:15 2026] You can't use that command right now...
[Wed Jul 29 01:24:16 2026] You begin casting Chaos Flux.
[Wed Jul 29 01:24:16 2026] A wan ghoul knight hits a zol ghoul knight for 35 points of damage.
[Wed Jul 29 01:24:16 2026] You can't use that command right now...
[Wed Jul 29 01:24:16 2026] You can't use that command right now...
[Wed Jul 29 01:24:16 2026] You can't use that command right now...
[Wed Jul 29 01:24:16 2026] You can't use that command right now...
[Wed Jul 29 01:24:16 2026] A ghoul sentinel bashes YOU for 7 points of damage.
[Wed Jul 29 01:24:17 2026] You regain your concentration and continue your casting.
[Wed Jul 29 01:24:17 2026] You hit a ghoul sentinel for 165 points of magic damage by Chaos Flux.
[Wed Jul 29 01:24:17 2026] A ghoul sentinel is surrounded by fluxing strands of chaos.
[Wed Jul 29 01:24:17 2026] You crush a ghoul sentinel for 18 points of damage.
[Wed Jul 29 01:24:17 2026] You try to slash a ghoul sentinel, but miss!
[Wed Jul 29 01:24:17 2026] A ghoul sentinel tries to kick YOU, but misses!
[Wed Jul 29 01:24:17 2026] A zol ghoul knight hits a wan ghoul knight for 25 points of damage.
[Wed Jul 29 01:24:17 2026] A zol ghoul knight hits a wan ghoul knight for 58 points of damage.
[Wed Jul 29 01:24:17 2026] You try to strike a ghoul sentinel, but miss!
[Wed Jul 29 01:24:17 2026] You strike a ghoul sentinel for 25 points of damage. (Critical)
[Wed Jul 29 01:24:17 2026] You try to kick a ghoul sentinel, but miss!
[Wed Jul 29 01:24:17 2026] You kick a ghoul sentinel for 13 points of damage.
[Wed Jul 29 01:24:17 2026] A ghoul sentinel tries to pierce YOU, but misses!
[Wed Jul 29 01:24:17 2026] A ghoul sentinel pierces YOU for 16 points of damage.
[Wed Jul 29 01:24:17 2026] Your legs feel weak.
[Wed Jul 29 01:24:17 2026] A zol ghoul knight cleaves a wan ghoul knight for 67 points of damage.
[Wed Jul 29 01:24:18 2026] A zol ghoul knight bashes a wan ghoul knight for 8 points of damage.
[Wed Jul 29 01:24:18 2026] Rykkerr begins casting Siphon Life II.
[Wed Jul 29 01:24:18 2026] A zol ghoul knight tries to hit a wan ghoul knight, but misses!
[Wed Jul 29 01:24:18 2026] A zol ghoul knight hits a wan ghoul knight for 22 points of damage.
[Wed Jul 29 01:24:18 2026] A zol ghoul knight tries to hit a wan ghoul knight, but misses!
[Wed Jul 29 01:24:18 2026] A zol ghoul knight hits a wan ghoul knight for 58 points of damage.
[Wed Jul 29 01:24:19 2026] You try to crush a ghoul sentinel, but miss!
[Wed Jul 29 01:24:19 2026] A zol ghoul knight kicks a wan ghoul knight for 28 points of damage.
[Wed Jul 29 01:24:19 2026] You slash a ghoul sentinel for 42 points of damage. (Critical)
[Wed Jul 29 01:24:19 2026] Rykkerr begins casting Siphon Life II.
[Wed Jul 29 01:24:20 2026] A wan ghoul knight tries to hit a zol ghoul knight, but misses!
[Wed Jul 29 01:24:20 2026] A wan ghoul knight tries to hit a zol ghoul knight, but misses!
[Wed Jul 29 01:24:20 2026] A ghoul sentinel tries to pierce YOU, but misses!
[Wed Jul 29 01:24:20 2026] A ghoul sentinel pierces YOU for 37 points of damage.
[Wed Jul 29 01:24:20 2026] A zol ghoul knight hits a wan ghoul knight for 67 points of damage.
[Wed Jul 29 01:24:20 2026] A zol ghoul knight tries to hit a wan ghoul knight, but misses!
[Wed Jul 29 01:24:20 2026] A zol ghoul knight hits a wan ghoul knight for 67 points of damage.
[Wed Jul 29 01:24:20 2026] You can't use that command right now...
[Wed Jul 29 01:24:21 2026] You begin casting Chaos Flux.
[Wed Jul 29 01:24:21 2026] Rykkerr healed himself for 200 hit points by Siphon Life.
[Wed Jul 29 01:24:21 2026] You can't use that command right now...
[Wed Jul 29 01:24:21 2026] You can't use that command right now...
[Wed Jul 29 01:24:21 2026] A wan ghoul knight hits a zol ghoul knight for 35 points of damage.
[Wed Jul 29 01:24:21 2026] You can't use that command right now...
[Wed Jul 29 01:24:21 2026] You can't use that command right now...
[Wed Jul 29 01:24:21 2026] You can't use that command right now...
[Wed Jul 29 01:24:21 2026] You hit a ghoul sentinel for 165 points of magic damage by Chaos Flux.
[Wed Jul 29 01:24:21 2026] A ghoul sentinel is surrounded by fluxing strands of chaos.
[Wed Jul 29 01:24:21 2026] You try to crush a ghoul sentinel, but miss!
[Wed Jul 29 01:24:21 2026] You hit a ghoul sentinel for 144 points of magic damage by Dismiss Undead.
[Wed Jul 29 01:24:21 2026] A ghoul sentinel staggers.
[Wed Jul 29 01:24:21 2026] You try to slash a ghoul sentinel, but miss!
[Wed Jul 29 01:24:22 2026] You try to bash a ghoul sentinel, but miss!
[Wed Jul 29 01:24:22 2026] You try to bash a ghoul sentinel, but miss!
[Wed Jul 29 01:24:22 2026] You try to smite a ghoul sentinel, but miss!
[Wed Jul 29 01:24:22 2026] You try to strike a ghoul sentinel, but a ghoul sentinel dodges!
[Wed Jul 29 01:24:22 2026] You try to strike a ghoul sentinel, but miss!
[Wed Jul 29 01:24:22 2026] You gain party experience! (2.900%)
[Wed Jul 29 01:24:22 2026] You receive 1 platinum, 6 silver and 4 copper from the corpse.
[Wed Jul 29 01:24:22 2026] A frenzied ghoul has been slain by a bloodthirsty ghoul!
[Wed Jul 29 01:24:22 2026] You looted a Torn Page of Magi`kot pg. 3 from a frenzied ghoul's corpse and sold it for free.
[Wed Jul 29 01:24:22 2026] A zol ghoul knight hits a wan ghoul knight for 67 points of damage.
[Wed Jul 29 01:24:22 2026] A zol ghoul knight hits a wan ghoul knight for 52 points of damage.
[Wed Jul 29 01:24:22 2026] A zol ghoul knight tries to hit a wan ghoul knight, but misses!
[Wed Jul 29 01:24:22 2026] A wan ghoul knight tries to kick a zol ghoul knight, but a zol ghoul knight dodges!
[Wed Jul 29 01:24:22 2026] A wan ghoul knight tries to bash a zol ghoul knight, but misses!
[Wed Jul 29 01:24:23 2026] A ghoul sentinel tries to pierce YOU, but YOU block!
[Wed Jul 29 01:24:23 2026] A ghoul sentinel pierces YOU for 16 points of damage.
[Wed Jul 29 01:24:23 2026] Your legs feel weak.
[Wed Jul 29 01:24:23 2026] A wan ghoul knight tries to hit a zol ghoul knight, but a zol ghoul knight parries!
[Wed Jul 29 01:24:23 2026] You kick a ghoul sentinel for 21 points of damage.
[Wed Jul 29 01:24:23 2026] You try to kick a ghoul sentinel, but miss!
[Wed Jul 29 01:24:23 2026] A zol ghoul knight bashes a wan ghoul knight for 8 points of damage.
[Wed Jul 29 01:24:23 2026] A zol ghoul knight bashes a wan ghoul knight for 8 points of damage.
[Wed Jul 29 01:24:24 2026] You try to slash a ghoul sentinel, but miss!
[Wed Jul 29 01:24:24 2026] You try to slash a ghoul sentinel, but miss!
[Wed Jul 29 01:24:24 2026] A zol ghoul knight tries to hit a wan ghoul knight, but a wan ghoul knight parries!
[Wed Jul 29 01:24:24 2026] A zol ghoul knight kicks a wan ghoul knight for 19 points of damage.
[Wed Jul 29 01:24:24 2026] Your faction standing with Undead Frogloks of Guk has been adjusted by -15.
[Wed Jul 29 01:24:24 2026] Your faction standing with Frogloks of Guk has been adjusted by 5.
[Wed Jul 29 01:24:24 2026] You gain party experience! (2.014%)
[Wed Jul 29 01:24:24 2026] You receive 3 platinum, 6 silver and 5 copper from the corpse.
[Wed Jul 29 01:24:24 2026] A wan ghoul knight has been slain by a zol ghoul knight!
[Wed Jul 29 01:24:25 2026] You crush a ghoul sentinel for 9 points of damage.
[Wed Jul 29 01:24:25 2026] You can't use that command right now...
[Wed Jul 29 01:24:25 2026] You begin casting Chaos Flux.
[Wed Jul 29 01:24:26 2026] A ghoul sentinel pierces YOU for 18 points of damage.
[Wed Jul 29 01:24:26 2026] A ghoul sentinel pierces YOU for 53 points of damage.
[Wed Jul 29 01:24:26 2026] You regain your concentration and continue your casting.
[Wed Jul 29 01:24:26 2026] You hit a ghoul sentinel for 165 points of magic damage by Chaos Flux.
[Wed Jul 29 01:24:26 2026] A ghoul sentinel is surrounded by fluxing strands of chaos.
[Wed Jul 29 01:24:26 2026] You try to slash a ghoul sentinel, but miss!
[Wed Jul 29 01:24:27 2026] You looted a Moonstone Ring +1 from a frenzied ghoul's corpse to create a Moonstone Ring +1
[Wed Jul 29 01:24:28 2026] You bash a ghoul sentinel for 1 point of damage.
[Wed Jul 29 01:24:28 2026] A ghoul sentinel tries to bash YOU, but misses!
[Wed Jul 29 01:24:28 2026] A ghoul sentinel tries to bash YOU, but misses!
[Wed Jul 29 01:24:28 2026] A ghoul sentinel pierces YOU for 51 points of damage.
[Wed Jul 29 01:24:29 2026] You slash a ghoul sentinel for 29 points of damage.
[Wed Jul 29 01:24:29 2026] You try to slash a ghoul sentinel, but miss!
[Wed Jul 29 01:24:29 2026] A ghoul sentinel tries to kick YOU, but misses!
[Wed Jul 29 01:24:29 2026] A ghoul sentinel kicks YOU for 22 points of damage.
[Wed Jul 29 01:24:30 2026] You crush a ghoul sentinel for 18 points of damage.
[Wed Jul 29 01:24:30 2026] You try to kick a ghoul sentinel, but miss!
[Wed Jul 29 01:24:30 2026] You begin casting Chaos Flux.
[Wed Jul 29 01:24:31 2026] You hit a ghoul sentinel for 165 points of magic damage by Chaos Flux.
[Wed Jul 29 01:24:31 2026] A ghoul sentinel is surrounded by fluxing strands of chaos.
[Wed Jul 29 01:24:31 2026] A ghoul sentinel cleaves YOU for 9 points of damage.
[Wed Jul 29 01:24:31 2026] A ghoul sentinel cleaves YOU for 37 points of damage.
[Wed Jul 29 01:24:31 2026] Your legs feel weak.
[Wed Jul 29 01:24:31 2026] You try to strike a ghoul sentinel, but miss!
[Wed Jul 29 01:24:31 2026] You try to slash a ghoul sentinel, but miss!
[Wed Jul 29 01:24:31 2026] A ghoul sentinel tries to pierce YOU, but YOU parry!
[Wed Jul 29 01:24:32 2026] You try to crush a ghoul sentinel, but miss!
[Wed Jul 29 01:24:32 2026] A zol ghoul knight hits a ghoul sentinel for 67 points of damage.
[Wed Jul 29 01:24:32 2026] A zol ghoul knight hits a ghoul sentinel for 43 points of damage.
[Wed Jul 29 01:24:32 2026] A zol ghoul knight hits a ghoul sentinel for 67 points of damage.
[Wed Jul 29 01:24:32 2026] A zol ghoul knight tries to cleave a ghoul sentinel, but misses!
[Wed Jul 29 01:24:32 2026] A zol ghoul knight tries to cleave a ghoul sentinel, but misses!
[Wed Jul 29 01:24:32 2026] A zol ghoul knight tries to bash a ghoul sentinel, but misses!
[Wed Jul 29 01:24:32 2026] A zol ghoul knight bashes a ghoul sentinel for 8 points of damage.
[Wed Jul 29 01:24:32 2026] A zol ghoul knight kicks a ghoul sentinel for 35 points of damage.
[Wed Jul 29 01:24:33 2026] You smite a ghoul sentinel for 24 points of damage.
[Wed Jul 29 01:24:33 2026] You hit a ghoul sentinel for 77 points of magic damage by Smiting Strike.
[Wed Jul 29 01:24:33 2026] A ghoul sentinel staggers.
[Wed Jul 29 01:24:34 2026] You slash a ghoul sentinel for 48 points of damage.
[Wed Jul 29 01:24:34 2026] You try to bash a ghoul sentinel, but miss!
[Wed Jul 29 01:24:34 2026] You bash a ghoul sentinel for 1 point of damage.
[Wed Jul 29 01:24:34 2026] A zol ghoul knight hits a ghoul sentinel for 22 points of damage.
[Wed Jul 29 01:24:34 2026] A zol ghoul knight tries to hit a ghoul sentinel, but misses!
[Wed Jul 29 01:24:34 2026] You crush a ghoul sentinel for 18 points of damage.
[Wed Jul 29 01:24:34 2026] A ghoul sentinel tries to pierce YOU, but YOU dodge!
[Wed Jul 29 01:24:34 2026] A ghoul sentinel pierces YOU for 30 points of damage.
[Wed Jul 29 01:24:35 2026] You can't use that command right now...
[Wed Jul 29 01:24:35 2026] You can't use that command right now...
[Wed Jul 29 01:24:35 2026] You begin casting Chaos Flux.
[Wed Jul 29 01:24:36 2026] You regain your concentration and continue your casting.
[Wed Jul 29 01:24:36 2026] You hit a ghoul sentinel for 165 points of magic damage by Chaos Flux.
[Wed Jul 29 01:24:36 2026] A ghoul sentinel is surrounded by fluxing strands of chaos.
[Wed Jul 29 01:24:36 2026] A zol ghoul knight tries to hit a ghoul sentinel, but misses!
[Wed Jul 29 01:24:36 2026] A zol ghoul knight tries to hit a ghoul sentinel, but misses!
[Wed Jul 29 01:24:36 2026] You try to strike a ghoul sentinel, but miss!
[Wed Jul 29 01:24:36 2026] You try to crush a ghoul sentinel, but miss!
[Wed Jul 29 01:24:36 2026] You slash a ghoul sentinel for 36 points of damage.
[Wed Jul 29 01:24:36 2026] You try to kick a ghoul sentinel, but miss!
[Wed Jul 29 01:24:36 2026] Strength returns to your legs.
[Wed Jul 29 01:24:37 2026] A ghoul sentinel tries to pierce YOU, but YOU dodge!
[Wed Jul 29 01:24:38 2026] A zol ghoul knight tries to hit a ghoul sentinel, but misses!
[Wed Jul 29 01:24:38 2026] A zol ghoul knight hits a ghoul sentinel for 67 points of damage.
[Wed Jul 29 01:24:38 2026] A zol ghoul knight bashes a ghoul sentinel for 8 points of damage.
[Wed Jul 29 01:24:38 2026] A zol ghoul knight tries to bash a ghoul sentinel, but misses!
[Wed Jul 29 01:24:38 2026] A zol ghoul knight kicks a ghoul sentinel for 35 points of damage.
[Wed Jul 29 01:24:38 2026] A zol ghoul knight tries to kick a ghoul sentinel, but a ghoul sentinel parries!
[Wed Jul 29 01:24:38 2026] You try to crush a ghoul sentinel, but miss!
[Wed Jul 29 01:24:38 2026] You try to slash a ghoul sentinel, but miss!
[Wed Jul 29 01:24:39 2026] Rykkerr reaves a ghoul sentinel for 1 point of damage.
[Wed Jul 29 01:24:39 2026] Rykkerr hit a ghoul sentinel for 110 points of magic damage by Reaving Strike.
[Wed Jul 29 01:24:39 2026] A ghoul sentinel staggers.
[Wed Jul 29 01:24:39 2026] Rykkerr tries to slash a ghoul sentinel, but misses!
[Wed Jul 29 01:24:39 2026] Rykkerr slashes a ghoul sentinel for 13 points of damage.
[Wed Jul 29 01:24:39 2026] You can't use that command right now...
[Wed Jul 29 01:24:39 2026] You begin casting Chaos Flux.
[Wed Jul 29 01:24:39 2026] A zol ghoul knight hits a ghoul sentinel for 58 points of damage.
[Wed Jul 29 01:24:39 2026] A zol ghoul knight hits a ghoul sentinel for 67 points of damage.
[Wed Jul 29 01:24:39 2026] A zol ghoul knight hits a ghoul sentinel for 37 points of damage.
[Wed Jul 29 01:24:39 2026] A zol ghoul knight hits a ghoul sentinel for 67 points of damage.
[Wed Jul 29 01:24:40 2026] You can't use that command right now...
[Wed Jul 29 01:24:40 2026] You can't use that command right now...
[Wed Jul 29 01:24:40 2026] A ghoul sentinel tries to pierce YOU, but misses!
[Wed Jul 29 01:24:40 2026] A ghoul sentinel tries to pierce YOU, but YOU block!
[Wed Jul 29 01:24:40 2026] You can't use that command right now...
[Wed Jul 29 01:24:40 2026] You can't use that command right now...
[Wed Jul 29 01:24:40 2026] You can't use that command right now...
[Wed Jul 29 01:24:40 2026] A ghoul sentinel bashes YOU for 7 points of damage.
[Wed Jul 29 01:24:40 2026] A ghoul sentinel bashes YOU for 7 points of damage.
[Wed Jul 29 01:24:40 2026] Your Chaos Flux spell is interrupted.
[Wed Jul 29 01:24:41 2026] You can't use that command right now...
[Wed Jul 29 01:24:41 2026] You begin casting Chaos Flux.
[Wed Jul 29 01:24:41 2026] A zol ghoul knight cleaves a ghoul sentinel for 58 points of damage.
[Wed Jul 29 01:24:41 2026] You can't use that command right now...
[Wed Jul 29 01:24:41 2026] A ghoul sentinel kicks YOU for 13 points of damage.
[Wed Jul 29 01:24:41 2026] A ghoul sentinel tries to kick YOU, but misses!
[Wed Jul 29 01:24:41 2026] You can't use that command right now...
[Wed Jul 29 01:24:41 2026] You can't use that command right now...
[Wed Jul 29 01:24:41 2026] A zol ghoul knight tries to hit a ghoul sentinel, but misses!
[Wed Jul 29 01:24:42 2026] You can't use that command right now...
[Wed Jul 29 01:24:42 2026] Your Chaos Flux spell is interrupted.
[Wed Jul 29 01:24:42 2026] You try to slash a ghoul sentinel, but miss!
[Wed Jul 29 01:24:42 2026] Rykkerr slashes a ghoul sentinel for 20 points of damage.
[Wed Jul 29 01:24:42 2026] Rykkerr tries to slash a ghoul sentinel, but misses!
[Wed Jul 29 01:24:42 2026] You can't use that command right now...
[Wed Jul 29 01:24:43 2026] You begin casting Chaos Flux.
[Wed Jul 29 01:24:43 2026] You can't use that command right now...
[Wed Jul 29 01:24:43 2026] A ghoul sentinel pierces YOU for 37 points of damage.
[Wed Jul 29 01:24:43 2026] A ghoul sentinel pierces YOU for 9 points of damage.
[Wed Jul 29 01:24:43 2026] You can't use that command right now...
[Wed Jul 29 01:24:43 2026] A zol ghoul knight tries to hit a ghoul sentinel, but misses!
[Wed Jul 29 01:24:43 2026] A zol ghoul knight tries to hit a ghoul sentinel, but misses!
[Wed Jul 29 01:24:43 2026] A bloodthirsty ghoul tries to slash a ghoul sentinel, but misses!
[Wed Jul 29 01:24:43 2026] A bloodthirsty ghoul slashes a ghoul sentinel for 72 points of damage.
[Wed Jul 29 01:24:43 2026] A bloodthirsty ghoul hits a ghoul sentinel for 53 points of damage.
[Wed Jul 29 01:24:43 2026] A bloodthirsty ghoul cleaves a ghoul sentinel for 72 points of damage.
[Wed Jul 29 01:24:43 2026] a ghoul sentinel stumbles.
[Wed Jul 29 01:24:43 2026] A bloodthirsty ghoul bashes a ghoul sentinel for 9 points of damage.
[Wed Jul 29 01:24:43 2026] You regain your concentration and continue your casting.
[Wed Jul 29 01:24:43 2026] Your faction standing with Undead Frogloks of Guk has been adjusted by -15.
[Wed Jul 29 01:24:43 2026] Your faction standing with Frogloks of Guk has been adjusted by 5.
[Wed Jul 29 01:24:43 2026] You gain party experience! (2.900%)
[Wed Jul 29 01:24:43 2026] You receive 7 gold, 9 silver and 3 copper from the corpse.
[Wed Jul 29 01:24:43 2026] You hit a ghoul sentinel for 7 points of magic damage by Chaos Flux.
[Wed Jul 29 01:24:43 2026] A ghoul sentinel is surrounded by fluxing strands of chaos.
[Wed Jul 29 01:24:43 2026] You have slain a ghoul sentinel!
[Wed Jul 29 01:24:44 2026] You looted an Undead Froglok Tongue from a ghoul sentinel's corpse and sold it for 5 silver and 8 copper.
[Wed Jul 29 01:24:44 2026] You looted 2 Phosphorous Powder from a ghoul sentinel's corpse and sold it for 2 platinum, 5 gold, 7 silver and 2 copper.
[Wed Jul 29 01:24:44 2026] Your Beguile spell has worn off of a zol ghoul knight.
[Wed Jul 29 01:24:44 2026] A zol ghoul knight bashes YOU for 5 points of damage.
[Wed Jul 29 01:24:44 2026] A zol ghoul knight tries to kick YOU, but misses!
[Wed Jul 29 01:24:45 2026] A zol ghoul knight hits YOU for 7 points of damage.
[Wed Jul 29 01:24:45 2026] A zol ghoul knight tries to hit YOU, but misses!
[Wed Jul 29 01:24:47 2026] A bloodthirsty ghoul slashes a zol ghoul knight for 37 points of damage.
[Wed Jul 29 01:24:47 2026] A bloodthirsty ghoul tries to slash a zol ghoul knight, but misses!
[Wed Jul 29 01:24:47 2026] Auto attack is on.
[Wed Jul 29 01:24:47 2026] A bloodthirsty ghoul tries to kick a zol ghoul knight, but misses!
[Wed Jul 29 01:24:47 2026] A bloodthirsty ghoul kicks a zol ghoul knight for 26 points of damage.
[Wed Jul 29 01:24:47 2026] A bloodthirsty ghoul tries to slash a zol ghoul knight, but misses!
[Wed Jul 29 01:24:47 2026] A bloodthirsty ghoul slashes a zol ghoul knight for 34 points of damage.
[Wed Jul 29 01:24:47 2026] A bloodthirsty ghoul hits a zol ghoul knight for 40 points of damage.
[Wed Jul 29 01:24:47 2026] You bash a zol ghoul knight for 1 point of damage.
[Wed Jul 29 01:24:47 2026] You bash a zol ghoul knight for 1 point of damage.
[Wed Jul 29 01:24:47 2026] You smite a zol ghoul knight for 22 points of damage.
[Wed Jul 29 01:24:47 2026] You hit a zol ghoul knight for 77 points of magic damage by Smiting Strike.
[Wed Jul 29 01:24:47 2026] A zol ghoul knight staggers.
[Wed Jul 29 01:24:47 2026] You try to kick a zol ghoul knight, but miss!
[Wed Jul 29 01:24:47 2026] You strike a zol ghoul knight for 16 points of damage.
[Wed Jul 29 01:24:47 2026] You try to crush a zol ghoul knight, but miss!
[Wed Jul 29 01:24:47 2026] You try to slash a zol ghoul knight, but miss!
[Wed Jul 29 01:24:47 2026] You slash a zol ghoul knight for 11 points of damage.
[Wed Jul 29 01:24:47 2026] A zol ghoul knight hits YOU for 33 points of damage.
[Wed Jul 29 01:24:47 2026] A zol ghoul knight tries to hit YOU, but YOU riposte!
[Wed Jul 29 01:24:47 2026] You try to slash a zol ghoul knight, but miss! (Riposte)
[Wed Jul 29 01:24:49 2026] A bloodthirsty ghoul tries to slash a zol ghoul knight, but misses!
[Wed Jul 29 01:24:49 2026] A bloodthirsty ghoul slashes a zol ghoul knight for 72 points of damage.
[Wed Jul 29 01:24:49 2026] A zol ghoul knight tries to hit YOU, but misses!
[Wed Jul 29 01:24:49 2026] A dar ghoul knight is burned by Rykkerr's flames for 13 points of non-melee damage.
[Wed Jul 29 01:24:49 2026] A dar ghoul knight hits Rykkerr for 8 points of damage.
[Wed Jul 29 01:24:49 2026] A dar ghoul knight is burned by Rykkerr's flames for 13 points of non-melee damage.
[Wed Jul 29 01:24:49 2026] A dar ghoul knight cleaves Rykkerr for 24 points of damage.
[Wed Jul 29 01:24:49 2026] A dar ghoul knight is burned by Rykkerr's flames for 13 points of non-melee damage.
[Wed Jul 29 01:24:49 2026] A dar ghoul knight kicks Rykkerr for 7 points of damage.
[Wed Jul 29 01:24:49 2026] A dar ghoul knight is burned by Rykkerr's flames for 13 points of non-melee damage.
[Wed Jul 29 01:24:49 2026] A dar ghoul knight hits Rykkerr for 8 points of damage.
[Wed Jul 29 01:24:49 2026] A dar ghoul knight is burned by Rykkerr's flames for 13 points of non-melee damage.
[Wed Jul 29 01:24:49 2026] A dar ghoul knight cleaves Rykkerr for 45 points of damage.
[Wed Jul 29 01:24:49 2026] A dar ghoul knight tries to cleave Rykkerr, but misses!
[Wed Jul 29 01:24:49 2026] A dar ghoul knight is burned by Rykkerr's flames for 13 points of non-melee damage.
[Wed Jul 29 01:24:49 2026] A dar ghoul knight kicks Rykkerr for 13 points of damage.
[Wed Jul 29 01:24:49 2026] A dar ghoul knight tries to bash Rykkerr, but misses!
[Wed Jul 29 01:24:49 2026] A dar ghoul knight is burned by Rykkerr's flames for 13 points of non-melee damage.
[Wed Jul 29 01:24:49 2026] A dar ghoul knight bashes Rykkerr for 6 points of damage.
[Wed Jul 29 01:24:49 2026] A dar ghoul knight is burned by Rykkerr's flames for 13 points of non-melee damage.
[Wed Jul 29 01:24:49 2026] A dar ghoul knight bashes Rykkerr for 6 points of damage.
[Wed Jul 29 01:24:49 2026] A bloodthirsty ghoul tries to bash a zol ghoul knight, but misses!
[Wed Jul 29 01:24:49 2026] A bloodthirsty ghoul tries to bash a zol ghoul knight, but misses!
[Wed Jul 29 01:24:49 2026] You crush a zol ghoul knight for 39 points of damage. (Critical)
[Wed Jul 29 01:24:49 2026] You try to slash a zol ghoul knight, but miss!
[Wed Jul 29 01:24:49 2026] You try to slash a zol ghoul knight, but miss!
[Wed Jul 29 01:24:50 2026] A zol ghoul knight cleaves YOU for 22 points of damage.
[Wed Jul 29 01:24:50 2026] A zol ghoul knight tries to bash YOU, but misses!
[Wed Jul 29 01:24:50 2026] A zol ghoul knight tries to bash YOU, but misses!
[Wed Jul 29 01:24:50 2026] You can't use that command right now...
[Wed Jul 29 01:24:50 2026] A zol ghoul knight kicks YOU for 13 points of damage.
[Wed Jul 29 01:24:51 2026] You can't use that command right now...
[Wed Jul 29 01:24:51 2026] You begin casting Chaos Flux.
[Wed Jul 29 01:24:51 2026] A zol ghoul knight hits YOU for 28 points of damage.
[Wed Jul 29 01:24:51 2026] A zol ghoul knight hits YOU for 22 points of damage.
[Wed Jul 29 01:24:51 2026] A dar ghoul knight is burned by Rykkerr's flames for 13 points of non-melee damage.
[Wed Jul 29 01:24:51 2026] A dar ghoul knight hits Rykkerr for 21 points of damage. (Riposte)
[Wed Jul 29 01:24:51 2026] Rykkerr stumbles.
[Wed Jul 29 01:24:51 2026] Rykkerr slashes a dar ghoul knight for 57 points of damage.
[Wed Jul 29 01:24:51 2026] Rykkerr begins casting Siphon Life II.
[Wed Jul 29 01:24:51 2026] A bloodthirsty ghoul slashes a dar ghoul knight for 40 points of damage.
[Wed Jul 29 01:24:51 2026] A bloodthirsty ghoul tries to slash a dar ghoul knight, but misses!
[Wed Jul 29 01:24:51 2026] A dar ghoul knight is burned by Rykkerr's flames for 13 points of non-melee damage.
[Wed Jul 29 01:24:51 2026] A dar ghoul knight hits Rykkerr for 33 points of damage.
[Wed Jul 29 01:24:51 2026] You regain your concentration and continue your casting.
[Wed Jul 29 01:24:51 2026] You hit a zol ghoul knight for 165 points of magic damage by Chaos Flux.
[Wed Jul 29 01:24:51 2026] A zol ghoul knight is surrounded by fluxing strands of chaos.
[Wed Jul 29 01:24:51 2026] A dar ghoul knight is burned by Rykkerr's flames for 13 points of non-melee damage.
[Wed Jul 29 01:24:51 2026] A dar ghoul knight hits Rykkerr for 17 points of damage.
[Wed Jul 29 01:24:52 2026] You try to strike a zol ghoul knight, but miss!
[Wed Jul 29 01:24:52 2026] A bloodthirsty ghoul cleaves a dar ghoul knight for 72 points of damage.
[Wed Jul 29 01:24:52 2026] A bloodthirsty ghoul tries to cleave a dar ghoul knight, but misses!
[Wed Jul 29 01:24:52 2026] You slash a zol ghoul knight for 29 points of damage.
[Wed Jul 29 01:24:52 2026] A bloodthirsty ghoul slashes a dar ghoul knight for 72 points of damage.
[Wed Jul 29 01:24:52 2026] A bloodthirsty ghoul slashes a dar ghoul knight for 43 points of damage.
[Wed Jul 29 01:24:53 2026] A zol ghoul knight hits YOU for 14 points of damage.
[Wed Jul 29 01:24:53 2026] A bloodthirsty ghoul kicks a dar ghoul knight for 34 points of damage.
[Wed Jul 29 01:24:53 2026] A bloodthirsty ghoul tries to kick a dar ghoul knight, but misses!
[Wed Jul 29 01:24:53 2026] Rykkerr tries to slash a dar ghoul knight, but misses!
[Wed Jul 29 01:24:53 2026] You try to bash a zol ghoul knight, but miss!
[Wed Jul 29 01:24:53 2026] You try to bash a zol ghoul knight, but miss!
[Wed Jul 29 01:24:53 2026] Rykkerr tries to reave a dar ghoul knight, but a dar ghoul knight dodges!
[Wed Jul 29 01:24:53 2026] Rykkerr begins casting Siphon Life II.
[Wed Jul 29 01:24:53 2026] You kick a zol ghoul knight for 7 points of damage.
[Wed Jul 29 01:24:54 2026] A dar ghoul knight tries to hit Rykkerr, but misses!
[Wed Jul 29 01:24:54 2026] A dar ghoul knight tries to hit Rykkerr, but misses!
[Wed Jul 29 01:24:54 2026] A dar ghoul knight is burned by Rykkerr's flames for 13 points of non-melee damage.
[Wed Jul 29 01:24:54 2026] A dar ghoul knight hits Rykkerr for 49 points of damage.
[Wed Jul 29 01:24:54 2026] Rykkerr stumbles.
[Wed Jul 29 01:24:54 2026] A bloodthirsty ghoul tries to slash a dar ghoul knight, but misses!
[Wed Jul 29 01:24:54 2026] A bloodthirsty ghoul hits a dar ghoul knight for 72 points of damage.
[Wed Jul 29 01:24:54 2026] You slash a zol ghoul knight for 34 points of damage.
[Wed Jul 29 01:24:54 2026] You slash a zol ghoul knight for 53 points of damage.
[Wed Jul 29 01:24:55 2026] A zol ghoul knight hits YOU for 39 points of damage.
[Wed Jul 29 01:24:55 2026] A bloodthirsty ghoul tries to bash a dar ghoul knight, but misses!
[Wed Jul 29 01:24:55 2026] A bloodthirsty ghoul bashes a dar ghoul knight for 9 points of damage.
[Wed Jul 29 01:24:55 2026] Rykkerr hit a dar ghoul knight for 207 points of magic damage by Siphon Life.
[Wed Jul 29 01:24:55 2026] A dar ghoul knight staggers.
[Wed Jul 29 01:24:55 2026] Rykkerr healed himself for 207 hit points by Siphon Life.
[Wed Jul 29 01:24:55 2026] You can't use that command right now...
[Wed Jul 29 01:24:55 2026] You begin casting Chaos Flux.
[Wed Jul 29 01:24:55 2026] You can't use that command right now...
[Wed Jul 29 01:24:56 2026] You can't use that command right now...
[Wed Jul 29 01:24:56 2026] A zol ghoul knight bashes YOU for 5 points of damage.
[Wed Jul 29 01:24:56 2026] You can't use that command right now...
[Wed Jul 29 01:24:56 2026] Rykkerr tries to slash a dar ghoul knight, but misses!
[Wed Jul 29 01:24:56 2026] Rykkerr slashes a dar ghoul knight for 53 points of damage.
[Wed Jul 29 01:24:56 2026] You can't use that command right now...
[Wed Jul 29 01:24:56 2026] Rykkerr begins casting Bolt of Flame.
[Wed Jul 29 01:24:56 2026] A bloodthirsty ghoul slashes a dar ghoul knight for 72 points of damage.
[Wed Jul 29 01:24:56 2026] A bloodthirsty ghoul tries to slash a dar ghoul knight, but a dar ghoul knight parries!
[Wed Jul 29 01:24:56 2026] A bloodthirsty ghoul hits a dar ghoul knight for 72 points of damage.
[Wed Jul 29 01:24:56 2026] You can't use that command right now...
[Wed Jul 29 01:24:56 2026] You regain your concentration and continue your casting.
[Wed Jul 29 01:24:56 2026] You hit a zol ghoul knight for 165 points of magic damage by Chaos Flux.
[Wed Jul 29 01:24:56 2026] A zol ghoul knight is surrounded by fluxing strands of chaos.
[Wed Jul 29 01:24:56 2026] A zol ghoul knight hits YOU for 14 points of damage.
[Wed Jul 29 01:24:56 2026] A zol ghoul knight tries to hit YOU, but misses!
[Wed Jul 29 01:24:56 2026] A dar ghoul knight tries to hit Rykkerr, but misses!
[Wed Jul 29 01:24:56 2026] You strike a zol ghoul knight for 13 points of damage.
[Wed Jul 29 01:24:56 2026] A dar ghoul knight is burned by Rykkerr's flames for 13 points of non-melee damage.
[Wed Jul 29 01:24:56 2026] A dar ghoul knight hits Rykkerr for 36 points of damage.
[Wed Jul 29 01:24:56 2026] A dar ghoul knight is burned by Rykkerr's flames for 13 points of non-melee damage.
[Wed Jul 29 01:24:56 2026] A dar ghoul knight hits Rykkerr for 31 points of damage.
[Wed Jul 29 01:24:57 2026] A zol ghoul knight tries to kick YOU, but misses!
[Wed Jul 29 01:24:57 2026] You try to slash a zol ghoul knight, but miss!
[Wed Jul 29 01:24:57 2026] You try to slash a zol ghoul knight, but miss!
[Wed Jul 29 01:24:57 2026] A dar ghoul knight is burned by Rykkerr's flames for 13 points of non-melee damage.
[Wed Jul 29 01:24:57 2026] A dar ghoul knight kicks Rykkerr for 20 points of damage.
[Wed Jul 29 01:24:57 2026] A dar ghoul knight is burned by Rykkerr's flames for 13 points of non-melee damage.
[Wed Jul 29 01:24:57 2026] A dar ghoul knight kicks Rykkerr for 14 points of damage.
[Wed Jul 29 01:24:57 2026] A dar ghoul knight tries to kick Rykkerr, but misses!
[Wed Jul 29 01:24:57 2026] A dar ghoul knight tries to kick Rykkerr, but misses!
[Wed Jul 29 01:24:57 2026] A dar ghoul knight is burned by Rykkerr's flames for 13 points of non-melee damage.
[Wed Jul 29 01:24:57 2026] A dar ghoul knight bashes Rykkerr for 6 points of damage.
[Wed Jul 29 01:24:57 2026] A dar ghoul knight is burned by Rykkerr's flames for 13 points of non-melee damage.
[Wed Jul 29 01:24:57 2026] A dar ghoul knight bashes Rykkerr for 6 points of damage.
[Wed Jul 29 01:24:57 2026] A dar ghoul knight is burned by Rykkerr's flames for 13 points of non-melee damage.
[Wed Jul 29 01:24:57 2026] A dar ghoul knight bashes Rykkerr for 6 points of damage.
[Wed Jul 29 01:24:58 2026] You try to crush a zol ghoul knight, but miss!
[Wed Jul 29 01:24:58 2026] You smite a zol ghoul knight for 1 point of damage.
[Wed Jul 29 01:24:58 2026] You hit a zol ghoul knight for 77 points of magic damage by Smiting Strike.
[Wed Jul 29 01:24:58 2026] A zol ghoul knight staggers.
[Wed Jul 29 01:24:58 2026] A bloodthirsty ghoul tries to slash a dar ghoul knight, but misses!
[Wed Jul 29 01:24:58 2026] A bloodthirsty ghoul slashes a dar ghoul knight for 72 points of damage.
[Wed Jul 29 01:24:58 2026] A bloodthirsty ghoul tries to hit a dar ghoul knight, but a dar ghoul knight parries!
[Wed Jul 29 01:24:58 2026] A bloodthirsty ghoul hits a dar ghoul knight for 62 points of damage.
[Wed Jul 29 01:24:58 2026] A zol ghoul knight hits YOU for 33 points of damage.
[Wed Jul 29 01:24:58 2026] A zol ghoul knight hits YOU for 7 points of damage.
[Wed Jul 29 01:24:59 2026] A bloodthirsty ghoul kicks a dar ghoul knight for 26 points of damage.
[Wed Jul 29 01:24:59 2026] A zol ghoul knight tries to cleave YOU, but misses!
[Wed Jul 29 01:24:59 2026] A dar ghoul knight tries to hit Rykkerr, but misses!
[Wed Jul 29 01:24:59 2026] A dar ghoul knight is burned by a bloodthirsty ghoul's flames for 13 points of non-melee damage.
[Wed Jul 29 01:24:59 2026] A dar ghoul knight hits a bloodthirsty ghoul for 103 points of damage.
[Wed Jul 29 01:24:59 2026] You bash a zol ghoul knight for 1 point of damage.
[Wed Jul 29 01:24:59 2026] Rykkerr begins casting Bolt of Flame.
[Wed Jul 29 01:24:59 2026] You slash a zol ghoul knight for 36 points of damage.
[Wed Jul 29 01:25:00 2026] You try to kick a zol ghoul knight, but miss!
[Wed Jul 29 01:25:00 2026] A bloodthirsty ghoul slashes a dar ghoul knight for 21 points of damage.
[Wed Jul 29 01:25:00 2026] A bloodthirsty ghoul tries to slash a dar ghoul knight, but misses!
[Wed Jul 29 01:25:00 2026] A bloodthirsty ghoul tries to hit a dar ghoul knight, but misses!
[Wed Jul 29 01:25:00 2026] A bloodthirsty ghoul hits a dar ghoul knight for 72 points of damage.
[Wed Jul 29 01:25:00 2026] A zol ghoul knight hits YOU for 26 points of damage.
[Wed Jul 29 01:25:00 2026] A bloodthirsty ghoul cleaves a dar ghoul knight for 72 points of damage.
[Wed Jul 29 01:25:00 2026] A bloodthirsty ghoul tries to cleave a dar ghoul knight, but a dar ghoul knight parries!
[Wed Jul 29 01:25:01 2026] --You have looted a Brigandine Tunic from a ghoul sentinel's corpse.--
[Wed Jul 29 01:25:01 2026] Rykkerr slashes a dar ghoul knight for 44 points of damage.
[Wed Jul 29 01:25:01 2026] Rykkerr tries to slash a dar ghoul knight, but misses!
[Wed Jul 29 01:25:01 2026] A dar ghoul knight is burned by Rykkerr's flames for 13 points of non-melee damage.
[Wed Jul 29 01:25:01 2026] A dar ghoul knight cleaves Rykkerr for 51 points of damage.
[Wed Jul 29 01:25:01 2026] Rykkerr begins casting Siphon Life II.
[Wed Jul 29 01:25:01 2026] A dar ghoul knight is burned by a bloodthirsty ghoul's flames for 13 points of non-melee damage.
[Wed Jul 29 01:25:01 2026] A dar ghoul knight cleaves a bloodthirsty ghoul for 16 points of damage.
[Wed Jul 29 01:25:01 2026] A dar ghoul knight is burned by a bloodthirsty ghoul's flames for 13 points of non-melee damage.
[Wed Jul 29 01:25:01 2026] A dar ghoul knight cleaves a bloodthirsty ghoul for 94 points of damage.
[Wed Jul 29 01:25:01 2026] A bloodthirsty ghoul tries to bash a dar ghoul knight, but misses!
[Wed Jul 29 01:25:01 2026] You strike a zol ghoul knight for 27 points of damage.
[Wed Jul 29 01:25:01 2026] A dar ghoul knight tries to hit Rykkerr, but misses!
[Wed Jul 29 01:25:01 2026] A dar ghoul knight is burned by Rykkerr's flames for 13 points of non-melee damage.
[Wed Jul 29 01:25:01 2026] A dar ghoul knight hits Rykkerr for 31 points of damage.
[Wed Jul 29 01:25:01 2026] A dar ghoul knight is burned by a bloodthirsty ghoul's flames for 13 points of non-melee damage.
[Wed Jul 29 01:25:01 2026] A dar ghoul knight hits a bloodthirsty ghoul for 43 points of damage.
[Wed Jul 29 01:25:01 2026] a bloodthirsty ghoul stumbles.
[Wed Jul 29 01:25:01 2026] A dar ghoul knight tries to hit a bloodthirsty ghoul, but misses!
[Wed Jul 29 01:25:02 2026] A zol ghoul knight bashes YOU for 5 points of damage.
[Wed Jul 29 01:25:02 2026] You try to slash a zol ghoul knight, but miss!
[Wed Jul 29 01:25:02 2026] You slash a zol ghoul knight for 21 points of damage.
[Wed Jul 29 01:25:02 2026] A bloodthirsty ghoul tries to slash a dar ghoul knight, but a dar ghoul knight parries!
[Wed Jul 29 01:25:02 2026] A bloodthirsty ghoul hits a dar ghoul knight for 66 points of damage.
[Wed Jul 29 01:25:02 2026] A bloodthirsty ghoul tries to hit a dar ghoul knight, but misses!
[Wed Jul 29 01:25:02 2026] You can't use that command right now...
[Wed Jul 29 01:25:02 2026] A zol ghoul knight hits YOU for 22 points of damage.
[Wed Jul 29 01:25:02 2026] A zol ghoul knight hits YOU for 7 points of damage.
[Wed Jul 29 01:25:02 2026] You begin casting Beguile.
[Wed Jul 29 01:25:02 2026] You can't use that command right now...
[Wed Jul 29 01:25:02 2026] You can't use that command right now...
[Wed Jul 29 01:25:02 2026] Rykkerr hit a dar ghoul knight for 200 points of magic damage by Siphon Life.
[Wed Jul 29 01:25:02 2026] A dar ghoul knight staggers.
[Wed Jul 29 01:25:02 2026] Rykkerr healed himself for 200 hit points by Siphon Life.
[Wed Jul 29 01:25:03 2026] Rykkerr tries to slash a dar ghoul knight, but misses!
[Wed Jul 29 01:25:03 2026] A zol ghoul knight tries to kick YOU, but misses!
[Wed Jul 29 01:25:03 2026] a zol ghoul knight has been charmed.
[Wed Jul 29 01:25:04 2026] A dar ghoul knight tries to hit Rykkerr, but misses!
[Wed Jul 29 01:25:04 2026] A bloodthirsty ghoul tries to slash a dar ghoul knight, but a dar ghoul knight parries!
[Wed Jul 29 01:25:04 2026] A bloodthirsty ghoul slashes a dar ghoul knight for 56 points of damage.
[Wed Jul 29 01:25:04 2026] A bloodthirsty ghoul hits a dar ghoul knight for 72 points of damage.
[Wed Jul 29 01:25:04 2026] A dar ghoul knight is burned by a bloodthirsty ghoul's flames for 13 points of non-melee damage.
[Wed Jul 29 01:25:04 2026] A dar ghoul knight hits a bloodthirsty ghoul for 16 points of damage.
[Wed Jul 29 01:25:04 2026] Rykkerr begins casting Siphon Life II.
[Wed Jul 29 01:25:05 2026] A bloodthirsty ghoul tries to kick a dar ghoul knight, but misses!
[Wed Jul 29 01:25:05 2026] A bloodthirsty ghoul tries to kick a dar ghoul knight, but misses!
[Wed Jul 29 01:25:05 2026] A dar ghoul knight is burned by Rykkerr's flames for 13 points of non-melee damage.
[Wed Jul 29 01:25:05 2026] A dar ghoul knight kicks Rykkerr for 7 points of damage.
[Wed Jul 29 01:25:05 2026] A dar ghoul knight is burned by Rykkerr's flames for 13 points of non-melee damage.
[Wed Jul 29 01:25:05 2026] Rykkerr's Siphon Life spell is interrupted.
[Wed Jul 29 01:25:05 2026] A dar ghoul knight bashes Rykkerr for 6 points of damage.
[Wed Jul 29 01:25:05 2026] A dar ghoul knight is burned by a bloodthirsty ghoul's flames for 13 points of non-melee damage.
[Wed Jul 29 01:25:05 2026] A dar ghoul knight bashes a bloodthirsty ghoul for 12 points of damage.
[Wed Jul 29 01:25:05 2026] A dar ghoul knight tries to bash a bloodthirsty ghoul, but misses!
[Wed Jul 29 01:25:05 2026] A dar ghoul knight is burned by a bloodthirsty ghoul's flames for 13 points of non-melee damage.
[Wed Jul 29 01:25:05 2026] A dar ghoul knight kicks a bloodthirsty ghoul for 25 points of damage.
[Wed Jul 29 01:25:06 2026] Your Beguile spell has worn off of a zol ghoul knight.
[Wed Jul 29 01:25:06 2026] A bloodthirsty ghoul slashes a dar ghoul knight for 46 points of damage.
[Wed Jul 29 01:25:06 2026] A bloodthirsty ghoul slashes a dar ghoul knight for 69 points of damage.
[Wed Jul 29 01:25:06 2026] A bloodthirsty ghoul hits a dar ghoul knight for 11 points of damage.
[Wed Jul 29 01:25:06 2026] a dar ghoul knight stumbles.
[Wed Jul 29 01:25:06 2026] A zol ghoul knight hits YOU for 7 points of damage.
[Wed Jul 29 01:25:06 2026] You try to bash a zol ghoul knight, but miss!
[Wed Jul 29 01:25:06 2026] You try to bash a zol ghoul knight, but miss!
[Wed Jul 29 01:25:06 2026] You strike a zol ghoul knight for 20 points of damage.
[Wed Jul 29 01:25:06 2026] You try to strike a zol ghoul knight, but miss!
[Wed Jul 29 01:25:06 2026] You try to kick a zol ghoul knight, but miss!
[Wed Jul 29 01:25:06 2026] A dar ghoul knight is burned by Rykkerr's flames for 13 points of non-melee damage.
[Wed Jul 29 01:25:06 2026] A dar ghoul knight hits Rykkerr for 33 points of damage.
[Wed Jul 29 01:25:06 2026] A dar ghoul knight is burned by Rykkerr's flames for 13 points of non-melee damage.
[Wed Jul 29 01:25:06 2026] A dar ghoul knight hits Rykkerr for 31 points of damage.
[Wed Jul 29 01:25:06 2026] A dar ghoul knight is burned by a bloodthirsty ghoul's flames for 13 points of non-melee damage.
[Wed Jul 29 01:25:06 2026] A dar ghoul knight hits a bloodthirsty ghoul for 62 points of damage.
[Wed Jul 29 01:25:06 2026] A dar ghoul knight tries to hit a bloodthirsty ghoul, but misses!
[Wed Jul 29 01:25:07 2026] You slash a zol ghoul knight for 2 points of damage.
[Wed Jul 29 01:25:07 2026] You try to slash a zol ghoul knight, but miss!
[Wed Jul 29 01:25:07 2026] Rykkerr tries to slash a dar ghoul knight, but misses!
[Wed Jul 29 01:25:07 2026] Rykkerr slashes a dar ghoul knight for 30 points of damage.
[Wed Jul 29 01:25:07 2026] Rykkerr tries to reave a dar ghoul knight, but misses!
[Wed Jul 29 01:25:07 2026] A bloodthirsty ghoul tries to bash a dar ghoul knight, but a dar ghoul knight parries!
[Wed Jul 29 01:25:07 2026] A bloodthirsty ghoul tries to bash a dar ghoul knight, but misses!
[Wed Jul 29 01:25:07 2026] You can't use that command right now...
[Wed Jul 29 01:25:08 2026] You can't use that command right now...
[Wed Jul 29 01:25:08 2026] You begin casting Chaos Flux.
[Wed Jul 29 01:25:08 2026] You can't use that command right now...
[Wed Jul 29 01:25:08 2026] A zol ghoul knight tries to bash YOU, but misses!
[Wed Jul 29 01:25:08 2026] A bloodthirsty ghoul slashes a dar ghoul knight for 66 points of damage.
[Wed Jul 29 01:25:08 2026] A bloodthirsty ghoul tries to slash a dar ghoul knight, but a dar ghoul knight parries!
[Wed Jul 29 01:25:08 2026] A bloodthirsty ghoul hits a dar ghoul knight for 53 points of damage.
[Wed Jul 29 01:25:08 2026] A dar ghoul knight is burned by a bloodthirsty ghoul's flames for 13 points of non-melee damage.
[Wed Jul 29 01:25:08 2026] A dar ghoul knight hits a bloodthirsty ghoul for 6 points of damage. (Riposte)
[Wed Jul 29 01:25:08 2026] a bloodthirsty ghoul stumbles.
[Wed Jul 29 01:25:08 2026] A zol ghoul knight hits YOU for 43 points of damage.
[Wed Jul 29 01:25:08 2026] A zol ghoul knight hits YOU for 7 points of damage.
[Wed Jul 29 01:25:08 2026] Rykkerr begins casting Bolt of Flame.
[Wed Jul 29 01:25:08 2026] You regain your concentration and continue your casting.
[Wed Jul 29 01:25:08 2026] Your faction standing with Undead Frogloks of Guk has been adjusted by -20.
[Wed Jul 29 01:25:08 2026] Your faction standing with Frogloks of Guk has been adjusted by 5.
[Wed Jul 29 01:25:08 2026] You gain party experience! (2.131%)
[Wed Jul 29 01:25:08 2026] You receive 1 platinum, 2 gold and 6 copper from the corpse.
[Wed Jul 29 01:25:08 2026] You hit a zol ghoul knight for 93 points of magic damage by Chaos Flux.
[Wed Jul 29 01:25:08 2026] A zol ghoul knight is surrounded by fluxing strands of chaos.
[Wed Jul 29 01:25:08 2026] You have slain a zol ghoul knight!
[Wed Jul 29 01:25:09 2026] You looted an Undead Froglok Tongue from a zol ghoul knight's corpse and sold it for 5 silver and 8 copper.
[Wed Jul 29 01:25:09 2026] A dar ghoul knight is burned by Rykkerr's flames for 13 points of non-melee damage.
[Wed Jul 29 01:25:09 2026] A dar ghoul knight hits Rykkerr for 49 points of damage.
[Wed Jul 29 01:25:09 2026] A dar ghoul knight tries to hit Rykkerr, but Rykkerr dodges!
[Wed Jul 29 01:25:09 2026] A bloodthirsty ghoul tries to slash a dar ghoul knight, but a dar ghoul knight parries!
[Wed Jul 29 01:25:10 2026] A bloodthirsty ghoul slashes a dar ghoul knight for 21 points of damage.
[Wed Jul 29 01:25:10 2026] A bloodthirsty ghoul hits a dar ghoul knight for 72 points of damage.
[Wed Jul 29 01:25:10 2026] A bloodthirsty ghoul cleaves a dar ghoul knight for 50 points of damage.
[Wed Jul 29 01:25:10 2026] Rykkerr tries to slash a dar ghoul knight, but misses!
[Wed Jul 29 01:25:10 2026] Rykkerr tries to slash a dar ghoul knight, but misses!
[Wed Jul 29 01:25:10 2026] Rykkerr hit a dar ghoul knight for 350 points of fire damage by Bolt of Flame.
[Wed Jul 29 01:25:10 2026] A dar ghoul knight is bathed in fire.
[Wed Jul 29 01:25:10 2026] Rykkerr is now the leader of your group.
[Wed Jul 29 01:25:10 2026] You have been removed from the group.
[Wed Jul 29 01:25:11 2026] A bloodthirsty ghoul kicks a dar ghoul knight for 40 points of damage.
[Wed Jul 29 01:25:11 2026] A dar ghoul knight is burned by Rykkerr's flames for 13 points of non-melee damage.
[Wed Jul 29 01:25:11 2026] A dar ghoul knight hits Rykkerr for 40 points of damage.
