[Thu Jul 30 16:10:10 2026] Guard Effel tries to cleave YOU, but misses!
[Thu Jul 30 16:10:10 2026] Guard Effel is burned by YOUR flames for 11 points of non-melee damage.
[Thu Jul 30 16:10:10 2026] Guard Effel cleaves YOU for 39 points of damage.
[Thu Jul 30 16:10:10 2026] Guard Effel tries to kick YOU, but misses!
[Thu Jul 30 16:10:10 2026] Guard Effel tries to kick YOU, but misses!
[Thu Jul 30 16:10:10 2026] Guard Effel tries to bash YOU, but misses!
[Thu Jul 30 16:10:10 2026] Guard Effel is burned by YOUR flames for 11 points of non-melee damage.
[Thu Jul 30 16:10:10 2026] Guard Effel bashes YOU for 9 points of damage.
[Thu Jul 30 16:10:12 2026] You can not use this skill while on a mount.
[Thu Jul 30 16:10:13 2026] Guard Effel is burned by YOUR flames for 11 points of non-melee damage.
[Thu Jul 30 16:10:13 2026] Guard Effel slashes YOU for 77 points of damage.
[Thu Jul 30 16:10:14 2026] You can not use this skill while on a mount.
[Thu Jul 30 16:10:15 2026] Kober slashes Guard Effel for 36 points of damage.
[Thu Jul 30 16:10:15 2026] Kober cleaves Guard Effel for 27 points of damage.
[Thu Jul 30 16:10:15 2026] Kober tries to bash Guard Effel, but misses!
[Thu Jul 30 16:10:15 2026] Kober tries to kick Guard Effel, but misses!
[Thu Jul 30 16:10:15 2026] Guard Effel tries to slash YOU, but misses!
[Thu Jul 30 16:10:17 2026] Kober tries to slash Guard Effel, but Guard Effel dodges!
[Thu Jul 30 16:10:17 2026] Kober tries to slash Guard Effel, but misses!
[Thu Jul 30 16:10:17 2026] Kober crushes Guard Effel for 36 points of damage.
[Thu Jul 30 16:10:17 2026] Kober tries to crush Guard Effel, but misses!
[Thu Jul 30 16:10:18 2026] Guard Effel tries to slash Kober, but misses!
[Thu Jul 30 16:10:18 2026] Kober says, 'Sorry, Master... calming down.'
[Thu Jul 30 16:10:18 2026] Guard Effel tries to kick Kober, but Kober blocks!
[Thu Jul 30 16:10:18 2026] Guard Effel kicks Kober for 26 points of damage.
[Thu Jul 30 16:10:18 2026] Guard Effel tries to bash Kober, but misses!
[Thu Jul 30 16:10:19 2026] Kober tries to slash Guard Effel, but misses!
[Thu Jul 30 16:10:20 2026] Kober begins casting Stun.
[Thu Jul 30 16:10:20 2026] Guard Effel tries to slash Kober, but misses!
[Thu Jul 30 16:10:21 2026] Kober slashes Guard Effel for 31 points of damage.
[Thu Jul 30 16:10:23 2026] Kober says, 'Sorry, Master... calming down.'
[Thu Jul 30 16:10:23 2026] Guard Jacsen punches an orc centurion for 52 points of damage.
[Thu Jul 30 16:10:23 2026] An orc centurion has been slain by Guard Jacsen!
[Thu Jul 30 16:10:24 2026] Kober says, 'Now regrouping, master.'
[Thu Jul 30 16:10:32 2026] LOADING, PLEASE WAIT...
[Thu Jul 30 16:10:39 2026] You have entered East Commonlands.
[Thu Jul 30 16:10:53 2026] You can not use this skill while on a mount.
[Thu Jul 30 16:10:54 2026] You can not use this skill while on a mount.
[Thu Jul 30 16:10:54 2026] You can not use this skill while on a mount.
[Thu Jul 30 16:11:02 2026] You have become better at Feign Death! (34)
[Thu Jul 30 16:11:11 2026] Primitive has fallen to the ground.
[Thu Jul 30 16:11:24 2026] You have become better at Feign Death! (35)
[Thu Jul 30 16:11:33 2026] You have become better at Feign Death! (36)
[Thu Jul 30 16:11:50 2026] You have become better at Feign Death! (37)
[Thu Jul 30 16:11:50 2026] Primitive has fallen to the ground.
[Thu Jul 30 16:11:58 2026] You feel a traveling spirit enter you.
[Thu Jul 30 16:11:59 2026] Primitive has fallen to the ground.
[Thu Jul 30 16:12:08 2026] You have become better at Feign Death! (38)
[Thu Jul 30 16:12:08 2026] Primitive has fallen to the ground.
[Thu Jul 30 16:12:10 2026] LOADING, PLEASE WAIT...
[Thu Jul 30 16:12:16 2026] You have entered Nektulos Forest.
[Thu Jul 30 16:12:21 2026] Spell set buff saved.
[Thu Jul 30 16:12:24 2026] You have become better at Feign Death! (39)
[Thu Jul 30 16:12:24 2026] Primitive has fallen to the ground.
[Thu Jul 30 16:12:28 2026] Spell set primary loaded.
[Thu Jul 30 16:12:28 2026] You forget Daring.
[Thu Jul 30 16:12:28 2026] You forget Boon of the Clear Mind.
[Thu Jul 30 16:12:28 2026] You forget Yaulp II.
[Thu Jul 30 16:12:28 2026] You forget Bounce.
[Thu Jul 30 16:12:28 2026] You forget Brilliance.
[Thu Jul 30 16:12:28 2026] You forget Divine Purpose.
[Thu Jul 30 16:12:28 2026] Beginning to memorize Center...
[Thu Jul 30 16:12:29 2026] You have finished memorizing Center.
[Thu Jul 30 16:12:29 2026] Beginning to memorize Clarity...
[Thu Jul 30 16:12:30 2026] You have finished memorizing Clarity.
[Thu Jul 30 16:12:30 2026] Beginning to memorize Yaulp...
[Thu Jul 30 16:12:31 2026] You have finished memorizing Yaulp.
[Thu Jul 30 16:12:31 2026] Beginning to memorize Reckless Strength...
[Thu Jul 30 16:12:32 2026] You have finished memorizing Reckless Strength.
[Thu Jul 30 16:12:32 2026] Beginning to memorize Gift of Magic...
[Thu Jul 30 16:12:33 2026] You have finished memorizing Gift of Magic.
[Thu Jul 30 16:12:33 2026] Beginning to memorize Aanya's Animation...
[Thu Jul 30 16:12:34 2026] You have finished memorizing Aanya's Animation.
[Thu Jul 30 16:12:36 2026] Spell set primary loaded.
[Thu Jul 30 16:12:40 2026] You forget Center.
[Thu Jul 30 16:12:41 2026] You forget Divine Vigor.
[Thu Jul 30 16:12:42 2026] You forget Arch Shielding.
[Thu Jul 30 16:12:43 2026] You forget Symbol of Ryltan.
[Thu Jul 30 16:12:45 2026] You forget Clarity.
[Thu Jul 30 16:12:47 2026] You forget Yaulp.
[Thu Jul 30 16:12:51 2026] You forget Reckless Strength.
[Thu Jul 30 16:12:52 2026] You forget Instrument of Nife.
[Thu Jul 30 16:12:54 2026] You forget Gift of Magic.
[Thu Jul 30 16:12:59 2026] Beginning to memorize Discordant Mind...
[Thu Jul 30 16:13:01 2026] You have finished memorizing Discordant Mind.
[Thu Jul 30 16:13:13 2026] Beginning to memorize Greater Healing...
[Thu Jul 30 16:13:13 2026] You have finished memorizing Greater Healing.
[Thu Jul 30 16:13:23 2026] Beginning to memorize Mesmerization...
[Thu Jul 30 16:13:24 2026] You have finished memorizing Mesmerization.
[Thu Jul 30 16:13:51 2026] Beginning to memorize Tashani...
[Thu Jul 30 16:13:52 2026] Lyrana begins casting Spirit of Wolf.
[Thu Jul 30 16:13:52 2026] You have finished memorizing Tashani.
[Thu Jul 30 16:13:59 2026] Lyrana begins casting Spirit of Wolf.
[Thu Jul 30 16:14:00 2026] Beginning to memorize Cajoling Whispers...
[Thu Jul 30 16:14:01 2026] You have finished memorizing Cajoling Whispers.
[Thu Jul 30 16:14:14 2026] Beginning to memorize Cure Disease...
[Thu Jul 30 16:14:15 2026] You have finished memorizing Cure Disease.
[Thu Jul 30 16:14:22 2026] Beginning to memorize Cure Poison...
[Thu Jul 30 16:14:23 2026] You have finished memorizing Cure Poison.
[Thu Jul 30 16:14:34 2026] Beginning to memorize Suffocate...
[Thu Jul 30 16:14:35 2026] You have finished memorizing Suffocate.
[Thu Jul 30 16:14:44 2026] Beginning to memorize Pacify...
[Thu Jul 30 16:14:45 2026] You have finished memorizing Pacify.
[Thu Jul 30 16:14:47 2026] Kerak has fallen to the ground.
[Thu Jul 30 16:14:56 2026] Kerak has fallen to the ground.
[Thu Jul 30 16:15:34 2026] Heiruge begins casting Vampiric Embrace II.
[Thu Jul 30 16:15:37 2026] Heiruge's hands begin to glow.
[Thu Jul 30 16:15:47 2026] You forget Cure Poison.
[Thu Jul 30 16:15:52 2026] Beginning to memorize Color Skew...
[Thu Jul 30 16:15:54 2026] You have finished memorizing Color Skew.
[Thu Jul 30 16:16:03 2026] You forget Cure Disease.
[Thu Jul 30 16:16:06 2026] Beginning to memorize Color Shift...
[Thu Jul 30 16:16:07 2026] You have finished memorizing Color Shift.
[Thu Jul 30 16:16:08 2026] Heiruge begins casting Convoke Shadow.
[Thu Jul 30 16:16:16 2026] Heiruge animates an undead servant.
[Thu Jul 30 16:16:18 2026] Heiruge begins casting Focus Death.
[Thu Jul 30 16:16:22 2026] The spirit of travel leaves you.
[Thu Jul 30 16:16:22 2026] Your Color Skew spell fizzles!
[Thu Jul 30 16:16:23 2026] Your Djarn's Amethyst Ring (Exaltation) shimmers briefly.
[Thu Jul 30 16:16:23 2026] You begin casting Color Skew.
[Thu Jul 30 16:16:23 2026] You have become better at Specialize Divination! (81)
[Thu Jul 30 16:16:24 2026] Gtik's eyes gleam with madness.
[Thu Jul 30 16:16:30 2026] You forget Color Skew.
[Thu Jul 30 16:16:41 2026] Neeglemurp has completed achievement: The Nektulos Forest Traveler
[Thu Jul 30 16:16:44 2026] Beginning to memorize Stun...
[Thu Jul 30 16:16:45 2026] You have finished memorizing Stun.
[Thu Jul 30 16:17:02 2026] You begin casting Holy Steed.
[Thu Jul 30 16:17:26 2026] Spell set primary saved.
[Thu Jul 30 16:17:30 2026] Spell set buff loaded.
[Thu Jul 30 16:17:30 2026] You forget Discordant Mind.
[Thu Jul 30 16:17:30 2026] You forget Greater Healing.
[Thu Jul 30 16:17:30 2026] You forget Mesmerization.
[Thu Jul 30 16:17:30 2026] You forget Tashani.
[Thu Jul 30 16:17:30 2026] You forget Cajoling Whispers.
[Thu Jul 30 16:17:30 2026] You forget Color Shift.
[Thu Jul 30 16:17:30 2026] You forget Stun.
[Thu Jul 30 16:17:30 2026] You forget Suffocate.
[Thu Jul 30 16:17:30 2026] You forget Pacify.
[Thu Jul 30 16:17:30 2026] You forget Aanya's Animation.
[Thu Jul 30 16:17:30 2026] Beginning to memorize Daring...
[Thu Jul 30 16:17:31 2026] You have finished memorizing Daring.
[Thu Jul 30 16:17:31 2026] Beginning to memorize Divine Vigor...
[Thu Jul 30 16:17:32 2026] You have finished memorizing Divine Vigor.
[Thu Jul 30 16:17:32 2026] Beginning to memorize Arch Shielding...
[Thu Jul 30 16:17:34 2026] You have finished memorizing Arch Shielding.
[Thu Jul 30 16:17:34 2026] Beginning to memorize Symbol of Ryltan...
[Thu Jul 30 16:17:34 2026] You have finished memorizing Symbol of Ryltan.
[Thu Jul 30 16:17:35 2026] Beginning to memorize Boon of the Clear Mind...
[Thu Jul 30 16:17:37 2026] You have finished memorizing Boon of the Clear Mind.
[Thu Jul 30 16:17:37 2026] Beginning to memorize Yaulp II...
[Thu Jul 30 16:17:37 2026] You have finished memorizing Yaulp II.
[Thu Jul 30 16:17:37 2026] Beginning to memorize Bounce...
[Thu Jul 30 16:17:40 2026] You have finished memorizing Bounce.
[Thu Jul 30 16:17:40 2026] Beginning to memorize Instrument of Nife...
[Thu Jul 30 16:17:41 2026] You have finished memorizing Instrument of Nife.
[Thu Jul 30 16:17:41 2026] Beginning to memorize Brilliance...
[Thu Jul 30 16:17:42 2026] You have finished memorizing Brilliance.
[Thu Jul 30 16:17:42 2026] Beginning to memorize Divine Purpose...
[Thu Jul 30 16:17:43 2026] You have finished memorizing Divine Purpose.
[Thu Jul 30 16:17:53 2026] You forget Feedback.
[Thu Jul 30 16:18:02 2026] Beginning to memorize Illusion: Air Elemental...
[Thu Jul 30 16:18:03 2026] You have finished memorizing Illusion: Air Elemental.
[Thu Jul 30 16:18:11 2026] Spell set buff saved.
[Thu Jul 30 16:18:14 2026] Spell set primary loaded.
[Thu Jul 30 16:18:14 2026] You forget Daring.
[Thu Jul 30 16:18:14 2026] You forget Divine Vigor.
[Thu Jul 30 16:18:14 2026] You forget Illusion: Air Elemental.
[Thu Jul 30 16:18:14 2026] You forget Arch Shielding.
[Thu Jul 30 16:18:14 2026] You forget Symbol of Ryltan.
[Thu Jul 30 16:18:14 2026] You forget Boon of the Clear Mind.
[Thu Jul 30 16:18:14 2026] You forget Yaulp II.
[Thu Jul 30 16:18:14 2026] You forget Bounce.
[Thu Jul 30 16:18:14 2026] You forget Instrument of Nife.
[Thu Jul 30 16:18:14 2026] You forget Brilliance.
[Thu Jul 30 16:18:14 2026] You forget Divine Purpose.
[Thu Jul 30 16:18:14 2026] Beginning to memorize Discordant Mind...
[Thu Jul 30 16:18:16 2026] You have finished memorizing Discordant Mind.
[Thu Jul 30 16:18:16 2026] Beginning to memorize Greater Healing...
[Thu Jul 30 16:18:17 2026] You have finished memorizing Greater Healing.
[Thu Jul 30 16:18:17 2026] Beginning to memorize Feedback...
[Thu Jul 30 16:18:17 2026] You have finished memorizing Feedback.
[Thu Jul 30 16:18:18 2026] Beginning to memorize Mesmerization...
[Thu Jul 30 16:18:18 2026] You have finished memorizing Mesmerization.
[Thu Jul 30 16:18:19 2026] Beginning to memorize Tashani...
[Thu Jul 30 16:18:19 2026] You have finished memorizing Tashani.
[Thu Jul 30 16:18:20 2026] Beginning to memorize Cajoling Whispers...
[Thu Jul 30 16:18:20 2026] You have finished memorizing Cajoling Whispers.
[Thu Jul 30 16:18:21 2026] Beginning to memorize Color Shift...
[Thu Jul 30 16:18:21 2026] You have finished memorizing Color Shift.
[Thu Jul 30 16:18:21 2026] Beginning to memorize Stun...
[Thu Jul 30 16:18:22 2026] You have finished memorizing Stun.
[Thu Jul 30 16:18:22 2026] Beginning to memorize Suffocate...
[Thu Jul 30 16:18:23 2026] You have finished memorizing Suffocate.
[Thu Jul 30 16:18:23 2026] Beginning to memorize Pacify...
[Thu Jul 30 16:18:24 2026] You have finished memorizing Pacify.
[Thu Jul 30 16:18:24 2026] Beginning to memorize Aanya's Animation...
[Thu Jul 30 16:18:25 2026] You have finished memorizing Aanya's Animation.
[Thu Jul 30 16:18:27 2026] You begin casting Holy Steed.
[Thu Jul 30 16:18:44 2026] You have become better at Safe Fall! (16)
[Thu Jul 30 16:18:45 2026] You have become better at Safe Fall! (17)
[Thu Jul 30 16:18:47 2026] You can not use this skill while on a mount.
[Thu Jul 30 16:18:47 2026] You can not use this skill while on a mount.
[Thu Jul 30 16:18:47 2026] You can not use this skill while on a mount.
[Thu Jul 30 16:18:47 2026] You can not use this skill while on a mount.
[Thu Jul 30 16:18:51 2026] You have become better at Feign Death! (40)
[Thu Jul 30 16:18:51 2026] Primitive has fallen to the ground.
[Thu Jul 30 16:19:00 2026] You have become better at Feign Death! (41)
[Thu Jul 30 16:19:00 2026] Primitive has fallen to the ground.
[Thu Jul 30 16:19:11 2026] You have become better at Feign Death! (42)
[Thu Jul 30 16:19:21 2026] You have become better at Feign Death! (43)
[Thu Jul 30 16:19:30 2026] You have become better at Feign Death! (44)
[Thu Jul 30 16:19:30 2026] Primitive has fallen to the ground.
[Thu Jul 30 16:19:40 2026] You have become better at Feign Death! (45)
[Thu Jul 30 16:19:40 2026] Primitive has fallen to the ground.
[Thu Jul 30 16:19:49 2026] You have become better at Feign Death! (46)
[Thu Jul 30 16:20:02 2026] Primitive has fallen to the ground.
[Thu Jul 30 16:20:08 2026] Your Djarn's Amethyst Ring (Exaltation) shimmers briefly.
[Thu Jul 30 16:20:08 2026] You begin casting Greater Healing.
[Thu Jul 30 16:20:08 2026] You can't use that command right now...
[Thu Jul 30 16:20:08 2026] You can't use that command right now...
[Thu Jul 30 16:20:09 2026] Your Greater Healing spell is interrupted.
[Thu Jul 30 16:20:12 2026] You have become better at Feign Death! (47)
[Thu Jul 30 16:20:16 2026] LOADING, PLEASE WAIT...
[Thu Jul 30 16:20:23 2026] You have entered The Lavastorm Mountains.
[Thu Jul 30 16:20:26 2026] You have become better at Feign Death! (48)
[Thu Jul 30 16:20:26 2026] Primitive has fallen to the ground.
[Thu Jul 30 16:20:30 2026] You feel a traveling spirit enter you.
[Thu Jul 30 16:20:35 2026] Primitive has fallen to the ground.
[Thu Jul 30 16:20:53 2026] You have become better at Feign Death! (49)
[Thu Jul 30 16:21:02 2026] Primitive has fallen to the ground.
[Thu Jul 30 16:21:11 2026] You have become better at Feign Death! (50)
[Thu Jul 30 16:21:11 2026] Primitive has fallen to the ground.
[Thu Jul 30 16:21:24 2026] Spell set buff loaded.
[Thu Jul 30 16:21:24 2026] You forget Discordant Mind.
[Thu Jul 30 16:21:24 2026] You forget Greater Healing.
[Thu Jul 30 16:21:24 2026] You forget Feedback.
[Thu Jul 30 16:21:24 2026] You forget Mesmerization.
[Thu Jul 30 16:21:24 2026] You forget Tashani.
[Thu Jul 30 16:21:24 2026] You forget Cajoling Whispers.
[Thu Jul 30 16:21:24 2026] You forget Color Shift.
[Thu Jul 30 16:21:24 2026] You forget Stun.
[Thu Jul 30 16:21:24 2026] You forget Suffocate.
[Thu Jul 30 16:21:24 2026] You forget Pacify.
[Thu Jul 30 16:21:24 2026] You forget Aanya's Animation.
[Thu Jul 30 16:21:24 2026] Beginning to memorize Daring...
[Thu Jul 30 16:21:25 2026] You have finished memorizing Daring.
[Thu Jul 30 16:21:25 2026] Beginning to memorize Divine Vigor...
[Thu Jul 30 16:21:26 2026] You have finished memorizing Divine Vigor.
[Thu Jul 30 16:21:26 2026] Beginning to memorize Illusion: Air Elemental...
[Thu Jul 30 16:21:27 2026] You have finished memorizing Illusion: Air Elemental.
[Thu Jul 30 16:21:27 2026] Beginning to memorize Arch Shielding...
[Thu Jul 30 16:21:28 2026] You have finished memorizing Arch Shielding.
[Thu Jul 30 16:21:28 2026] Beginning to memorize Symbol of Ryltan...
[Thu Jul 30 16:21:29 2026] You have finished memorizing Symbol of Ryltan.
[Thu Jul 30 16:21:29 2026] Beginning to memorize Boon of the Clear Mind...
[Thu Jul 30 16:21:31 2026] You have finished memorizing Boon of the Clear Mind.
[Thu Jul 30 16:21:31 2026] Beginning to memorize Yaulp II...
[Thu Jul 30 16:21:32 2026] You have finished memorizing Yaulp II.
[Thu Jul 30 16:21:32 2026] Beginning to memorize Bounce...
[Thu Jul 30 16:21:34 2026] You have finished memorizing Bounce.
[Thu Jul 30 16:21:34 2026] Beginning to memorize Instrument of Nife...
[Thu Jul 30 16:21:35 2026] You have finished memorizing Instrument of Nife.
[Thu Jul 30 16:21:35 2026] Beginning to memorize Brilliance...
[Thu Jul 30 16:21:37 2026] You have finished memorizing Brilliance.
[Thu Jul 30 16:21:37 2026] Beginning to memorize Divine Purpose...
[Thu Jul 30 16:21:38 2026] You have finished memorizing Divine Purpose.
[Thu Jul 30 16:21:39 2026] The spirit of travel leaves you.
[Thu Jul 30 16:21:39 2026] You activate Quick Buff.
[Thu Jul 30 16:21:42 2026] You begin to radiate with divine favor.
[Thu Jul 30 16:21:42 2026] Kober begins to radiate with divine favor.
[Thu Jul 30 16:21:42 2026] You feel different.
[Thu Jul 30 16:21:42 2026] You have become better at Specialize Divination! (82)
[Thu Jul 30 16:21:42 2026] You feel armored.
[Thu Jul 30 16:21:42 2026] You feel your body pulse with energy.
[Thu Jul 30 16:21:42 2026] Kober's body pulses with energy.
[Thu Jul 30 16:21:42 2026] Your Boon of the Clear Mind spell did not take hold. (Blocked by Clarity.)
[Thu Jul 30 16:21:42 2026] You feel a surge of strength as you let forth a mighty yaulp.
[Thu Jul 30 16:21:42 2026] A brilliant blue aura surrounds your weapon.
[Thu Jul 30 16:21:42 2026] Your mind clears.
[Thu Jul 30 16:21:42 2026] Kober gains a flash of insight.
[Thu Jul 30 16:21:42 2026] Your Boon of the Garou spell did not take hold. (Blocked by Illusion: Air Elemental.)
[Thu Jul 30 16:21:42 2026] A flame of divine purpose compels you.
[Thu Jul 30 16:21:52 2026] Your illusion fades.
[Thu Jul 30 16:21:56 2026] Spell set primary loaded.
[Thu Jul 30 16:21:56 2026] You forget Daring.
[Thu Jul 30 16:21:56 2026] You forget Divine Vigor.
[Thu Jul 30 16:21:56 2026] You forget Illusion: Air Elemental.
[Thu Jul 30 16:21:56 2026] You forget Arch Shielding.
[Thu Jul 30 16:21:56 2026] You forget Symbol of Ryltan.
[Thu Jul 30 16:21:56 2026] You forget Boon of the Clear Mind.
[Thu Jul 30 16:21:56 2026] You forget Yaulp II.
[Thu Jul 30 16:21:56 2026] You forget Bounce.
[Thu Jul 30 16:21:56 2026] You forget Instrument of Nife.
[Thu Jul 30 16:21:56 2026] You forget Brilliance.
[Thu Jul 30 16:21:56 2026] You forget Divine Purpose.
[Thu Jul 30 16:21:56 2026] Beginning to memorize Discordant Mind...
[Thu Jul 30 16:21:58 2026] You have finished memorizing Discordant Mind.
[Thu Jul 30 16:21:58 2026] Beginning to memorize Greater Healing...
[Thu Jul 30 16:21:59 2026] You have finished memorizing Greater Healing.
[Thu Jul 30 16:21:59 2026] Beginning to memorize Feedback...
[Thu Jul 30 16:22:00 2026] You have finished memorizing Feedback.
[Thu Jul 30 16:22:00 2026] Beginning to memorize Mesmerization...
[Thu Jul 30 16:22:01 2026] You have finished memorizing Mesmerization.
[Thu Jul 30 16:22:01 2026] Beginning to memorize Tashani...
[Thu Jul 30 16:22:02 2026] You have finished memorizing Tashani.
[Thu Jul 30 16:22:02 2026] Beginning to memorize Cajoling Whispers...
[Thu Jul 30 16:22:03 2026] You have finished memorizing Cajoling Whispers.
[Thu Jul 30 16:22:03 2026] Beginning to memorize Color Shift...
[Thu Jul 30 16:22:04 2026] You have finished memorizing Color Shift.
[Thu Jul 30 16:22:04 2026] Beginning to memorize Stun...
[Thu Jul 30 16:22:05 2026] You have finished memorizing Stun.
[Thu Jul 30 16:22:05 2026] Beginning to memorize Suffocate...
[Thu Jul 30 16:22:06 2026] You have finished memorizing Suffocate.
[Thu Jul 30 16:22:06 2026] Beginning to memorize Pacify...
[Thu Jul 30 16:22:07 2026] You have finished memorizing Pacify.
[Thu Jul 30 16:22:07 2026] Beginning to memorize Aanya's Animation...
[Thu Jul 30 16:22:08 2026] You have finished memorizing Aanya's Animation.
[Thu Jul 30 16:22:11 2026] You begin casting Holy Steed.
[Thu Jul 30 16:22:56 2026] LOADING, PLEASE WAIT...
[Thu Jul 30 16:23:01 2026] You have entered Nagafen's Lair.
[Thu Jul 30 16:23:03 2026] A greater kobold is pierced by Madroc's thorns for 3 points of non-melee damage.
[Thu Jul 30 16:23:03 2026] A greater kobold hits Madroc for 67 points of damage.
[Thu Jul 30 16:23:03 2026] A greater kobold tries to hit Madroc, but misses!
[Thu Jul 30 16:23:04 2026] A greater kobold is pierced by Madroc's thorns for 3 points of non-melee damage.
[Thu Jul 30 16:23:04 2026] A greater kobold kicks Madroc for 20 points of damage.
[Thu Jul 30 16:23:04 2026] You forget Pacify.
[Thu Jul 30 16:23:04 2026] a greater kobold is bound by strands of solid music.
[Thu Jul 30 16:23:04 2026] a greater kobold is bound by strands of solid music.
[Thu Jul 30 16:23:04 2026] a greater kobold winces.
[Thu Jul 30 16:23:04 2026] a greater kobold winces.
[Thu Jul 30 16:23:04 2026] A greater kobold tries to bash Madroc, but misses!
[Thu Jul 30 16:23:04 2026] Madroc kicks a greater kobold for 80 points of damage.
[Thu Jul 30 16:23:04 2026] Madroc kicks a greater kobold for 80 points of damage.
[Thu Jul 30 16:23:04 2026] Madroc tries to kick a greater kobold, but misses!
[Thu Jul 30 16:23:05 2026] A greater kobold is pierced by Madroc's thorns for 3 points of non-melee damage.
[Thu Jul 30 16:23:05 2026] A greater kobold bashes Madroc for 7 points of damage.
[Thu Jul 30 16:23:05 2026] A greater kobold tries to bash Madroc, but misses!
[Thu Jul 30 16:23:05 2026] A greater kobold has taken 32 damage from Denon's Disruptive Discord II by Madroc.
[Thu Jul 30 16:23:05 2026] A greater kobold tries to kick Madroc, but misses!
[Thu Jul 30 16:23:06 2026] A greater kobold has taken 32 damage from Denon's Disruptive Discord II by Madroc.
[Thu Jul 30 16:23:06 2026] A greater kobold is pierced by Madroc's thorns for 3 points of non-melee damage.
[Thu Jul 30 16:23:06 2026] A greater kobold hits Madroc for 55 points of damage.
[Thu Jul 30 16:23:06 2026] A greater kobold tries to hit Madroc, but Madroc dodges!
[Thu Jul 30 16:23:07 2026] Madroc tries to slash a greater kobold, but misses!
[Thu Jul 30 16:23:07 2026] Madroc tries to frenzy on a greater kobold, but misses!
[Thu Jul 30 16:23:07 2026] Madroc frenzies on a greater kobold for 186 points of damage.
[Thu Jul 30 16:23:07 2026] Madroc frenzies on a greater kobold for 123 points of damage.
[Thu Jul 30 16:23:07 2026] Madroc tries to strike a greater kobold, but misses!
[Thu Jul 30 16:23:07 2026] Madroc strikes a greater kobold for 140 points of damage.
[Thu Jul 30 16:23:08 2026] Beginning to memorize Invisibility...
[Thu Jul 30 16:23:08 2026] You have finished memorizing Invisibility.
[Thu Jul 30 16:23:09 2026] Madroc tries to slash a greater kobold, but misses!
[Thu Jul 30 16:23:09 2026] Madroc slashes a greater kobold for 58 points of damage.
[Thu Jul 30 16:23:09 2026] A greater kobold is pierced by Madroc's thorns for 3 points of non-melee damage.
[Thu Jul 30 16:23:09 2026] A greater kobold hits Madroc for 10 points of damage.
[Thu Jul 30 16:23:09 2026] A greater kobold tries to hit Madroc, but Madroc blocks!
[Thu Jul 30 16:23:10 2026] a greater kobold is bound by strands of solid music.
[Thu Jul 30 16:23:10 2026] a greater kobold is bound by strands of solid music.
[Thu Jul 30 16:23:10 2026] a greater kobold winces.
[Thu Jul 30 16:23:10 2026] a greater kobold winces.
[Thu Jul 30 16:23:11 2026] Madroc kicks a greater kobold for 70 points of damage.
[Thu Jul 30 16:23:11 2026] Madroc tries to kick a greater kobold, but misses!
[Thu Jul 30 16:23:11 2026] A greater kobold has taken 32 damage from Denon's Disruptive Discord II by Madroc.
[Thu Jul 30 16:23:12 2026] A greater kobold has taken 32 damage from Denon's Disruptive Discord II by Madroc.
[Thu Jul 30 16:23:12 2026] Madroc strikes a greater kobold for 150 points of damage.
[Thu Jul 30 16:23:12 2026] Madroc tries to strike a greater kobold, but a greater kobold dodges!
[Thu Jul 30 16:23:12 2026] Madroc tries to slash a greater kobold, but misses!
[Thu Jul 30 16:23:12 2026] A greater kobold is pierced by Madroc's thorns for 3 points of non-melee damage.
[Thu Jul 30 16:23:12 2026] A greater kobold hits Madroc for 21 points of damage.
[Thu Jul 30 16:23:12 2026] A greater kobold tries to hit Madroc, but misses!
[Thu Jul 30 16:23:12 2026] A greater kobold is pierced by Madroc's thorns for 3 points of non-melee damage.
[Thu Jul 30 16:23:12 2026] A greater kobold hits Madroc for 74 points of damage.
[Thu Jul 30 16:23:14 2026] A greater kobold is pierced by Madroc's thorns for 3 points of non-melee damage.
[Thu Jul 30 16:23:14 2026] A greater kobold bashes Madroc for 7 points of damage.
[Thu Jul 30 16:23:14 2026] A greater kobold tries to kick Madroc, but misses!
[Thu Jul 30 16:23:14 2026] Your Golden Efreeti Boots (Exaltation) shimmers briefly.
[Thu Jul 30 16:23:14 2026] You begin casting Invisibility.
[Thu Jul 30 16:23:15 2026] A greater kobold tries to bash Madroc, but misses!
[Thu Jul 30 16:23:15 2026] A greater kobold is pierced by Madroc's thorns for 3 points of non-melee damage.
[Thu Jul 30 16:23:15 2026] A greater kobold cleaves Madroc for 20 points of damage.
[Thu Jul 30 16:23:15 2026] A greater kobold tries to kick Madroc, but misses!
[Thu Jul 30 16:23:15 2026] You vanish.
[Thu Jul 30 16:23:15 2026] A greater kobold tries to cleave Madroc, but misses!
[Thu Jul 30 16:23:15 2026] A greater kobold tries to cleave Madroc, but misses!
[Thu Jul 30 16:23:15 2026] A greater kobold is pierced by Madroc's thorns for 3 points of non-melee damage.
[Thu Jul 30 16:23:15 2026] A greater kobold hits Madroc for 82 points of damage.
[Thu Jul 30 16:23:16 2026] A greater kobold tries to hit Madroc, but Madroc dodges!
[Thu Jul 30 16:23:16 2026] Madroc tries to slash a greater kobold, but misses!
[Thu Jul 30 16:23:16 2026] a greater kobold is bound by strands of solid music.
[Thu Jul 30 16:23:16 2026] a greater kobold is bound by strands of solid music.
[Thu Jul 30 16:23:16 2026] a greater kobold winces.
[Thu Jul 30 16:23:16 2026] a greater kobold winces.
[Thu Jul 30 16:23:16 2026] Madroc strikes a greater kobold for 45 points of damage.
[Thu Jul 30 16:23:16 2026] Madroc strikes a greater kobold for 155 points of damage.
[Thu Jul 30 16:23:16 2026] Madroc tries to strike a greater kobold, but misses!
[Thu Jul 30 16:23:17 2026] A greater kobold has taken 32 damage from Denon's Disruptive Discord II by Madroc.
[Thu Jul 30 16:23:17 2026] Madroc tries to kick a greater kobold, but misses!
[Thu Jul 30 16:23:17 2026] Madroc tries to kick a greater kobold, but misses!
[Thu Jul 30 16:23:17 2026] Madroc tries to kick a greater kobold, but misses!
[Thu Jul 30 16:23:18 2026] A greater kobold has taken 32 damage from Denon's Disruptive Discord II by Madroc.
[Thu Jul 30 16:23:18 2026] Madroc tries to frenzy on a greater kobold, but misses!
[Thu Jul 30 16:23:18 2026] Madroc frenzies on a greater kobold for 141 points of damage.
[Thu Jul 30 16:23:18 2026] Madroc tries to frenzy on a greater kobold, but misses!
[Thu Jul 30 16:23:19 2026] A greater kobold tries to hit Madroc, but Madroc dodges!
[Thu Jul 30 16:23:19 2026] A greater kobold is pierced by Madroc's thorns for 3 points of non-melee damage.
[Thu Jul 30 16:23:19 2026] A greater kobold hits Madroc for 29 points of damage.
[Thu Jul 30 16:23:19 2026] A greater kobold tries to hit Madroc, but misses!
[Thu Jul 30 16:23:19 2026] The energy flames die down.
[Thu Jul 30 16:23:19 2026] Madroc tries to slash a greater kobold, but misses!
[Thu Jul 30 16:23:19 2026] Madroc slashes a greater kobold for 76 points of damage.
[Thu Jul 30 16:23:21 2026] Madroc tries to strike a greater kobold, but a greater kobold dodges!
[Thu Jul 30 16:23:21 2026] Madroc tries to strike a greater kobold, but misses!
[Thu Jul 30 16:23:21 2026] Madroc strikes a greater kobold for 70 points of damage.
[Thu Jul 30 16:23:22 2026] A greater kobold is pierced by Madroc's thorns for 3 points of non-melee damage.
[Thu Jul 30 16:23:22 2026] A greater kobold hits Madroc for 10 points of damage.
[Thu Jul 30 16:23:22 2026] A greater kobold tries to hit Madroc, but misses!
[Thu Jul 30 16:23:22 2026] A greater kobold tries to hit Madroc, but misses!
[Thu Jul 30 16:23:22 2026] a greater kobold is bound by strands of solid music.
[Thu Jul 30 16:23:22 2026] a greater kobold is bound by strands of solid music.
[Thu Jul 30 16:23:22 2026] a greater kobold winces.
[Thu Jul 30 16:23:22 2026] a greater kobold winces.
[Thu Jul 30 16:23:23 2026] A greater kobold has taken 32 damage from Denon's Disruptive Discord II by Madroc.
[Thu Jul 30 16:23:23 2026] Madroc tries to slash a greater kobold, but a greater kobold parries!
[Thu Jul 30 16:23:23 2026] Madroc tries to slash a greater kobold, but misses!
[Thu Jul 30 16:23:24 2026] Madroc kicks a greater kobold for 45 points of damage.
[Thu Jul 30 16:23:24 2026] Madroc kicks a greater kobold for 75 points of damage.
[Thu Jul 30 16:23:24 2026] A greater kobold has taken 32 damage from Denon's Disruptive Discord II by Madroc.
[Thu Jul 30 16:23:24 2026] A greater kobold is pierced by Madroc's thorns for 3 points of non-melee damage.
[Thu Jul 30 16:23:24 2026] A greater kobold bashes Madroc for 7 points of damage.
[Thu Jul 30 16:23:24 2026] A greater kobold is pierced by Madroc's thorns for 3 points of non-melee damage.
[Thu Jul 30 16:23:24 2026] A greater kobold kicks Madroc for 7 points of damage.
[Thu Jul 30 16:23:25 2026] A greater kobold tries to bash Madroc, but Madroc dodges!
[Thu Jul 30 16:23:25 2026] A greater kobold tries to hit Madroc, but misses!
[Thu Jul 30 16:23:25 2026] A greater kobold is pierced by Madroc's thorns for 3 points of non-melee damage.
[Thu Jul 30 16:23:25 2026] A greater kobold kicks Madroc for 12 points of damage.
[Thu Jul 30 16:23:25 2026] A greater kobold tries to hit Madroc, but Madroc blocks!
[Thu Jul 30 16:23:26 2026] Madroc strikes a greater kobold for 14 points of damage.
[Thu Jul 30 16:23:26 2026] A greater kobold has been slain by Madroc!
[Thu Jul 30 16:23:26 2026] Madroc tries to strike a greater kobold, but misses!
[Thu Jul 30 16:23:28 2026] Madroc slashes a greater kobold for 71 points of damage.
[Thu Jul 30 16:23:28 2026] a greater kobold is bound by strands of solid music.
[Thu Jul 30 16:23:28 2026] a greater kobold winces.
[Thu Jul 30 16:23:28 2026] A greater kobold is pierced by Madroc's thorns for 3 points of non-melee damage.
[Thu Jul 30 16:23:28 2026] A greater kobold hits Madroc for 36 points of damage.
[Thu Jul 30 16:23:28 2026] A greater kobold is pierced by Madroc's thorns for 3 points of non-melee damage.
[Thu Jul 30 16:23:28 2026] A greater kobold hits Madroc for 67 points of damage.
[Thu Jul 30 16:23:29 2026] Madroc tries to frenzy on a greater kobold, but misses!
[Thu Jul 30 16:23:30 2026] Madroc tries to slash a greater kobold, but misses!
[Thu Jul 30 16:23:30 2026] Madroc tries to slash a greater kobold, but a greater kobold dodges!
[Thu Jul 30 16:23:30 2026] A greater kobold has taken 32 damage from Denon's Disruptive Discord II by Madroc.
[Thu Jul 30 16:23:30 2026] Madroc tries to kick a greater kobold, but misses!
[Thu Jul 30 16:23:30 2026] A greater kobold is pierced by Madroc's thorns for 3 points of non-melee damage.
[Thu Jul 30 16:23:30 2026] A greater kobold cleaves Madroc for 29 points of damage.
[Thu Jul 30 16:23:30 2026] Madroc slashes a greater kobold for 28 points of damage.
[Thu Jul 30 16:23:30 2026] Madroc slashes a greater kobold for 25 points of damage.
[Thu Jul 30 16:23:30 2026] Madroc strikes a greater kobold for 2 points of damage.
[Thu Jul 30 16:23:32 2026] A greater kobold is pierced by Madroc's thorns for 3 points of non-melee damage.
[Thu Jul 30 16:23:32 2026] A greater kobold hits Madroc for 33 points of damage.
[Thu Jul 30 16:23:32 2026] A greater kobold is pierced by Madroc's thorns for 3 points of non-melee damage.
[Thu Jul 30 16:23:32 2026] A greater kobold hits Madroc for 67 points of damage.
[Thu Jul 30 16:23:32 2026] Your pet's Feedback spell has worn off.
[Thu Jul 30 16:23:32 2026] Madroc tries to slash a greater kobold, but misses!
[Thu Jul 30 16:23:32 2026] Madroc slashes a greater kobold for 74 points of damage.
[Thu Jul 30 16:23:33 2026] Madroc strikes a greater kobold for 7 points of damage.
[Thu Jul 30 16:23:33 2026] Madroc kicks a greater kobold for 20 points of damage.
[Thu Jul 30 16:23:34 2026] Madroc tries to slash a greater kobold, but misses!
[Thu Jul 30 16:23:34 2026] Madroc slashes a greater kobold for 76 points of damage.
[Thu Jul 30 16:23:34 2026] You forget Aanya's Animation.
[Thu Jul 30 16:23:34 2026] a greater kobold is bound by strands of solid music.
[Thu Jul 30 16:23:34 2026] a greater kobold winces.
[Thu Jul 30 16:23:35 2026] A greater kobold tries to bash Madroc, but misses!
[Thu Jul 30 16:23:35 2026] A greater kobold is pierced by Madroc's thorns for 3 points of non-melee damage.
[Thu Jul 30 16:23:35 2026] A greater kobold hits Madroc for 82 points of damage.
[Thu Jul 30 16:23:35 2026] A greater kobold is pierced by Madroc's thorns for 3 points of non-melee damage.
[Thu Jul 30 16:23:35 2026] A greater kobold kicks Madroc for 21 points of damage.
[Thu Jul 30 16:23:36 2026] A greater kobold is pierced by Madroc's thorns for 3 points of non-melee damage.
[Thu Jul 30 16:23:36 2026] A greater kobold hits Madroc for 16 points of damage. (Riposte)
[Thu Jul 30 16:23:36 2026] Madroc slashes a greater kobold for 104 points of damage.
[Thu Jul 30 16:23:36 2026] A greater kobold has taken 32 damage from Denon's Disruptive Discord II by Madroc.
[Thu Jul 30 16:23:37 2026] Madroc tries to kick a greater kobold, but misses!
[Thu Jul 30 16:23:37 2026] Madroc kicks a greater kobold for 25 points of damage.
[Thu Jul 30 16:23:38 2026] Madroc tries to slash a greater kobold, but misses!
[Thu Jul 30 16:23:38 2026] A greater kobold tries to hit Madroc, but Madroc ripostes!
[Thu Jul 30 16:23:38 2026] Madroc tries to slash a greater kobold, but misses! (Riposte)
[Thu Jul 30 16:23:38 2026] A greater kobold is pierced by Madroc's thorns for 3 points of non-melee damage.
[Thu Jul 30 16:23:38 2026] A greater kobold hits Madroc for 59 points of damage.
[Thu Jul 30 16:23:38 2026] Madroc tries to strike a greater kobold, but misses!
[Thu Jul 30 16:23:38 2026] Madroc strikes a greater kobold for 37 points of damage.
[Thu Jul 30 16:23:39 2026] Madroc slashes a greater kobold for 55 points of damage.
[Thu Jul 30 16:23:40 2026] Madroc tries to kick a greater kobold, but misses!
[Thu Jul 30 16:23:40 2026] Madroc tries to frenzy on a greater kobold, but misses!
[Thu Jul 30 16:23:40 2026] Madroc tries to strike a greater kobold, but misses!
[Thu Jul 30 16:23:40 2026] Madroc tries to strike a greater kobold, but misses!
[Thu Jul 30 16:23:40 2026] a greater kobold winces.
[Thu Jul 30 16:23:41 2026] A greater kobold tries to hit Madroc, but Madroc blocks!
[Thu Jul 30 16:23:41 2026] Madroc slashes a greater kobold for 47 points of damage.
[Thu Jul 30 16:23:41 2026] Madroc tries to slash a greater kobold, but misses!
[Thu Jul 30 16:23:42 2026] A greater kobold has taken 32 damage from Denon's Disruptive Discord II by Madroc.
[Thu Jul 30 16:23:43 2026] Madroc strikes a greater kobold for 37 points of damage.
[Thu Jul 30 16:23:43 2026] Madroc slashes a greater kobold for 75 points of damage.
[Thu Jul 30 16:23:43 2026] Madroc kicks a greater kobold for 1 point of damage.
[Thu Jul 30 16:23:43 2026] Madroc kicks a greater kobold for 28 points of damage.
[Thu Jul 30 16:23:44 2026] You appear.
[Thu Jul 30 16:23:44 2026] You begin casting Boon of the Garou.
[Thu Jul 30 16:23:44 2026] A greater kobold tries to hit Madroc, but Madroc blocks!
[Thu Jul 30 16:23:44 2026] A greater kobold is pierced by Madroc's thorns for 3 points of non-melee damage.
[Thu Jul 30 16:23:44 2026] A greater kobold hits Madroc for 44 points of damage.
[Thu Jul 30 16:23:44 2026] You feel... strange.
[Thu Jul 30 16:23:44 2026] You have become better at Specialize Divination! (83)
[Thu Jul 30 16:23:44 2026] A greater kobold is pierced by Madroc's thorns for 3 points of non-melee damage.
[Thu Jul 30 16:23:44 2026] A greater kobold bashes Madroc for 7 points of damage.
[Thu Jul 30 16:23:44 2026] A greater kobold is pierced by Madroc's thorns for 3 points of non-melee damage.
[Thu Jul 30 16:23:44 2026] A greater kobold bashes Madroc for 7 points of damage.
[Thu Jul 30 16:23:45 2026] Madroc slashes a greater kobold for 108 points of damage.
[Thu Jul 30 16:23:45 2026] A greater kobold tries to cleave Madroc, but misses!
[Thu Jul 30 16:23:45 2026] A greater kobold tries to kick Madroc, but misses!
[Thu Jul 30 16:23:45 2026] Madroc strikes a greater kobold for 22 points of damage.
[Thu Jul 30 16:23:45 2026] Madroc strikes a greater kobold for 66 points of damage. (Critical)
[Thu Jul 30 16:23:46 2026] Madroc tries to frenzy on a greater kobold, but misses!
[Thu Jul 30 16:23:46 2026] Madroc frenzies on a greater kobold for 55 points of damage.
[Thu Jul 30 16:23:46 2026] a greater kobold is bound by strands of solid music.
[Thu Jul 30 16:23:46 2026] a greater kobold winces.
[Thu Jul 30 16:23:47 2026] Madroc tries to slash a greater kobold, but misses!
[Thu Jul 30 16:23:47 2026] Madroc slashes a greater kobold for 72 points of damage.
[Thu Jul 30 16:23:47 2026] Madroc kicks a greater kobold for 21 points of damage.
[Thu Jul 30 16:23:47 2026] Madroc tries to kick a greater kobold, but a greater kobold dodges!
[Thu Jul 30 16:23:47 2026] A greater kobold is pierced by Madroc's thorns for 3 points of non-melee damage.
[Thu Jul 30 16:23:47 2026] A greater kobold hits Madroc for 46 points of damage.
[Thu Jul 30 16:23:48 2026] Madroc strikes a greater kobold for 17 points of damage.
[Thu Jul 30 16:23:48 2026] Madroc strikes a greater kobold for 37 points of damage.
[Thu Jul 30 16:23:48 2026] Madroc slashes a greater kobold for 74 points of damage.
[Thu Jul 30 16:23:49 2026] Your Golden Efreeti Boots (Exaltation) shimmers briefly.
[Thu Jul 30 16:23:49 2026] You begin casting Invisibility.
[Thu Jul 30 16:23:50 2026] Madroc strikes a greater kobold for 43 points of damage.
[Thu Jul 30 16:23:50 2026] Madroc kicks a greater kobold for 6 points of damage.
[Thu Jul 30 16:23:50 2026] Madroc kicks a greater kobold for 7 points of damage.
[Thu Jul 30 16:23:50 2026] Madroc slashes a greater kobold for 103 points of damage.
[Thu Jul 30 16:23:50 2026] You vanish.
[Thu Jul 30 16:23:50 2026] You have become better at Specialize Divination! (84)
[Thu Jul 30 16:23:52 2026] A greater kobold has been slain by Madroc!
[Thu Jul 30 16:23:59 2026] Madroc frenzies on a greater kobold shaman for 35 points of damage.
[Thu Jul 30 16:23:59 2026] Madroc tries to frenzy on a greater kobold shaman, but misses!
[Thu Jul 30 16:23:59 2026] Madroc tries to frenzy on a greater kobold shaman, but misses!
[Thu Jul 30 16:23:59 2026] Madroc frenzies on a greater kobold shaman for 28 points of damage.
[Thu Jul 30 16:23:59 2026] Madroc strikes a greater kobold shaman for 7 points of damage.
[Thu Jul 30 16:23:59 2026] Madroc strikes a greater kobold shaman for 37 points of damage.
[Thu Jul 30 16:23:59 2026] Madroc kicks a greater kobold shaman for 7 points of damage.
[Thu Jul 30 16:23:59 2026] Madroc tries to kick a greater kobold shaman, but misses!
[Thu Jul 30 16:23:59 2026] Madroc tries to slash a greater kobold shaman, but misses!
[Thu Jul 30 16:23:59 2026] Madroc tries to slash a greater kobold shaman, but a greater kobold shaman dodges!
[Thu Jul 30 16:23:59 2026] A greater kobold shaman tries to hit Madroc, but misses!
[Thu Jul 30 16:23:59 2026] A greater kobold shaman tries to hit Madroc, but misses!
[Thu Jul 30 16:24:01 2026] Madroc tries to slash a greater kobold shaman, but misses!
[Thu Jul 30 16:24:01 2026] Madroc tries to slash a greater kobold shaman, but misses!
[Thu Jul 30 16:24:01 2026] Madroc tries to strike a greater kobold shaman, but misses!
[Thu Jul 30 16:24:01 2026] A greater kobold shaman is pierced by Madroc's thorns for 3 points of non-melee damage.
[Thu Jul 30 16:24:01 2026] A greater kobold shaman hits Madroc for 36 points of damage.
[Thu Jul 30 16:24:02 2026] A greater kobold shaman is pierced by Madroc's thorns for 3 points of non-melee damage.
[Thu Jul 30 16:24:02 2026] Madroc tries to punch a greater kobold shaman, but a greater kobold shaman parries!
[Thu Jul 30 16:24:02 2026] You were hit by non-melee for 10 damage.
[Thu Jul 30 16:24:02 2026] YOU were crushed.
[Thu Jul 30 16:24:02 2026] Madroc tries to slash a greater kobold shaman, but misses!
[Thu Jul 30 16:24:02 2026] A greater kobold shaman begins casting Root.
[Thu Jul 30 16:24:07 2026] A noxious spider - a rare creature - regards you indifferently -- looks like it would wipe the floor with you! (Lvl: 44)
[Thu Jul 30 16:24:09 2026] A greater kobold shaman has taken 32 damage from Denon's Disruptive Discord II by Madroc.
[Thu Jul 30 16:24:10 2026] You no longer have a target.
[Thu Jul 30 16:24:11 2026] A greater kobold shaman begins casting Envenomed Breath.
[Thu Jul 30 16:24:12 2026] Auto attack is on.
[Thu Jul 30 16:24:12 2026] You appear.
[Thu Jul 30 16:24:12 2026] Your target is too far away, get closer!
[Thu Jul 30 16:24:13 2026] A noxious spider bites YOU for 36 points of damage.
[Thu Jul 30 16:24:13 2026] A noxious spider cleaves YOU for 72 points of damage.
[Thu Jul 30 16:24:13 2026] A noxious spider tries to cleave Kober, but Kober dodges!
[Thu Jul 30 16:24:13 2026] A noxious spider bashes YOU for 13 points of damage.
[Thu Jul 30 16:24:13 2026] Kober slashes a noxious spider for 38 points of damage.
[Thu Jul 30 16:24:13 2026] Kober tries to slash a noxious spider, but misses!
[Thu Jul 30 16:24:13 2026] Kober cleaves a noxious spider for 27 points of damage.
[Thu Jul 30 16:24:13 2026] Kober tries to bash a noxious spider, but misses!
[Thu Jul 30 16:24:14 2026] Kober kicks a noxious spider for 28 points of damage.
[Thu Jul 30 16:24:14 2026] You try to bash a noxious spider, but miss!
[Thu Jul 30 16:24:14 2026] You smite a noxious spider for 24 points of damage.
[Thu Jul 30 16:24:14 2026] You hit a noxious spider for 147 points of magic damage by Smiting Strike.
[Thu Jul 30 16:24:14 2026] A noxious spider staggers.
[Thu Jul 30 16:24:14 2026] You try to smite a noxious spider, but miss!
[Thu Jul 30 16:24:14 2026] You try to kick a noxious spider, but miss!
[Thu Jul 30 16:24:14 2026] You try to kick a noxious spider, but miss!
[Thu Jul 30 16:24:14 2026] You strike a noxious spider for 68 points of damage. (Critical)
[Thu Jul 30 16:24:14 2026] You strike a noxious spider for 17 points of damage.
[Thu Jul 30 16:24:15 2026] A greater kobold shaman begins casting Malaise.
[Thu Jul 30 16:24:15 2026] You can't use that command right now...
[Thu Jul 30 16:24:15 2026] Your Golden Efreeti Boots (Exaltation) shimmers briefly.
[Thu Jul 30 16:24:15 2026] You begin casting Invisibility.
[Thu Jul 30 16:24:15 2026] You can't use that command right now...
[Thu Jul 30 16:24:15 2026] Kober tries to slash a noxious spider, but misses!
[Thu Jul 30 16:24:15 2026] Kober tries to slash a noxious spider, but misses!
[Thu Jul 30 16:24:15 2026] A noxious spider tries to bite Kober, but Kober blocks!
[Thu Jul 30 16:24:15 2026] Kober crushes a noxious spider for 36 points of damage.
[Thu Jul 30 16:24:15 2026] A greater kobold shaman has taken 32 damage from Denon's Disruptive Discord II by Madroc.
[Thu Jul 30 16:24:16 2026] A noxious spider bites YOU for 67 points of damage.
[Thu Jul 30 16:24:16 2026] Your Invisibility spell is interrupted.
[Thu Jul 30 16:24:16 2026] You slash a noxious spider for 89 points of damage.
[Thu Jul 30 16:24:16 2026] You try to slash a noxious spider, but a noxious spider parries!
[Thu Jul 30 16:24:16 2026] Auto attack is off.
[Thu Jul 30 16:24:17 2026] Madroc has taken 78 damage from Envenomed Breath by a greater kobold shaman.
[Thu Jul 30 16:24:17 2026] Kober tries to slash a noxious spider, but misses!
[Thu Jul 30 16:24:17 2026] Kober tries to slash a noxious spider, but misses!
[Thu Jul 30 16:24:18 2026] A noxious spider bites YOU for 17 points of damage.
[Thu Jul 30 16:24:19 2026] Kober bashes a noxious spider for 3 points of damage.
[Thu Jul 30 16:24:19 2026] Kober tries to slash a noxious spider, but misses!
[Thu Jul 30 16:24:19 2026] Kober crushes a noxious spider for 29 points of damage.
[Thu Jul 30 16:24:19 2026] Kober tries to kick a noxious spider, but misses!
[Thu Jul 30 16:24:19 2026] Kober tries to kick a noxious spider, but misses!
[Thu Jul 30 16:24:20 2026] Your Djarn's Amethyst Ring (Exaltation) shimmers briefly.
[Thu Jul 30 16:24:20 2026] You begin casting Discordant Mind.
[Thu Jul 30 16:24:21 2026] Kober begins casting Stun.
[Thu Jul 30 16:24:21 2026] A noxious spider tries to bite YOU, but misses!
[Thu Jul 30 16:24:21 2026] You hit a noxious spider for 394 points of magic damage by Discordant Mind.
[Thu Jul 30 16:24:21 2026] A noxious spider's brain begins to melt.
[Thu Jul 30 16:24:21 2026] A noxious spider tries to bash YOU, but misses!
[Thu Jul 30 16:24:21 2026] A noxious spider tries to bash YOU, but misses!
[Thu Jul 30 16:24:21 2026] A greater kobold shaman has taken 32 damage from Denon's Disruptive Discord II by Madroc.
[Thu Jul 30 16:24:22 2026] Auto attack is on.
[Thu Jul 30 16:24:22 2026] You bash a noxious spider for 10 points of damage. (Critical)
[Thu Jul 30 16:24:22 2026] You kick a noxious spider for 52 points of damage. (Critical)
[Thu Jul 30 16:24:22 2026] You try to kick a noxious spider, but miss!
[Thu Jul 30 16:24:22 2026] You strike a noxious spider for 62 points of damage. (Critical)
[Thu Jul 30 16:24:22 2026] A noxious spider tries to bite YOU, but misses! (Riposte)
[Thu Jul 30 16:24:22 2026] You claw a noxious spider for 36 points of damage.
[Thu Jul 30 16:24:22 2026] You claw a noxious spider for 26 points of damage.
[Thu Jul 30 16:24:22 2026] You slash a noxious spider for 63 points of damage. (Critical)
[Thu Jul 30 16:24:22 2026] A noxious spider bites YOU for 33 points of damage. (Riposte)
[Thu Jul 30 16:24:22 2026] a noxious spider hit you for 90 points of poison damage by Deadly Poison.
[Thu Jul 30 16:24:22 2026] You have been poisoned.
[Thu Jul 30 16:24:22 2026] a noxious spider is struck by a sudden force.
[Thu Jul 30 16:24:22 2026] Kober tries to slash a noxious spider, but misses!
[Thu Jul 30 16:24:22 2026] Kober tries to cleave a noxious spider, but a noxious spider parries!
[Thu Jul 30 16:24:22 2026] Kober cleaves a noxious spider for 38 points of damage.
[Thu Jul 30 16:24:22 2026] A greater kobold shaman begins casting Healing.
[Thu Jul 30 16:24:23 2026] Madroc has taken 78 damage from Envenomed Breath by a greater kobold shaman.
[Thu Jul 30 16:24:23 2026] You claw a noxious spider for 8 points of damage.
[Thu Jul 30 16:24:23 2026] Kober tries to slash a noxious spider, but misses!
[Thu Jul 30 16:24:23 2026] Kober tries to slash a noxious spider, but misses!
[Thu Jul 30 16:24:23 2026] Kober tries to crush a noxious spider, but misses!
[Thu Jul 30 16:24:23 2026] Kober tries to crush a noxious spider, but misses!
[Thu Jul 30 16:24:24 2026] You smite a noxious spider for 16 points of damage.
[Thu Jul 30 16:24:24 2026] You hit a noxious spider for 147 points of magic damage by Smiting Strike.
[Thu Jul 30 16:24:24 2026] A noxious spider staggers.
[Thu Jul 30 16:24:24 2026] You smite a noxious spider for 38 points of damage.
[Thu Jul 30 16:24:24 2026] You hit a noxious spider for 147 points of magic damage by Smiting Strike.
[Thu Jul 30 16:24:24 2026] A noxious spider staggers.
[Thu Jul 30 16:24:24 2026] You claw a noxious spider for 37 points of damage. (Critical)
[Thu Jul 30 16:24:24 2026] You claw a noxious spider for 37 points of damage.
[Thu Jul 30 16:24:24 2026] Kober bashes a noxious spider for 3 points of damage.
[Thu Jul 30 16:24:24 2026] Kober tries to bash a noxious spider, but misses!
[Thu Jul 30 16:24:24 2026] You try to slash a noxious spider, but miss!
[Thu Jul 30 16:24:24 2026] You try to slash a noxious spider, but a noxious spider parries!
[Thu Jul 30 16:24:25 2026] Kober tries to kick a noxious spider, but misses!
[Thu Jul 30 16:24:25 2026] Madroc activates Skull Bash.
[Thu Jul 30 16:24:25 2026] Kober slashes a noxious spider for 9 points of damage.
[Thu Jul 30 16:24:25 2026] Kober slashes a noxious spider for 34 points of damage.
[Thu Jul 30 16:24:25 2026] Kober crushes a noxious spider for 17 points of damage.
[Thu Jul 30 16:24:25 2026] Kober crushes a noxious spider for 36 points of damage.
[Thu Jul 30 16:24:25 2026] You try to claw a noxious spider, but miss!
[Thu Jul 30 16:24:26 2026] You try to strike a noxious spider, but miss!
[Thu Jul 30 16:24:26 2026] You have taken 30 damage from Deadly Poison by a noxious spider.
[Thu Jul 30 16:24:26 2026] Your Djarn's Amethyst Ring (Exaltation) shimmers briefly.
[Thu Jul 30 16:24:26 2026] You begin casting Discordant Mind.
[Thu Jul 30 16:24:27 2026] A noxious spider bites YOU for 17 points of damage.
[Thu Jul 30 16:24:27 2026] Kober tries to slash a noxious spider, but a noxious spider dodges!
[Thu Jul 30 16:24:27 2026] Kober tries to slash a noxious spider, but misses!
[Thu Jul 30 16:24:27 2026] Kober tries to crush a noxious spider, but misses!
[Thu Jul 30 16:24:27 2026] Kober tries to crush a noxious spider, but misses!
[Thu Jul 30 16:24:27 2026] You regain your concentration and continue your casting.
[Thu Jul 30 16:24:27 2026] You hit a noxious spider for 394 points of magic damage by Discordant Mind.
[Thu Jul 30 16:24:27 2026] A noxious spider's brain begins to melt.
[Thu Jul 30 16:24:27 2026] You claw a noxious spider for 23 points of damage. (Critical)
[Thu Jul 30 16:24:27 2026] You try to claw a noxious spider, but miss!
[Thu Jul 30 16:24:27 2026] You slash a noxious spider for 60 points of damage.
[Thu Jul 30 16:24:27 2026] A noxious spider tries to bite YOU, but misses! (Riposte)
[Thu Jul 30 16:24:27 2026] A noxious spider tries to cleave YOU, but YOU parry!
[Thu Jul 30 16:24:27 2026] A noxious spider cleaves YOU for 58 points of damage.
[Thu Jul 30 16:24:27 2026] A noxious spider cleaves Kober for 28 points of damage.
[Thu Jul 30 16:24:27 2026] a noxious spider hit Kober for 100 points of poison damage by Deadly Poison.
[Thu Jul 30 16:24:27 2026] Kober has been poisoned.
[Thu Jul 30 16:24:27 2026] You try to bash a noxious spider, but miss!
[Thu Jul 30 16:24:27 2026] A greater kobold shaman has taken 32 damage from Denon's Disruptive Discord II by Madroc.
[Thu Jul 30 16:24:28 2026] You kick a noxious spider for 48 points of damage.
[Thu Jul 30 16:24:28 2026] You try to kick a noxious spider, but miss!
[Thu Jul 30 16:24:28 2026] You try to claw a noxious spider, but miss!
[Thu Jul 30 16:24:28 2026] You try to claw a noxious spider, but miss!
[Thu Jul 30 16:24:28 2026] A greater kobold shaman begins casting Healing.
[Thu Jul 30 16:24:29 2026] Madroc has taken 78 damage from Envenomed Breath by a greater kobold shaman.
[Thu Jul 30 16:24:29 2026] You try to claw a noxious spider, but a noxious spider dodges!
[Thu Jul 30 16:24:29 2026] Kober slashes a noxious spider for 4 points of damage.
[Thu Jul 30 16:24:29 2026] A noxious spider tries to bite YOU, but misses!
[Thu Jul 30 16:24:29 2026] A noxious spider bites YOU for 17 points of damage.
[Thu Jul 30 16:24:29 2026] A noxious spider tries to bash YOU, but misses!
[Thu Jul 30 16:24:29 2026] A noxious spider tries to bash YOU, but YOU block!
[Thu Jul 30 16:24:30 2026] You slash a noxious spider for 76 points of damage.
[Thu Jul 30 16:24:30 2026] You slash a noxious spider for 31 points of damage.
[Thu Jul 30 16:24:30 2026] Kober tries to bash a noxious spider, but misses!
[Thu Jul 30 16:24:30 2026] Kober tries to bash a noxious spider, but misses!
[Thu Jul 30 16:24:30 2026] You hit a noxious spider for 26 points of magic damage by Lifetap Strike.
[Thu Jul 30 16:24:30 2026] A noxious spider staggers.
[Thu Jul 30 16:24:30 2026] You healed Primitive for 27 hit points by Lifetap Strike.
[Thu Jul 30 16:24:30 2026] You claw a noxious spider for 19 points of damage.
[Thu Jul 30 16:24:30 2026] You try to strike a noxious spider, but a noxious spider dodges!
[Thu Jul 30 16:24:30 2026] a greater kobold shaman feels much better.
[Thu Jul 30 16:24:30 2026] a greater kobold shaman healed itself for 175 hit points by Healing.
[Thu Jul 30 16:24:30 2026] Kober tries to kick a noxious spider, but misses!
[Thu Jul 30 16:24:30 2026] A noxious spider bites Kober for 29 points of damage. (Riposte)
[Thu Jul 30 16:24:30 2026] Kober tries to cleave a noxious spider, but misses!
[Thu Jul 30 16:24:31 2026] A noxious spider tries to bite Kober, but Kober parries!
[Thu Jul 30 16:24:31 2026] Kober tries to crush a noxious spider, but misses!
[Thu Jul 30 16:24:31 2026] Kober tries to crush a noxious spider, but misses!
[Thu Jul 30 16:24:31 2026] You try to claw a noxious spider, but miss!
[Thu Jul 30 16:24:31 2026] You try to claw a noxious spider, but miss!
[Thu Jul 30 16:24:31 2026] A noxious spider tries to bite YOU, but misses!
[Thu Jul 30 16:24:31 2026] A noxious spider tries to bite YOU, but misses!
[Thu Jul 30 16:24:32 2026] You have taken 30 damage from Deadly Poison by a noxious spider.
[Thu Jul 30 16:24:32 2026] You slash a noxious spider for 62 points of damage.
[Thu Jul 30 16:24:33 2026] You try to claw a noxious spider, but miss!
[Thu Jul 30 16:24:33 2026] Kober has taken 30 damage by Deadly Poison.
[Thu Jul 30 16:24:33 2026] You bash a noxious spider for 10 points of damage. (Critical)
[Thu Jul 30 16:24:33 2026] Kober slashes a noxious spider for 16 points of damage.
[Thu Jul 30 16:24:33 2026] Kober tries to slash a noxious spider, but misses!
[Thu Jul 30 16:24:33 2026] Your Djarn's Amethyst Ring (Exaltation) shimmers briefly.
[Thu Jul 30 16:24:33 2026] You begin casting Discordant Mind.
[Thu Jul 30 16:24:34 2026] A greater kobold shaman has been slain by Madroc!
[Thu Jul 30 16:24:34 2026] A noxious spider bites YOU for 49 points of damage.
[Thu Jul 30 16:24:34 2026] You regain your concentration and continue your casting.
[Thu Jul 30 16:24:34 2026] You hit a noxious spider for 394 points of magic damage by Discordant Mind.
[Thu Jul 30 16:24:34 2026] A noxious spider's brain begins to melt.
[Thu Jul 30 16:24:34 2026] You claw a noxious spider for 17 points of damage.
[Thu Jul 30 16:24:35 2026] You try to smite a noxious spider, but miss!
[Thu Jul 30 16:24:35 2026] You kick a noxious spider for 48 points of damage.
[Thu Jul 30 16:24:35 2026] You try to strike a noxious spider, but miss!
[Thu Jul 30 16:24:35 2026] You claw a noxious spider for 29 points of damage.
[Thu Jul 30 16:24:35 2026] You claw a noxious spider for 3 points of damage.
[Thu Jul 30 16:24:35 2026] Kober tries to slash a noxious spider, but misses!
[Thu Jul 30 16:24:35 2026] You try to slash a noxious spider, but miss!
[Thu Jul 30 16:24:35 2026] You slash a noxious spider for 35 points of damage.
[Thu Jul 30 16:24:35 2026] Kober tries to bash a noxious spider, but misses!
[Thu Jul 30 16:24:36 2026] Kober tries to kick a noxious spider, but misses!
[Thu Jul 30 16:24:36 2026] A noxious spider tries to bite YOU, but misses!
[Thu Jul 30 16:24:36 2026] Kober begins casting Stun.
[Thu Jul 30 16:24:37 2026] You claw a noxious spider for 17 points of damage.
[Thu Jul 30 16:24:37 2026] A noxious spider tries to bash YOU, but misses!
[Thu Jul 30 16:24:38 2026] You slash a noxious spider for 187 points of damage. (Critical)
[Thu Jul 30 16:24:38 2026] a noxious spider is struck by a sudden force.
[Thu Jul 30 16:24:38 2026] Kober tries to slash a noxious spider, but a noxious spider dodges!
[Thu Jul 30 16:24:38 2026] Kober slashes a noxious spider for 13 points of damage.
[Thu Jul 30 16:24:38 2026] You have taken 30 damage from Deadly Poison by a noxious spider.
[Thu Jul 30 16:24:38 2026] You claw a noxious spider for 29 points of damage.
[Thu Jul 30 16:24:38 2026] You try to claw a noxious spider, but miss!
[Thu Jul 30 16:24:38 2026] You try to bash a noxious spider, but miss!
[Thu Jul 30 16:24:38 2026] Your Djarn's Amethyst Ring (Exaltation) shimmers briefly.
[Thu Jul 30 16:24:38 2026] You begin casting Discordant Mind.
[Thu Jul 30 16:24:38 2026] You can't use that command right now...
[Thu Jul 30 16:24:39 2026] Kober has taken 30 damage by Deadly Poison.
[Thu Jul 30 16:24:39 2026] You can't use that command right now...
[Thu Jul 30 16:24:39 2026] Kober cleaves a noxious spider for 29 points of damage.
[Thu Jul 30 16:24:39 2026] Kober tries to slash a noxious spider, but misses!
[Thu Jul 30 16:24:39 2026] Kober tries to crush a noxious spider, but misses!
[Thu Jul 30 16:24:39 2026] You hit a noxious spider for 394 points of magic damage by Discordant Mind.
[Thu Jul 30 16:24:39 2026] A noxious spider's brain begins to melt.
[Thu Jul 30 16:24:39 2026] You claw a noxious spider for 18 points of damage.
[Thu Jul 30 16:24:40 2026] You try to strike a noxious spider, but miss!
[Thu Jul 30 16:24:40 2026] You strike a noxious spider for 62 points of damage. (Critical)
[Thu Jul 30 16:24:40 2026] You slash a noxious spider for 48 points of damage.
[Thu Jul 30 16:24:40 2026] You kick a noxious spider for 26 points of damage.
[Thu Jul 30 16:24:40 2026] You kick a noxious spider for 19 points of damage.
[Thu Jul 30 16:24:40 2026] Kober begins casting Root.
[Thu Jul 30 16:24:41 2026] You try to claw a noxious spider, but miss!
[Thu Jul 30 16:24:41 2026] You claw a noxious spider for 20 points of damage.
[Thu Jul 30 16:24:42 2026] You claw a noxious spider for 13 points of damage.
[Thu Jul 30 16:24:42 2026] You claw a noxious spider for 18 points of damage.
[Thu Jul 30 16:24:42 2026] A noxious spider tries to bite YOU, but YOU parry!
[Thu Jul 30 16:24:42 2026] A noxious spider tries to cleave YOU, but misses!
[Thu Jul 30 16:24:42 2026] A noxious spider cleaves Kober for 28 points of damage.
[Thu Jul 30 16:24:42 2026] a noxious spider adheres to the ground.
[Thu Jul 30 16:24:42 2026] Kober tries to slash a noxious spider, but misses!
[Thu Jul 30 16:24:42 2026] Kober crushes a noxious spider for 4 points of damage.
[Thu Jul 30 16:24:42 2026] Kober tries to kick a noxious spider, but misses!
[Thu Jul 30 16:24:43 2026] Kober tries to bash a noxious spider, but misses!
[Thu Jul 30 16:24:43 2026] Kober bashes a noxious spider for 3 points of damage.
[Thu Jul 30 16:24:43 2026] You try to slash a noxious spider, but miss!
[Thu Jul 30 16:24:43 2026] You try to slash a noxious spider, but miss!
[Thu Jul 30 16:24:43 2026] Kober tries to slash a noxious spider, but misses!
[Thu Jul 30 16:24:43 2026] Kober tries to crush a noxious spider, but misses!
[Thu Jul 30 16:24:43 2026] You try to claw a noxious spider, but miss!
[Thu Jul 30 16:24:43 2026] A kobold priest begins casting Bravery.
[Thu Jul 30 16:24:44 2026] You try to bash a noxious spider, but miss!
[Thu Jul 30 16:24:44 2026] You bash a noxious spider for 1 point of damage.
[Thu Jul 30 16:24:44 2026] You strike a noxious spider for 46 points of damage.
[Thu Jul 30 16:24:44 2026] You strike a noxious spider for 37 points of damage. (Critical)
[Thu Jul 30 16:24:44 2026] You claw a noxious spider for 13 points of damage.
[Thu Jul 30 16:24:44 2026] You have taken 30 damage from Deadly Poison by a noxious spider.
[Thu Jul 30 16:24:44 2026] You try to smite a noxious spider, but miss!
[Thu Jul 30 16:24:45 2026] Kober has taken 30 damage by Deadly Poison.
[Thu Jul 30 16:24:45 2026] Kober slashes a noxious spider for 22 points of damage.
[Thu Jul 30 16:24:45 2026] Kober tries to slash a noxious spider, but misses!
[Thu Jul 30 16:24:45 2026] Kober tries to crush a noxious spider, but misses!
[Thu Jul 30 16:24:45 2026] A noxious spider bites YOU for 40 points of damage.
[Thu Jul 30 16:24:45 2026] A noxious spider bites YOU for 63 points of damage.
[Thu Jul 30 16:24:45 2026] You hit a noxious spider for 26 points of magic damage by Lifetap Strike.
[Thu Jul 30 16:24:45 2026] A noxious spider staggers.
[Thu Jul 30 16:24:45 2026] You healed Primitive for 27 hit points by Lifetap Strike.
[Thu Jul 30 16:24:45 2026] You slash a noxious spider for 60 points of damage.
[Thu Jul 30 16:24:45 2026] A noxious spider tries to bash YOU, but YOU dodge!
[Thu Jul 30 16:24:46 2026] a kobold priest looks brave.
[Thu Jul 30 16:24:46 2026] a kobold priest healed itself for 118 hit points by Bravery.
[Thu Jul 30 16:24:46 2026] You try to kick a noxious spider, but miss!
[Thu Jul 30 16:24:46 2026] You kick a noxious spider for 97 points of damage.
[Thu Jul 30 16:24:46 2026] Your Djarn's Amethyst Ring (Exaltation) shimmers briefly.
[Thu Jul 30 16:24:46 2026] You begin casting Discordant Mind.
[Thu Jul 30 16:24:46 2026] A kobold priest begins casting Symbol of Ryltan.
[Thu Jul 30 16:24:47 2026] Kober slashes a noxious spider for 20 points of damage.
[Thu Jul 30 16:24:47 2026] Kober tries to cleave a noxious spider, but misses!
[Thu Jul 30 16:24:47 2026] You hit a noxious spider for 394 points of magic damage by Discordant Mind.
[Thu Jul 30 16:24:47 2026] A noxious spider's brain begins to melt.
[Thu Jul 30 16:24:47 2026] You claw a noxious spider for 12 points of damage.
[Thu Jul 30 16:24:47 2026] A noxious spider bites YOU for 17 points of damage.
[Thu Jul 30 16:24:47 2026] A noxious spider bites YOU for 81 points of damage.
[Thu Jul 30 16:24:48 2026] You claw a noxious spider for 13 points of damage.
[Thu Jul 30 16:24:48 2026] You slash a noxious spider for 63 points of damage. (Critical)
[Thu Jul 30 16:24:48 2026] Kober tries to bash a noxious spider, but misses!
[Thu Jul 30 16:24:48 2026] Kober bashes a noxious spider for 3 points of damage.
[Thu Jul 30 16:24:48 2026] You try to strike a noxious spider, but a noxious spider dodges!
[Thu Jul 30 16:24:48 2026] You strike a noxious spider for 27 points of damage.
[Thu Jul 30 16:24:48 2026] Kober kicks a noxious spider for 17 points of damage.
[Thu Jul 30 16:24:49 2026] Kober slashes a noxious spider for 4 points of damage.
[Thu Jul 30 16:24:49 2026] Kober crushes a noxious spider for 36 points of damage.
[Thu Jul 30 16:24:49 2026] You try to claw a noxious spider, but miss!
[Thu Jul 30 16:24:49 2026] You try to bash a noxious spider, but miss!
[Thu Jul 30 16:24:50 2026] A noxious spider bites YOU for 36 points of damage.
[Thu Jul 30 16:24:50 2026] A noxious spider bites YOU for 7 points of damage. (Riposte)
[Thu Jul 30 16:24:50 2026] You have taken 30 damage from Deadly Poison by a noxious spider.
[Thu Jul 30 16:24:51 2026] You try to slash a noxious spider, but miss!
[Thu Jul 30 16:24:51 2026] You slash a noxious spider for 62 points of damage.
[Thu Jul 30 16:24:51 2026] a kobold priest is cloaked in a shimmer of glowing symbols.
[Thu Jul 30 16:24:51 2026] a kobold priest healed itself for 134 hit points by Symbol of Ryltan.
[Thu Jul 30 16:24:51 2026] Kober slashes a noxious spider for 34 points of damage.
[Thu Jul 30 16:24:51 2026] Kober has taken 30 damage by Deadly Poison.
[Thu Jul 30 16:24:51 2026] You claw a noxious spider for 13 points of damage.
[Thu Jul 30 16:24:51 2026] You claw a noxious spider for 19 points of damage.
[Thu Jul 30 16:24:51 2026] You can't use that command right now...
[Thu Jul 30 16:24:52 2026] Your Djarn's Amethyst Ring (Exaltation) shimmers briefly.
[Thu Jul 30 16:24:52 2026] You begin casting Discordant Mind.
[Thu Jul 30 16:24:52 2026] You can't use that command right now...
[Thu Jul 30 16:24:53 2026] Kober tries to slash a noxious spider, but misses!
[Thu Jul 30 16:24:53 2026] Kober slashes a noxious spider for 11 points of damage.
[Thu Jul 30 16:24:53 2026] You hit a noxious spider for 394 points of magic damage by Discordant Mind.
[Thu Jul 30 16:24:53 2026] A noxious spider's brain begins to melt.
[Thu Jul 30 16:24:53 2026] You claw a noxious spider for 23 points of damage. (Critical)
[Thu Jul 30 16:24:53 2026] You kick a noxious spider for 41 points of damage.
[Thu Jul 30 16:24:53 2026] You kick a noxious spider for 14 points of damage.
[Thu Jul 30 16:24:53 2026] You strike a noxious spider for 66 points of damage.
[Thu Jul 30 16:24:53 2026] You strike a noxious spider for 32 points of damage.
[Thu Jul 30 16:24:53 2026] You slash a noxious spider for 62 points of damage.
[Thu Jul 30 16:24:53 2026] You slash a noxious spider for 26 points of damage.
[Thu Jul 30 16:24:53 2026] A kobold priest begins casting Bravery.
[Thu Jul 30 16:24:53 2026] You try to claw a noxious spider, but miss!
[Thu Jul 30 16:24:53 2026] You claw a noxious spider for 10 points of damage.
[Thu Jul 30 16:24:54 2026] Kober tries to bash a noxious spider, but misses!
[Thu Jul 30 16:24:54 2026] Kober tries to slash a noxious spider, but misses!
[Thu Jul 30 16:24:54 2026] Kober tries to crush a noxious spider, but misses!
[Thu Jul 30 16:24:54 2026] Kober crushes a noxious spider for 12 points of damage.
[Thu Jul 30 16:24:54 2026] Kober tries to kick a noxious spider, but misses!
[Thu Jul 30 16:24:55 2026] You try to smite a noxious spider, but miss!
[Thu Jul 30 16:24:55 2026] You bash a noxious spider for 1 point of damage.
[Thu Jul 30 16:24:55 2026] You claw a noxious spider for 7 points of damage.
[Thu Jul 30 16:24:55 2026] You gain experience! (1.334%)
[Thu Jul 30 16:24:55 2026] You receive 3 platinum, 9 gold, 6 silver and 3 copper from the corpse.
[Thu Jul 30 16:24:55 2026] You have slain a noxious spider!
[Thu Jul 30 16:24:55 2026] You looted 2 Spider Silk from a noxious spider's corpse and sold it for 2 gold, 8 silver and 6 copper.
[Thu Jul 30 16:24:55 2026] --You have looted a Mote of Infinitesimal Potential from a noxious spider's corpse.--
[Thu Jul 30 16:24:56 2026] a greater kobold looks brave.
[Thu Jul 30 16:24:56 2026] a kobold priest healed a greater kobold for 118 hit points by Bravery.
[Thu Jul 30 16:24:56 2026] A kobold priest begins casting Symbol of Ryltan.
[Thu Jul 30 16:24:56 2026] The poison has run its course.
[Thu Jul 30 16:24:57 2026] Kober has taken 30 damage by Deadly Poison.
[Thu Jul 30 16:25:00 2026] a greater kobold is cloaked in a shimmer of glowing symbols.
[Thu Jul 30 16:25:00 2026] a kobold priest healed a greater kobold for 134 hit points by Symbol of Ryltan.
[Thu Jul 30 16:25:00 2026] --You have looted a Green Silken Drape from a noxious spider's corpse.--
[Thu Jul 30 16:25:01 2026] Your pet's Deadly Poison spell has worn off.
[Thu Jul 30 16:25:03 2026] A kobold priest begins casting Bravery.
[Thu Jul 30 16:25:06 2026] a greater kobold looks brave.
[Thu Jul 30 16:25:06 2026] a kobold priest healed a greater kobold for 118 hit points by Bravery.
[Thu Jul 30 16:25:06 2026] A kobold priest begins casting Symbol of Ryltan.
[Thu Jul 30 16:25:09 2026] You forget Invisibility.
[Thu Jul 30 16:25:10 2026] a greater kobold is cloaked in a shimmer of glowing symbols.
[Thu Jul 30 16:25:10 2026] a kobold priest healed a greater kobold for 134 hit points by Symbol of Ryltan.
[Thu Jul 30 16:25:13 2026] Beginning to memorize Invisibility...
[Thu Jul 30 16:25:13 2026] A kobold king begins casting Restless Bones.
[Thu Jul 30 16:25:13 2026] A kobold priest begins casting Bravery.
[Thu Jul 30 16:25:13 2026] You have finished memorizing Invisibility.
[Thu Jul 30 16:25:16 2026] a kobold king looks brave.
[Thu Jul 30 16:25:16 2026] a kobold priest healed a kobold king for 118 hit points by Bravery.
[Thu Jul 30 16:25:16 2026] A kobold priest begins casting Symbol of Ryltan.
[Thu Jul 30 16:25:17 2026] Beginning to memorize Shiftless Deeds...
[Thu Jul 30 16:25:18 2026] You have finished memorizing Shiftless Deeds.
[Thu Jul 30 16:25:20 2026] a kobold king is cloaked in a shimmer of glowing symbols.
[Thu Jul 30 16:25:20 2026] a kobold priest healed a kobold king for 134 hit points by Symbol of Ryltan.
[Thu Jul 30 16:25:20 2026] Your Golden Efreeti Boots (Exaltation) shimmers briefly.
[Thu Jul 30 16:25:20 2026] You begin casting Invisibility.
[Thu Jul 30 16:25:21 2026] You vanish.
[Thu Jul 30 16:25:21 2026] You have become better at Specialize Divination! (85)
[Thu Jul 30 16:25:23 2026] A kobold priest begins casting Bravery.
[Thu Jul 30 16:25:26 2026] A kobold priest begins casting Symbol of Ryltan.
[Thu Jul 30 16:25:26 2026] You appear.
[Thu Jul 30 16:25:26 2026] A sonic bat bites YOU for 76 points of damage.
[Thu Jul 30 16:25:26 2026] A sonic bat tries to bite YOU, but misses!
[Thu Jul 30 16:25:26 2026] A sonic bat tries to cleave YOU, but misses!
[Thu Jul 30 16:25:26 2026] A sonic bat bashes YOU for 10 points of damage.
[Thu Jul 30 16:25:27 2026] A sonic bat begins casting Sonic Scream.
[Thu Jul 30 16:25:27 2026] You resist a sonic bat's Sonic Scream!
[Thu Jul 30 16:25:31 2026] Auto attack is on.
[Thu Jul 30 16:25:31 2026] A sonic bat bites YOU for 46 points of damage.
[Thu Jul 30 16:25:31 2026] A sonic bat bites YOU for 28 points of damage.
[Thu Jul 30 16:25:31 2026] Your target is too far away, get closer!
[Thu Jul 30 16:25:31 2026] A sonic bat tries to bite YOU, but misses!
[Thu Jul 30 16:25:31 2026] A sonic bat tries to bite YOU, but misses!
[Thu Jul 30 16:25:31 2026] Kober tries to slash a sonic bat, but misses!
[Thu Jul 30 16:25:31 2026] Kober tries to crush a sonic bat, but misses!
[Thu Jul 30 16:25:31 2026] Kober crushes a sonic bat for 36 points of damage.
[Thu Jul 30 16:25:31 2026] Kober tries to cleave a sonic bat, but misses!
[Thu Jul 30 16:25:31 2026] Kober tries to kick a sonic bat, but misses!
[Thu Jul 30 16:25:32 2026] Kober bashes a sonic bat for 3 points of damage.
[Thu Jul 30 16:25:32 2026] Kober tries to bash a sonic bat, but misses!
[Thu Jul 30 16:25:32 2026] You claw a sonic bat for 7 points of damage.
[Thu Jul 30 16:25:33 2026] Kober tries to slash a sonic bat, but misses!
[Thu Jul 30 16:25:33 2026] Kober tries to slash a sonic bat, but misses!
[Thu Jul 30 16:25:34 2026] You slash a sonic bat for 62 points of damage.
[Thu Jul 30 16:25:34 2026] You slash a sonic bat for 48 points of damage.
[Thu Jul 30 16:25:34 2026] Your Djarn's Amethyst Ring (Exaltation) shimmers briefly.
[Thu Jul 30 16:25:34 2026] You begin casting Shiftless Deeds.
[Thu Jul 30 16:25:34 2026] A sonic bat bites YOU for 32 points of damage.
[Thu Jul 30 16:25:34 2026] A sonic bat bashes YOU for 10 points of damage.
[Thu Jul 30 16:25:34 2026] A sonic bat tries to bash YOU, but misses!
[Thu Jul 30 16:25:35 2026] Kober begins casting Stun.
[Thu Jul 30 16:25:35 2026] You regain your concentration and continue your casting.
[Thu Jul 30 16:25:35 2026] a sonic bat slows down.
[Thu Jul 30 16:25:35 2026] You claw a sonic bat for 17 points of damage.
[Thu Jul 30 16:25:35 2026] You claw a sonic bat for 24 points of damage.
[Thu Jul 30 16:25:36 2026] You claw a sonic bat for 37 points of damage.
[Thu Jul 30 16:25:36 2026] You try to claw a sonic bat, but a sonic bat parries!
[Thu Jul 30 16:25:36 2026] You strike a sonic bat for 19 points of damage.
[Thu Jul 30 16:25:36 2026] You try to strike a sonic bat, but a sonic bat dodges!
[Thu Jul 30 16:25:36 2026] A sonic bat resisted Kober's Stun!
[Thu Jul 30 16:25:36 2026] Kober slashes a sonic bat for 16 points of damage.
[Thu Jul 30 16:25:36 2026] Kober slashes a sonic bat for 6 points of damage.
[Thu Jul 30 16:25:36 2026] Kober crushes a sonic bat for 33 points of damage.
[Thu Jul 30 16:25:36 2026] Kober crushes a sonic bat for 33 points of damage.
[Thu Jul 30 16:25:36 2026] You slash a sonic bat for 87 points of damage. (Critical)
[Thu Jul 30 16:25:36 2026] You bash a sonic bat for 10 points of damage. (Critical)
[Thu Jul 30 16:25:36 2026] You bash a sonic bat for 1 point of damage.
[Thu Jul 30 16:25:37 2026] You kick a sonic bat for 16 points of damage.
[Thu Jul 30 16:25:37 2026] A sonic bat tries to bite YOU, but misses! (Riposte)
[Thu Jul 30 16:25:37 2026] Kober kicks a sonic bat for 31 points of damage.
[Thu Jul 30 16:25:37 2026] Kober bashes a sonic bat for 3 points of damage.
[Thu Jul 30 16:25:37 2026] Kober tries to slash a sonic bat, but misses!
[Thu Jul 30 16:25:37 2026] Kober slashes a sonic bat for 38 points of damage.
[Thu Jul 30 16:25:38 2026] You claw a sonic bat for 19 points of damage.
[Thu Jul 30 16:25:38 2026] A sonic bat tries to cleave YOU, but YOU dodge!
[Thu Jul 30 16:25:38 2026] Kober begins casting Root.
[Thu Jul 30 16:25:39 2026] You slash a sonic bat for 52 points of damage.
[Thu Jul 30 16:25:39 2026] A sonic bat tries to bite YOU, but misses!
[Thu Jul 30 16:25:39 2026] A sonic bat begins casting Sonic Scream.
[Thu Jul 30 16:25:39 2026] You resist a sonic bat's Sonic Scream!
[Thu Jul 30 16:25:40 2026] You try to strike a sonic bat, but miss!
[Thu Jul 30 16:25:40 2026] You claw a sonic bat for 26 points of damage.
[Thu Jul 30 16:25:40 2026] You try to claw a sonic bat, but miss!
[Thu Jul 30 16:25:40 2026] a sonic bat adheres to the ground.
[Thu Jul 30 16:25:40 2026] Kober slashes a sonic bat for 25 points of damage.
[Thu Jul 30 16:25:40 2026] Kober slashes a sonic bat for 27 points of damage.
[Thu Jul 30 16:25:40 2026] Kober tries to cleave a sonic bat, but misses!
[Thu Jul 30 16:25:41 2026] You smite a sonic bat for 13 points of damage.
[Thu Jul 30 16:25:41 2026] You hit a sonic bat for 147 points of magic damage by Smiting Strike.
[Thu Jul 30 16:25:41 2026] A sonic bat staggers.
[Thu Jul 30 16:25:41 2026] Kober slashes a sonic bat for 11 points of damage.
[Thu Jul 30 16:25:41 2026] You slash a sonic bat for 62 points of damage.
[Thu Jul 30 16:25:42 2026] You try to bash a sonic bat, but miss!
[Thu Jul 30 16:25:42 2026] A sonic bat tries to bash YOU, but misses!
[Thu Jul 30 16:25:42 2026] You kick a sonic bat for 61 points of damage.
[Thu Jul 30 16:25:42 2026] Your target has been stunned too recently for your stun to have full effect.
[Thu Jul 30 16:25:42 2026] You kick a sonic bat for 141 points of damage. (Critical)
[Thu Jul 30 16:25:43 2026] You try to claw a sonic bat, but miss!
[Thu Jul 30 16:25:43 2026] You claw a sonic bat for 38 points of damage.
[Thu Jul 30 16:25:43 2026] Kober tries to bash a sonic bat, but misses!
[Thu Jul 30 16:25:43 2026] Kober kicks a sonic bat for 26 points of damage.
[Thu Jul 30 16:25:43 2026] Kober slashes a sonic bat for 13 points of damage.
[Thu Jul 30 16:25:44 2026] You claw a sonic bat for 16 points of damage.
[Thu Jul 30 16:25:44 2026] You try to claw a sonic bat, but miss!
[Thu Jul 30 16:25:44 2026] You slash a sonic bat for 62 points of damage.
[Thu Jul 30 16:25:44 2026] You try to strike a sonic bat, but miss!
[Thu Jul 30 16:25:44 2026] You strike a sonic bat for 40 points of damage.
[Thu Jul 30 16:25:45 2026] A sonic bat tries to bite YOU, but YOU block!
[Thu Jul 30 16:25:45 2026] A sonic bat bites YOU for 32 points of damage.
[Thu Jul 30 16:25:45 2026] You try to claw a sonic bat, but miss!
[Thu Jul 30 16:25:45 2026] You claw a sonic bat for 14 points of damage.
[Thu Jul 30 16:25:45 2026] Kober slashes a sonic bat for 4 points of damage.
[Thu Jul 30 16:25:45 2026] Kober crushes a sonic bat for 24 points of damage.
[Thu Jul 30 16:25:46 2026] You try to claw a sonic bat, but miss!
[Thu Jul 30 16:25:47 2026] You slash a sonic bat for 83 points of damage.
[Thu Jul 30 16:25:47 2026] You slash a sonic bat for 43 points of damage.
[Thu Jul 30 16:25:47 2026] Kober slashes a sonic bat for 4 points of damage.
[Thu Jul 30 16:25:47 2026] Kober tries to slash a sonic bat, but misses!
[Thu Jul 30 16:25:47 2026] You try to claw a sonic bat, but a sonic bat dodges!
[Thu Jul 30 16:25:48 2026] You bash a sonic bat for 10 points of damage. (Critical)
[Thu Jul 30 16:25:48 2026] You kick a sonic bat for 48 points of damage.
[Thu Jul 30 16:25:48 2026] Kober tries to bash a sonic bat, but misses!
[Thu Jul 30 16:25:48 2026] Kober tries to bash a sonic bat, but misses!
[Thu Jul 30 16:25:48 2026] A sonic bat tries to bite YOU, but misses!
[Thu Jul 30 16:25:48 2026] A sonic bat tries to bite YOU, but misses!
[Thu Jul 30 16:25:49 2026] You strike a sonic bat for 44 points of damage. (Critical)
[Thu Jul 30 16:25:49 2026] You strike a sonic bat for 54 points of damage.
[Thu Jul 30 16:25:49 2026] You claw a sonic bat for 20 points of damage.
[Thu Jul 30 16:25:49 2026] Kober tries to kick a sonic bat, but misses!
[Thu Jul 30 16:25:49 2026] Kober tries to cleave a sonic bat, but misses!
[Thu Jul 30 16:25:49 2026] Kober tries to slash a sonic bat, but misses!
[Thu Jul 30 16:25:49 2026] Kober tries to crush a sonic bat, but misses!
[Thu Jul 30 16:25:49 2026] You try to slash a sonic bat, but miss!
[Thu Jul 30 16:25:49 2026] You slash a sonic bat for 62 points of damage.
[Thu Jul 30 16:25:50 2026] You claw a sonic bat for 18 points of damage.
[Thu Jul 30 16:25:51 2026] You hit a sonic bat for 26 points of magic damage by Lifetap Strike.
[Thu Jul 30 16:25:51 2026] A sonic bat staggers.
[Thu Jul 30 16:25:51 2026] You healed Primitive for 27 hit points by Lifetap Strike.
[Thu Jul 30 16:25:51 2026] You try to claw a sonic bat, but miss!
[Thu Jul 30 16:25:51 2026] You claw a sonic bat for 8 points of damage.
[Thu Jul 30 16:25:51 2026] You smite a sonic bat for 11 points of damage.
[Thu Jul 30 16:25:51 2026] You hit a sonic bat for 147 points of magic damage by Smiting Strike.
[Thu Jul 30 16:25:51 2026] A sonic bat staggers.
[Thu Jul 30 16:25:51 2026] You smite a sonic bat for 28 points of damage. (Critical)
[Thu Jul 30 16:25:51 2026] You hit a sonic bat for 147 points of magic damage by Smiting Strike.
[Thu Jul 30 16:25:51 2026] A sonic bat staggers.
[Thu Jul 30 16:25:51 2026] Kober tries to slash a sonic bat, but misses!
[Thu Jul 30 16:25:51 2026] Kober tries to slash a sonic bat, but misses!
[Thu Jul 30 16:25:51 2026] Kober tries to crush a sonic bat, but misses!
[Thu Jul 30 16:25:51 2026] Kober tries to crush a sonic bat, but misses!
[Thu Jul 30 16:25:51 2026] A sonic bat begins casting Sonic Scream.
[Thu Jul 30 16:25:51 2026] You are stunned!
[Thu Jul 30 16:25:51 2026] a sonic bat hit you for 19 points of magic damage by Sonic Scream.
[Thu Jul 30 16:25:51 2026] You are wracked with pain.
[Thu Jul 30 16:25:53 2026] Kober tries to slash a sonic bat, but misses!
[Thu Jul 30 16:25:53 2026] A sonic bat tries to bite YOU, but misses!
[Thu Jul 30 16:25:53 2026] A sonic bat tries to bite YOU, but misses!
[Thu Jul 30 16:25:54 2026] Kober bashes a sonic bat for 3 points of damage.
[Thu Jul 30 16:25:54 2026] Kober bashes a sonic bat for 3 points of damage.
[Thu Jul 30 16:25:54 2026] Kober tries to kick a sonic bat, but misses!
[Thu Jul 30 16:25:55 2026] Kober slashes a sonic bat for 16 points of damage.
[Thu Jul 30 16:25:55 2026] Kober crushes a sonic bat for 9 points of damage.
[Thu Jul 30 16:25:57 2026] Kober slashes a sonic bat for 22 points of damage.
[Thu Jul 30 16:25:57 2026] Kober crushes a sonic bat for 34 points of damage.
[Thu Jul 30 16:25:57 2026] Kober crushes a sonic bat for 34 points of damage.
[Thu Jul 30 16:25:57 2026] Kober tries to cleave a sonic bat, but misses!
[Thu Jul 30 16:25:57 2026] You are no longer stunned.
[Thu Jul 30 16:25:57 2026] You claw a sonic bat for 31 points of damage.
[Thu Jul 30 16:25:57 2026] You try to claw a sonic bat, but miss!
[Thu Jul 30 16:25:57 2026] You slash a sonic bat for 40 points of damage.
[Thu Jul 30 16:25:57 2026] You try to slash a sonic bat, but miss!
[Thu Jul 30 16:25:58 2026] You bash a sonic bat for 1 point of damage.
[Thu Jul 30 16:25:58 2026] You try to bash a sonic bat, but miss!
[Thu Jul 30 16:25:58 2026] You try to kick a sonic bat, but miss!
[Thu Jul 30 16:25:58 2026] You kick a sonic bat for 48 points of damage.
[Thu Jul 30 16:25:58 2026] You strike a sonic bat for 56 points of damage.
[Thu Jul 30 16:25:58 2026] You try to strike a sonic bat, but miss!
[Thu Jul 30 16:25:58 2026] Kober begins casting Stun.
[Thu Jul 30 16:25:59 2026] Your Djarn's Amethyst Ring (Exaltation) shimmers briefly.
[Thu Jul 30 16:25:59 2026] You begin casting Discordant Mind.
[Thu Jul 30 16:26:00 2026] You hit a sonic bat for 394 points of magic damage by Discordant Mind.
[Thu Jul 30 16:26:00 2026] A sonic bat's brain begins to melt.
[Thu Jul 30 16:26:00 2026] You have become better at Evocation! (205)
[Thu Jul 30 16:26:00 2026] You claw a sonic bat for 18 points of damage.
[Thu Jul 30 16:26:00 2026] A sonic bat bites YOU for 76 points of damage.
[Thu Jul 30 16:26:00 2026] A sonic bat tries to bite YOU, but YOU block!
[Thu Jul 30 16:26:00 2026] A sonic bat bashes YOU for 10 points of damage.
[Thu Jul 30 16:26:00 2026] You claw a sonic bat for 12 points of damage.
[Thu Jul 30 16:26:00 2026] A sonic bat bites YOU for 9 points of damage. (Riposte)
[Thu Jul 30 16:26:00 2026] a sonic bat is struck by a sudden force.
[Thu Jul 30 16:26:00 2026] Kober tries to slash a sonic bat, but misses!
[Thu Jul 30 16:26:00 2026] Kober tries to crush a sonic bat, but misses!
[Thu Jul 30 16:26:00 2026] Kober kicks a sonic bat for 16 points of damage.
[Thu Jul 30 16:26:00 2026] Kober bashes a sonic bat for 3 points of damage.
[Thu Jul 30 16:26:00 2026] You slash a sonic bat for 89 points of damage.
[Thu Jul 30 16:26:01 2026] Kober slashes a sonic bat for 6 points of damage.
[Thu Jul 30 16:26:01 2026] Kober crushes a sonic bat for 4 points of damage.
[Thu Jul 30 16:26:01 2026] Kober crushes a sonic bat for 36 points of damage.
[Thu Jul 30 16:26:01 2026] You smite a sonic bat for 18 points of damage.
[Thu Jul 30 16:26:01 2026] You hit a sonic bat for 147 points of magic damage by Smiting Strike.
[Thu Jul 30 16:26:01 2026] A sonic bat staggers.
[Thu Jul 30 16:26:01 2026] You try to smite a sonic bat, but miss!
[Thu Jul 30 16:26:01 2026] You hit a sonic bat for 26 points of magic damage by Lifetap Strike.
[Thu Jul 30 16:26:01 2026] A sonic bat staggers.
[Thu Jul 30 16:26:01 2026] You healed Primitive for 27 hit points by Lifetap Strike.
[Thu Jul 30 16:26:01 2026] You claw a sonic bat for 17 points of damage.
[Thu Jul 30 16:26:01 2026] Your target is too far away, get closer!
[Thu Jul 30 16:26:02 2026] You try to claw a sonic bat, but miss!
[Thu Jul 30 16:26:02 2026] You claw a sonic bat for 18 points of damage.
[Thu Jul 30 16:26:02 2026] You strike a sonic bat for 42 points of damage.
[Thu Jul 30 16:26:02 2026] You strike a sonic bat for 9 points of damage.
[Thu Jul 30 16:26:02 2026] Kober begins casting Root.
[Thu Jul 30 16:26:03 2026] Your target is too far away, get closer!
[Thu Jul 30 16:26:03 2026] You slash a sonic bat for 11 points of damage.
[Thu Jul 30 16:26:03 2026] You gain experience! (0.902%)
[Thu Jul 30 16:26:03 2026] You receive 5 silver from the corpse.
[Thu Jul 30 16:26:03 2026] You have slain a sonic bat!
[Thu Jul 30 16:26:03 2026] You looted 4 Giant Bat Fur from a sonic bat's corpse and sold it for 8 silver and 4 copper.
[Thu Jul 30 16:26:03 2026] You looted 3 Giant Bat Wing from a sonic bat's corpse and sold it for 4 silver and 2 copper.
[Thu Jul 30 16:26:05 2026] Your Golden Efreeti Boots (Exaltation) shimmers briefly.
[Thu Jul 30 16:26:05 2026] You begin casting Invisibility.
[Thu Jul 30 16:26:06 2026] A greater kobold shaman begins casting Inner Fire.
[Thu Jul 30 16:26:06 2026] You vanish.
[Thu Jul 30 16:26:39 2026] Targeted (Player): Kevin
[Thu Jul 30 16:26:39 2026] Stand close to and right click on the Player to inspect him. Use the /toggleinspect command to enable or disable right-click inspecting.
[Thu Jul 30 16:26:40 2026] You no longer have a target.
[Thu Jul 30 16:27:24 2026] You appear.
[Thu Jul 30 16:27:28 2026] You have been assigned the task 'Potential of the Void - Lord Nagafen - Weekly'.
[Thu Jul 30 16:27:38 2026] Player Primitive creating instance Nagafen's Lair 14414.
[Thu Jul 30 16:27:38 2026] Nagafen's Lair - Solo is now available to you.
[Thu Jul 30 16:27:46 2026] LOADING, PLEASE WAIT...
[Thu Jul 30 16:28:12 2026] You have entered Nagafen's Lair - Solo.
[Thu Jul 30 16:28:12 2026] Your illusion fades.
[Thu Jul 30 16:28:25 2026] You begin casting Boon of the Garou.
[Thu Jul 30 16:28:25 2026] Your target does not meet the spell requirements. Your target must be level 35 or higher.
[Thu Jul 30 16:28:26 2026] You begin casting Boon of the Garou.
[Thu Jul 30 16:28:27 2026] Your target does not meet the spell requirements. Your target must be level 35 or higher.
[Thu Jul 30 16:28:33 2026] You begin casting Boon of the Garou.
[Thu Jul 30 16:28:33 2026] You feel... strange.
[Thu Jul 30 16:28:33 2026] You have become better at Divination! (166)
[Thu Jul 30 16:28:36 2026] A fire giant warrior scowls at you, ready to attack -- what would you like your tombstone to say? (Lvl: 49)
[Thu Jul 30 16:28:36 2026] This creature would take considerable effort to defeat!
[Thu Jul 30 16:28:41 2026] Auto attack is on.
[Thu Jul 30 16:28:41 2026] Your target is too far away, get closer!
[Thu Jul 30 16:28:41 2026] Your target is too far away, get closer!
[Thu Jul 30 16:28:41 2026] A fire giant warrior tries to hit YOU, but misses!
[Thu Jul 30 16:28:41 2026] A fire giant warrior cleaves YOU for 68 points of damage.
[Thu Jul 30 16:28:41 2026] A fire giant warrior cleaves YOU for 108 points of damage.
[Thu Jul 30 16:28:41 2026] A fire giant warrior kicks YOU for 50 points of damage.
[Thu Jul 30 16:28:41 2026] A fire giant warrior bashes YOU for 22 points of damage.
[Thu Jul 30 16:28:41 2026] A fire giant warrior bashes YOU for 22 points of damage.
[Thu Jul 30 16:28:42 2026] You bash a fire giant warrior for 1 point of damage.
[Thu Jul 30 16:28:42 2026] You try to smite a fire giant warrior, but a fire giant warrior dodges!
[Thu Jul 30 16:28:42 2026] You smite a fire giant warrior for 22 points of damage.
[Thu Jul 30 16:28:42 2026] You hit a fire giant warrior for 147 points of magic damage by Smiting Strike.
[Thu Jul 30 16:28:42 2026] A fire giant warrior staggers.
[Thu Jul 30 16:28:42 2026] A fire giant warrior hits YOU for 62 points of damage. (Riposte)
[Thu Jul 30 16:28:42 2026] You try to claw a fire giant warrior, but miss!
[Thu Jul 30 16:28:42 2026] You strike a fire giant warrior for 79 points of damage. (Critical)
[Thu Jul 30 16:28:42 2026] You try to strike a fire giant warrior, but a fire giant warrior dodges!
[Thu Jul 30 16:28:42 2026] A fire giant warrior tries to hit Kober, but misses! (Riposte)
[Thu Jul 30 16:28:42 2026] Kober crushes a fire giant warrior for 12 points of damage.
[Thu Jul 30 16:28:42 2026] Kober crushes a fire giant warrior for 5 points of damage.
[Thu Jul 30 16:28:42 2026] Kober tries to cleave a fire giant warrior, but a fire giant warrior dodges!
[Thu Jul 30 16:28:42 2026] Kober tries to kick a fire giant warrior, but misses!
[Thu Jul 30 16:28:42 2026] You try to claw a fire giant warrior, but a fire giant warrior dodges!
[Thu Jul 30 16:28:42 2026] Kober bashes a fire giant warrior for 3 points of damage.
[Thu Jul 30 16:28:42 2026] Kober bashes a fire giant warrior for 3 points of damage.
[Thu Jul 30 16:28:43 2026] You can't use that command right now...
[Thu Jul 30 16:28:43 2026] You begin casting Tashani.
[Thu Jul 30 16:28:43 2026] a fire giant warrior glances nervously about.
[Thu Jul 30 16:28:43 2026] You try to claw a fire giant warrior, but miss!
[Thu Jul 30 16:28:44 2026] You try to slash a fire giant warrior, but miss!
[Thu Jul 30 16:28:44 2026] Kober tries to slash a fire giant warrior, but misses!
[Thu Jul 30 16:28:44 2026] A fire giant warrior hits YOU for 61 points of damage.
[Thu Jul 30 16:28:44 2026] A fire giant warrior hits YOU for 108 points of damage.
[Thu Jul 30 16:28:44 2026] You begin to change your stance.
[Thu Jul 30 16:28:45 2026] You assume a striker stance.
[Thu Jul 30 16:28:45 2026] You claw a fire giant warrior for 12 points of damage.
[Thu Jul 30 16:28:46 2026] You can't use that command right now...
[Thu Jul 30 16:28:46 2026] You try to strike a fire giant warrior, but miss!
[Thu Jul 30 16:28:46 2026] Your Djarn's Amethyst Ring (Exaltation) shimmers briefly.
[Thu Jul 30 16:28:46 2026] You begin casting Shiftless Deeds.
[Thu Jul 30 16:28:46 2026] You can't use that command right now...
[Thu Jul 30 16:28:46 2026] You can't use that command right now...
[Thu Jul 30 16:28:46 2026] You can't use that command right now...
[Thu Jul 30 16:28:46 2026] Kober tries to slash a fire giant warrior, but misses!
[Thu Jul 30 16:28:46 2026] Kober tries to crush a fire giant warrior, but misses!
[Thu Jul 30 16:28:46 2026] You can't use that command right now...
[Thu Jul 30 16:28:47 2026] A fire giant warrior tries to hit YOU, but misses!
[Thu Jul 30 16:28:47 2026] A fire giant warrior tries to hit YOU, but misses!
[Thu Jul 30 16:28:47 2026] a fire giant warrior slows down.
[Thu Jul 30 16:28:47 2026] You claw a fire giant warrior for 33 points of damage.
[Thu Jul 30 16:28:47 2026] You try to claw a fire giant warrior, but miss!
[Thu Jul 30 16:28:47 2026] You try to slash a fire giant warrior, but miss!
[Thu Jul 30 16:28:48 2026] You bash a fire giant warrior for 5 points of damage.
[Thu Jul 30 16:28:48 2026] You kick a fire giant warrior for 240 points of damage.
[Thu Jul 30 16:28:48 2026] You try to kick a fire giant warrior, but a fire giant warrior parries!
[Thu Jul 30 16:28:48 2026] Kober tries to kick a fire giant warrior, but a fire giant warrior dodges!
[Thu Jul 30 16:28:48 2026] Kober tries to kick a fire giant warrior, but a fire giant warrior parries!
[Thu Jul 30 16:28:48 2026] Kober tries to bash a fire giant warrior, but a fire giant warrior dodges!
[Thu Jul 30 16:28:48 2026] Kober tries to bash a fire giant warrior, but misses!
[Thu Jul 30 16:28:48 2026] Kober tries to slash a fire giant warrior, but misses!
[Thu Jul 30 16:28:48 2026] Kober tries to crush a fire giant warrior, but misses!
[Thu Jul 30 16:28:48 2026] Kober tries to crush a fire giant warrior, but misses!
[Thu Jul 30 16:28:49 2026] You try to claw a fire giant warrior, but miss!
[Thu Jul 30 16:28:49 2026] You try to claw a fire giant warrior, but miss!
[Thu Jul 30 16:28:49 2026] You slash a fire giant warrior for 48 points of damage.
[Thu Jul 30 16:28:50 2026] A fire giant warrior tries to bash YOU, but misses!
[Thu Jul 30 16:28:50 2026] A fire giant warrior tries to bash YOU, but misses!
[Thu Jul 30 16:28:50 2026] Kober begins casting Stun.
[Thu Jul 30 16:28:50 2026] You try to claw a fire giant warrior, but miss!
[Thu Jul 30 16:28:50 2026] You claw a fire giant warrior for 11 points of damage.
[Thu Jul 30 16:28:50 2026] A fire giant warrior tries to kick YOU, but misses!
[Thu Jul 30 16:28:50 2026] You strike a fire giant warrior for 160 points of damage.
[Thu Jul 30 16:28:51 2026] a fire giant warrior is struck by a sudden force.
[Thu Jul 30 16:28:51 2026] Kober slashes a fire giant warrior for 38 points of damage.
[Thu Jul 30 16:28:51 2026] Kober slashes a fire giant warrior for 34 points of damage.
[Thu Jul 30 16:28:51 2026] Kober cleaves a fire giant warrior for 4 points of damage.
[Thu Jul 30 16:28:51 2026] You try to claw a fire giant warrior, but miss!
[Thu Jul 30 16:28:51 2026] You smite a fire giant warrior for 23 points of damage.
[Thu Jul 30 16:28:51 2026] You hit a fire giant warrior for 147 points of magic damage by Smiting Strike.
[Thu Jul 30 16:28:51 2026] A fire giant warrior staggers.
[Thu Jul 30 16:28:52 2026] You try to slash a fire giant warrior, but miss!
[Thu Jul 30 16:28:52 2026] Kober tries to slash a fire giant warrior, but misses!
[Thu Jul 30 16:28:52 2026] You try to claw a fire giant warrior, but miss!
[Thu Jul 30 16:28:52 2026] You try to claw a fire giant warrior, but miss!
[Thu Jul 30 16:28:53 2026] A fire giant warrior tries to hit YOU, but YOU block!
[Thu Jul 30 16:28:53 2026] A fire giant warrior tries to hit YOU, but misses!
[Thu Jul 30 16:28:53 2026] You bash a fire giant warrior for 5 points of damage.
[Thu Jul 30 16:28:53 2026] You try to bash a fire giant warrior, but miss!
[Thu Jul 30 16:28:53 2026] A fire giant warrior tries to cleave YOU, but misses!
[Thu Jul 30 16:28:53 2026] A fire giant warrior tries to cleave Kober, but misses!
[Thu Jul 30 16:28:53 2026] A fire giant warrior cleaves Kober for 171 points of damage.
[Thu Jul 30 16:28:53 2026] You claw a fire giant warrior for 18 points of damage.
[Thu Jul 30 16:28:53 2026] You try to claw a fire giant warrior, but miss!
[Thu Jul 30 16:28:54 2026] You kick a fire giant warrior for 240 points of damage.
[Thu Jul 30 16:28:54 2026] Kober bashes a fire giant warrior for 3 points of damage.
[Thu Jul 30 16:28:54 2026] Kober bashes a fire giant warrior for 3 points of damage.
[Thu Jul 30 16:28:54 2026] Kober tries to slash a fire giant warrior, but a fire giant warrior parries!
[Thu Jul 30 16:28:54 2026] Kober tries to slash a fire giant warrior, but misses!
[Thu Jul 30 16:28:54 2026] Kober kicks a fire giant warrior for 25 points of damage.
[Thu Jul 30 16:28:54 2026] Kober tries to kick a fire giant warrior, but misses!
[Thu Jul 30 16:28:54 2026] You hit a fire giant warrior for 26 points of magic damage by Lifetap Strike.
[Thu Jul 30 16:28:54 2026] A fire giant warrior staggers.
[Thu Jul 30 16:28:54 2026] You healed Primitive for 27 hit points by Lifetap Strike.
[Thu Jul 30 16:28:54 2026] You slash a fire giant warrior for 40 points of damage.
[Thu Jul 30 16:28:55 2026] A fire giant warrior hits YOU for 12 points of damage. (Riposte)
[Thu Jul 30 16:28:55 2026] You claw a fire giant warrior for 42 points of damage.
[Thu Jul 30 16:28:56 2026] Kober tries to slash a fire giant warrior, but misses!
[Thu Jul 30 16:28:57 2026] You slash a fire giant warrior for 45 points of damage.
[Thu Jul 30 16:28:57 2026] You claw a fire giant warrior for 18 points of damage.
[Thu Jul 30 16:28:57 2026] You try to claw a fire giant warrior, but miss!
[Thu Jul 30 16:28:58 2026] Kober tries to slash a fire giant warrior, but misses!
[Thu Jul 30 16:28:58 2026] You claw a fire giant warrior for 8 points of damage.
[Thu Jul 30 16:28:58 2026] You claw a fire giant warrior for 23 points of damage. (Critical)
[Thu Jul 30 16:28:59 2026] You bash a fire giant warrior for 5 points of damage.
[Thu Jul 30 16:28:59 2026] You strike a fire giant warrior for 186 points of damage. (Critical)
[Thu Jul 30 16:28:59 2026] A fire giant warrior tries to hit YOU, but YOU riposte!
[Thu Jul 30 16:28:59 2026] You slash a fire giant warrior for 71 points of damage. (Riposte Critical)
[Thu Jul 30 16:28:59 2026] A fire giant warrior hits YOU for 112 points of damage.
[Thu Jul 30 16:28:59 2026] Kober bashes a fire giant warrior for 3 points of damage.
[Thu Jul 30 16:28:59 2026] You claw a fire giant warrior for 1 point of damage.
[Thu Jul 30 16:28:59 2026] Kober cleaves a fire giant warrior for 38 points of damage.
[Thu Jul 30 16:28:59 2026] You slash a fire giant warrior for 50 points of damage.
[Thu Jul 30 16:29:00 2026] You try to kick a fire giant warrior, but a fire giant warrior dodges!
[Thu Jul 30 16:29:00 2026] You try to kick a fire giant warrior, but a fire giant warrior dodges!
[Thu Jul 30 16:29:00 2026] Kober kicks a fire giant warrior for 23 points of damage.
[Thu Jul 30 16:29:00 2026] Kober slashes a fire giant warrior for 33 points of damage.
[Thu Jul 30 16:29:00 2026] Kober tries to slash a fire giant warrior, but misses!
[Thu Jul 30 16:29:00 2026] You claw a fire giant warrior for 10 points of damage.
[Thu Jul 30 16:29:00 2026] You claw a fire giant warrior for 15 points of damage.
[Thu Jul 30 16:29:01 2026] You try to smite a fire giant warrior, but miss!
[Thu Jul 30 16:29:01 2026] You smite a fire giant warrior for 24 points of damage.
[Thu Jul 30 16:29:01 2026] You hit a fire giant warrior for 147 points of magic damage by Smiting Strike.
[Thu Jul 30 16:29:01 2026] A fire giant warrior staggers.
[Thu Jul 30 16:29:01 2026] Kober begins casting Root.
[Thu Jul 30 16:29:02 2026] You claw a fire giant warrior for 24 points of damage.
[Thu Jul 30 16:29:02 2026] You try to claw a fire giant warrior, but a fire giant warrior dodges!
[Thu Jul 30 16:29:02 2026] You try to slash a fire giant warrior, but miss!
[Thu Jul 30 16:29:02 2026] You try to slash a fire giant warrior, but miss!
[Thu Jul 30 16:29:03 2026] You claw a fire giant warrior for 18 points of damage.
[Thu Jul 30 16:29:03 2026] You claw a fire giant warrior for 18 points of damage.
[Thu Jul 30 16:29:03 2026] You strike a fire giant warrior for 245 points of damage.
[Thu Jul 30 16:29:03 2026] You strike a fire giant warrior for 125 points of damage.
[Thu Jul 30 16:29:04 2026] A fire giant warrior resisted Kober's Root!
[Thu Jul 30 16:29:04 2026] Kober slashes a fire giant warrior for 31 points of damage.
[Thu Jul 30 16:29:04 2026] Kober tries to slash a fire giant warrior, but misses!
[Thu Jul 30 16:29:04 2026] Kober tries to slash a fire giant warrior, but misses!
[Thu Jul 30 16:29:04 2026] Kober slashes a fire giant warrior for 6 points of damage.
[Thu Jul 30 16:29:04 2026] Kober tries to crush a fire giant warrior, but misses!
[Thu Jul 30 16:29:04 2026] Kober tries to crush a fire giant warrior, but misses!
[Thu Jul 30 16:29:04 2026] You try to claw a fire giant warrior, but a fire giant warrior parries!
[Thu Jul 30 16:29:04 2026] You claw a fire giant warrior for 18 points of damage.
[Thu Jul 30 16:29:04 2026] You bash a fire giant warrior for 5 points of damage.
[Thu Jul 30 16:29:05 2026] A fire giant warrior tries to hit YOU, but misses!
[Thu Jul 30 16:29:05 2026] A fire giant warrior tries to hit YOU, but misses!
[Thu Jul 30 16:29:05 2026] You try to slash a fire giant warrior, but miss!
[Thu Jul 30 16:29:05 2026] You slash a fire giant warrior for 36 points of damage.
[Thu Jul 30 16:29:05 2026] Kober bashes a fire giant warrior for 3 points of damage.
[Thu Jul 30 16:29:05 2026] A fire giant warrior tries to bash YOU, but YOU block!
[Thu Jul 30 16:29:05 2026] A fire giant warrior tries to bash YOU, but misses!
[Thu Jul 30 16:29:05 2026] You claw a fire giant warrior for 18 points of damage.
[Thu Jul 30 16:29:05 2026] You claw a fire giant warrior for 18 points of damage.
[Thu Jul 30 16:29:05 2026] You try to kick a fire giant warrior, but miss!
[Thu Jul 30 16:29:05 2026] Kober kicks a fire giant warrior for 7 points of damage.
[Thu Jul 30 16:29:05 2026] Kober tries to kick a fire giant warrior, but misses!
[Thu Jul 30 16:29:06 2026] A fire giant warrior tries to kick YOU, but misses!
[Thu Jul 30 16:29:06 2026] A fire giant warrior tries to kick YOU, but YOU riposte!
[Thu Jul 30 16:29:06 2026] You slash a fire giant warrior for 100 points of damage. (Riposte)
[Thu Jul 30 16:29:06 2026] Kober slashes a fire giant warrior for 6 points of damage.
[Thu Jul 30 16:29:06 2026] Kober tries to slash a fire giant warrior, but misses!
[Thu Jul 30 16:29:06 2026] You claw a fire giant warrior for 23 points of damage. (Critical)
[Thu Jul 30 16:29:07 2026] You try to strike a fire giant warrior, but miss!
[Thu Jul 30 16:29:07 2026] A fire giant warrior hits YOU for 68 points of damage. (Riposte)
[Thu Jul 30 16:29:08 2026] You claw a fire giant warrior for 23 points of damage.
[Thu Jul 30 16:29:08 2026] You claw a fire giant warrior for 10 points of damage.
[Thu Jul 30 16:29:08 2026] Kober tries to cleave a fire giant warrior, but misses!
[Thu Jul 30 16:29:08 2026] Kober tries to slash a fire giant warrior, but misses!
[Thu Jul 30 16:29:08 2026] Kober tries to crush a fire giant warrior, but misses!
[Thu Jul 30 16:29:08 2026] Kober crushes a fire giant warrior for 22 points of damage.
[Thu Jul 30 16:29:10 2026] You bash a fire giant warrior for 5 points of damage.
[Thu Jul 30 16:29:10 2026] You try to bash a fire giant warrior, but miss!
[Thu Jul 30 16:29:10 2026] You try to claw a fire giant warrior, but miss!
[Thu Jul 30 16:29:10 2026] You claw a fire giant warrior for 9 points of damage.
[Thu Jul 30 16:29:10 2026] You slash a fire giant warrior for 62 points of damage.
[Thu Jul 30 16:29:10 2026] Kober slashes a fire giant warrior for 18 points of damage.
[Thu Jul 30 16:29:10 2026] A fire giant warrior tries to hit YOU, but misses!
[Thu Jul 30 16:29:10 2026] A fire giant warrior tries to hit YOU, but misses!
[Thu Jul 30 16:29:10 2026] Kober tries to bash a fire giant warrior, but misses!
[Thu Jul 30 16:29:11 2026] You try to claw a fire giant warrior, but miss!
[Thu Jul 30 16:29:11 2026] You claw a fire giant warrior for 9 points of damage.
[Thu Jul 30 16:29:11 2026] Kober kicks a fire giant warrior for 20 points of damage.
[Thu Jul 30 16:29:11 2026] You try to kick a fire giant warrior, but a fire giant warrior dodges!
[Thu Jul 30 16:29:11 2026] You smite a fire giant warrior for 24 points of damage.
[Thu Jul 30 16:29:11 2026] You hit a fire giant warrior for 147 points of magic damage by Smiting Strike.
[Thu Jul 30 16:29:11 2026] A fire giant warrior staggers.
[Thu Jul 30 16:29:11 2026] A fire giant warrior tries to hit YOU, but misses! (Riposte)
[Thu Jul 30 16:29:12 2026] Kober slashes a fire giant warrior for 36 points of damage.
[Thu Jul 30 16:29:12 2026] Kober tries to crush a fire giant warrior, but misses!
[Thu Jul 30 16:29:12 2026] Kober crushes a fire giant warrior for 21 points of damage.
[Thu Jul 30 16:29:12 2026] You claw a fire giant warrior for 15 points of damage.
[Thu Jul 30 16:29:12 2026] You try to slash a fire giant warrior, but miss!
[Thu Jul 30 16:29:14 2026] Kober slashes a fire giant warrior for 4 points of damage.
[Thu Jul 30 16:29:14 2026] Kober tries to crush a fire giant warrior, but a fire giant warrior dodges!
[Thu Jul 30 16:29:14 2026] Kober tries to crush a fire giant warrior, but misses!
[Thu Jul 30 16:29:14 2026] You try to claw a fire giant warrior, but miss!
[Thu Jul 30 16:29:14 2026] You claw a fire giant warrior for 24 points of damage.
[Thu Jul 30 16:29:15 2026] You slash a fire giant warrior for 51 points of damage.
[Thu Jul 30 16:29:15 2026] You bash a fire giant warrior for 14 points of damage. (Critical)
[Thu Jul 30 16:29:16 2026] You forget Invisibility.
[Thu Jul 30 16:29:16 2026] You strike a fire giant warrior for 170 points of damage.
[Thu Jul 30 16:29:16 2026] You claw a fire giant warrior for 16 points of damage.
[Thu Jul 30 16:29:16 2026] You claw a fire giant warrior for 6 points of damage.
[Thu Jul 30 16:29:16 2026] Kober slashes a fire giant warrior for 15 points of damage.
[Thu Jul 30 16:29:16 2026] Kober tries to cleave a fire giant warrior, but misses!
[Thu Jul 30 16:29:16 2026] A fire giant warrior tries to hit Kober, but misses! (Riposte)
[Thu Jul 30 16:29:16 2026] A fire giant warrior hits YOU for 112 points of damage.
[Thu Jul 30 16:29:16 2026] A fire giant warrior tries to hit YOU, but misses!
[Thu Jul 30 16:29:16 2026] A fire giant warrior cleaves YOU for 104 points of damage.
[Thu Jul 30 16:29:16 2026] A fire giant warrior tries to cleave YOU, but misses!
[Thu Jul 30 16:29:16 2026] A fire giant warrior tries to cleave Kober, but misses!
[Thu Jul 30 16:29:17 2026] Kober tries to kick a fire giant warrior, but misses!
[Thu Jul 30 16:29:17 2026] You try to claw a fire giant warrior, but miss!
[Thu Jul 30 16:29:17 2026] You try to claw a fire giant warrior, but miss!
[Thu Jul 30 16:29:17 2026] You kick a fire giant warrior for 278 points of damage. (Critical)
[Thu Jul 30 16:29:17 2026] You kick a fire giant warrior for 240 points of damage.
[Thu Jul 30 16:29:18 2026] You try to slash a fire giant warrior, but miss!
[Thu Jul 30 16:29:18 2026] Kober begins casting Stun.
[Thu Jul 30 16:29:18 2026] You claw a fire giant warrior for 3 points of damage.
[Thu Jul 30 16:29:18 2026] You claw a fire giant warrior for 5 points of damage.
[Thu Jul 30 16:29:19 2026] a fire giant warrior is struck by a sudden force.
[Thu Jul 30 16:29:19 2026] Kober tries to slash a fire giant warrior, but misses!
[Thu Jul 30 16:29:19 2026] You claw a fire giant warrior for 15 points of damage.
[Thu Jul 30 16:29:20 2026] Kober slashes a fire giant warrior for 4 points of damage.
[Thu Jul 30 16:29:20 2026] You try to strike a fire giant warrior, but a fire giant warrior parries!
[Thu Jul 30 16:29:20 2026] You slash a fire giant warrior for 160 points of damage. (Critical)
[Thu Jul 30 16:29:20 2026] A fire giant warrior bashes YOU for 24 points of damage.
[Thu Jul 30 16:29:20 2026] A fire giant warrior tries to bash YOU, but misses!
[Thu Jul 30 16:29:20 2026] You claw a fire giant warrior for 14 points of damage.
[Thu Jul 30 16:29:20 2026] You claw a fire giant warrior for 33 points of damage.
[Thu Jul 30 16:29:21 2026] You bash a fire giant warrior for 14 points of damage. (Critical)
[Thu Jul 30 16:29:21 2026] You bash a fire giant warrior for 5 points of damage.
[Thu Jul 30 16:29:21 2026] A fire giant warrior kicks YOU for 31 points of damage.
[Thu Jul 30 16:29:21 2026] You try to smite a fire giant warrior, but miss!
[Thu Jul 30 16:29:21 2026] You try to smite a fire giant warrior, but a fire giant warrior dodges!
[Thu Jul 30 16:29:21 2026] You claw a fire giant warrior for 35 points of damage.
[Thu Jul 30 16:29:21 2026] Kober slashes a fire giant warrior for 29 points of damage.
[Thu Jul 30 16:29:21 2026] A fire giant warrior tries to hit Kober, but Kober blocks!
[Thu Jul 30 16:29:21 2026] Kober tries to slash a fire giant warrior, but misses!
[Thu Jul 30 16:29:22 2026] A fire giant warrior hits YOU for 60 points of damage.
[Thu Jul 30 16:29:22 2026] A fire giant warrior tries to hit YOU, but misses!
[Thu Jul 30 16:29:22 2026] Your Djarn's Amethyst Ring (Exaltation) shimmers briefly.
[Thu Jul 30 16:29:22 2026] You begin casting Discordant Mind.
[Thu Jul 30 16:29:23 2026] Kober kicks a fire giant warrior for 25 points of damage.
[Thu Jul 30 16:29:23 2026] You hit a fire giant warrior for 394 points of magic damage by Discordant Mind.
[Thu Jul 30 16:29:23 2026] A fire giant warrior's brain begins to melt.
[Thu Jul 30 16:29:23 2026] You claw a fire giant warrior for 32 points of damage.
[Thu Jul 30 16:29:23 2026] You claw a fire giant warrior for 21 points of damage.
[Thu Jul 30 16:29:23 2026] You try to slash a fire giant warrior, but miss!
[Thu Jul 30 16:29:23 2026] You slash a fire giant warrior for 100 points of damage. (Critical)
[Thu Jul 30 16:29:23 2026] You kick a fire giant warrior for 15 points of damage.
[Thu Jul 30 16:29:23 2026] You kick a fire giant warrior for 230 points of damage.
[Thu Jul 30 16:29:24 2026] Kober tries to slash a fire giant warrior, but misses!
[Thu Jul 30 16:29:24 2026] Kober slashes a fire giant warrior for 38 points of damage.
[Thu Jul 30 16:29:24 2026] Kober tries to crush a fire giant warrior, but misses!
[Thu Jul 30 16:29:24 2026] You try to claw a fire giant warrior, but miss!
[Thu Jul 30 16:29:24 2026] You strike a fire giant warrior for 125 points of damage.
[Thu Jul 30 16:29:24 2026] You strike a fire giant warrior for 80 points of damage.
[Thu Jul 30 16:29:24 2026] Kober tries to cleave a fire giant warrior, but misses!
[Thu Jul 30 16:29:25 2026] You claw a fire giant warrior for 10 points of damage.
[Thu Jul 30 16:29:25 2026] You claw a fire giant warrior for 13 points of damage.
[Thu Jul 30 16:29:25 2026] You slash a fire giant warrior for 101 points of damage.
[Thu Jul 30 16:29:25 2026] A fire giant warrior hits YOU for 47 points of damage. (Riposte)
[Thu Jul 30 16:29:25 2026] Kober slashes a fire giant warrior for 27 points of damage.
[Thu Jul 30 16:29:25 2026] Kober crushes a fire giant warrior for 24 points of damage.
[Thu Jul 30 16:29:25 2026] Kober tries to crush a fire giant warrior, but misses!
[Thu Jul 30 16:29:25 2026] Kober begins casting Root.
[Thu Jul 30 16:29:26 2026] You try to bash a fire giant warrior, but miss!
[Thu Jul 30 16:29:26 2026] You claw a fire giant warrior for 32 points of damage. (Critical)
[Thu Jul 30 16:29:27 2026] You try to claw a fire giant warrior, but miss!
[Thu Jul 30 16:29:27 2026] A fire giant warrior tries to hit YOU, but misses!
[Thu Jul 30 16:29:27 2026] A fire giant warrior tries to hit YOU, but YOU block!
[Thu Jul 30 16:29:27 2026] a fire giant warrior adheres to the ground.
[Thu Jul 30 16:29:27 2026] Kober slashes a fire giant warrior for 4 points of damage.
[Thu Jul 30 16:29:27 2026] Kober slashes a fire giant warrior for 38 points of damage.
[Thu Jul 30 16:29:28 2026] You can't use that command right now...
[Thu Jul 30 16:29:28 2026] Your Djarn's Amethyst Ring (Exaltation) shimmers briefly.
[Thu Jul 30 16:29:28 2026] You begin casting Discordant Mind.
[Thu Jul 30 16:29:28 2026] Kober tries to bash a fire giant warrior, but misses!
[Thu Jul 30 16:29:28 2026] A fire giant warrior tries to hit Kober, but misses! (Riposte)
[Thu Jul 30 16:29:28 2026] Kober slashes a fire giant warrior for 14 points of damage.
[Thu Jul 30 16:29:29 2026] You hit a fire giant warrior for 394 points of magic damage by Discordant Mind.
[Thu Jul 30 16:29:29 2026] A fire giant warrior's brain begins to melt.
[Thu Jul 30 16:29:29 2026] You claw a fire giant warrior for 5 points of damage.
[Thu Jul 30 16:29:29 2026] You hit a fire giant warrior for 26 points of magic damage by Lifetap Strike.
[Thu Jul 30 16:29:29 2026] A fire giant warrior staggers.
[Thu Jul 30 16:29:29 2026] You healed Primitive for 27 hit points by Lifetap Strike.
[Thu Jul 30 16:29:29 2026] You slash a fire giant warrior for 38 points of damage.
[Thu Jul 30 16:29:29 2026] You strike a fire giant warrior for 95 points of damage. (Critical)
[Thu Jul 30 16:29:29 2026] You strike a fire giant warrior for 175 points of damage.
[Thu Jul 30 16:29:29 2026] You try to kick a fire giant warrior, but miss!
[Thu Jul 30 16:29:29 2026] You kick a fire giant warrior for 220 points of damage.
[Thu Jul 30 16:29:29 2026] Kober slashes a fire giant warrior for 29 points of damage.
[Thu Jul 30 16:29:29 2026] Kober tries to slash a fire giant warrior, but misses!
[Thu Jul 30 16:29:29 2026] Kober crushes a fire giant warrior for 12 points of damage.
[Thu Jul 30 16:29:30 2026] You claw a fire giant warrior for 8 points of damage.
[Thu Jul 30 16:29:31 2026] You slash a fire giant warrior for 19 points of damage.
[Thu Jul 30 16:29:31 2026] You claw a fire giant warrior for 12 points of damage.
[Thu Jul 30 16:29:31 2026] You claw a fire giant warrior for 18 points of damage.
[Thu Jul 30 16:29:31 2026] Kober slashes a fire giant warrior for 11 points of damage.
[Thu Jul 30 16:29:31 2026] Kober crushes a fire giant warrior for 29 points of damage.
[Thu Jul 30 16:29:31 2026] A fire giant warrior tries to hit YOU, but YOU block!
[Thu Jul 30 16:29:31 2026] You claw a fire giant warrior for 38 points of damage.
[Thu Jul 30 16:29:32 2026] You try to bash a fire giant warrior, but miss!
[Thu Jul 30 16:29:33 2026] Kober cleaves a fire giant warrior for 4 points of damage.
[Thu Jul 30 16:29:33 2026] You can't use that command right now...
[Thu Jul 30 16:29:33 2026] Your Djarn's Amethyst Ring (Exaltation) shimmers briefly.
[Thu Jul 30 16:29:33 2026] You begin casting Discordant Mind.
[Thu Jul 30 16:29:33 2026] A fire giant warrior hits YOU for 112 points of damage.
[Thu Jul 30 16:29:33 2026] A fire giant warrior tries to hit YOU, but misses!
[Thu Jul 30 16:29:33 2026] Kober tries to slash a fire giant warrior, but misses!
[Thu Jul 30 16:29:34 2026] Kober tries to bash a fire giant warrior, but misses!
[Thu Jul 30 16:29:34 2026] Kober tries to kick a fire giant warrior, but misses!
[Thu Jul 30 16:29:34 2026] You regain your concentration and continue your casting.
[Thu Jul 30 16:29:34 2026] You hit a fire giant warrior for 1024 points of magic damage by Discordant Mind. (Critical)
[Thu Jul 30 16:29:34 2026] A fire giant warrior's brain begins to melt.
[Thu Jul 30 16:29:34 2026] You claw a fire giant warrior for 11 points of damage.
[Thu Jul 30 16:29:34 2026] You try to slash a fire giant warrior, but miss!
[Thu Jul 30 16:29:34 2026] You try to slash a fire giant warrior, but a fire giant warrior parries!
[Thu Jul 30 16:29:34 2026] You strike a fire giant warrior for 275 points of damage.
[Thu Jul 30 16:29:34 2026] You strike a fire giant warrior for 290 points of damage.
[Thu Jul 30 16:29:34 2026] You claw a fire giant warrior for 36 points of damage.
[Thu Jul 30 16:29:35 2026] You try to kick a fire giant warrior, but miss!
[Thu Jul 30 16:29:35 2026] Kober tries to slash a fire giant warrior, but misses!
[Thu Jul 30 16:29:36 2026] A fire giant warrior bashes YOU for 24 points of damage.
[Thu Jul 30 16:29:36 2026] A fire giant warrior tries to bash YOU, but misses!
[Thu Jul 30 16:29:36 2026] You try to slash a fire giant warrior, but miss!
[Thu Jul 30 16:29:36 2026] You slash a fire giant warrior for 62 points of damage.
[Thu Jul 30 16:29:37 2026] You claw a fire giant warrior for 18 points of damage.
[Thu Jul 30 16:29:37 2026] You bash a fire giant warrior for 5 points of damage.
[Thu Jul 30 16:29:37 2026] Kober slashes a fire giant warrior for 18 points of damage.
[Thu Jul 30 16:29:37 2026] Kober slashes a fire giant warrior for 9 points of damage.
[Thu Jul 30 16:29:37 2026] Kober crushes a fire giant warrior for 36 points of damage.
[Thu Jul 30 16:29:37 2026] A fire giant warrior kicks YOU for 55 points of damage.
[Thu Jul 30 16:29:37 2026] A fire giant warrior kicks YOU for 34 points of damage.
[Thu Jul 30 16:29:38 2026] Kober begins casting Stun.
[Thu Jul 30 16:29:38 2026] You try to claw a fire giant warrior, but miss!
[Thu Jul 30 16:29:38 2026] You try to claw a fire giant warrior, but a fire giant warrior dodges!
[Thu Jul 30 16:29:38 2026] You can't use that command right now...
[Thu Jul 30 16:29:38 2026] Your Djarn's Amethyst Ring (Exaltation) shimmers briefly.
[Thu Jul 30 16:29:38 2026] You begin casting Discordant Mind.
[Thu Jul 30 16:29:38 2026] You can't use that command right now...
[Thu Jul 30 16:29:39 2026] A fire giant warrior hits YOU for 53 points of damage.
[Thu Jul 30 16:29:39 2026] A fire giant warrior hits YOU for 67 points of damage.
[Thu Jul 30 16:29:39 2026] a fire giant warrior is struck by a sudden force.
[Thu Jul 30 16:29:39 2026] Kober tries to bash a fire giant warrior, but misses!
[Thu Jul 30 16:29:39 2026] A fire giant warrior tries to hit Kober, but misses! (Riposte)
[Thu Jul 30 16:29:39 2026] Kober tries to slash a fire giant warrior, but misses!
[Thu Jul 30 16:29:39 2026] Kober tries to crush a fire giant warrior, but a fire giant warrior dodges!
[Thu Jul 30 16:29:39 2026] You regain your concentration and continue your casting.
[Thu Jul 30 16:29:39 2026] You hit a fire giant warrior for 394 points of magic damage by Discordant Mind.
[Thu Jul 30 16:29:39 2026] A fire giant warrior's brain begins to melt.
[Thu Jul 30 16:29:39 2026] You try to claw a fire giant warrior, but a fire giant warrior dodges!
[Thu Jul 30 16:29:39 2026] You try to claw a fire giant warrior, but miss!
[Thu Jul 30 16:29:39 2026] You hit a fire giant warrior for 68 points of magic damage by Lifetap Strike. (Critical)
[Thu Jul 30 16:29:39 2026] A fire giant warrior staggers.
[Thu Jul 30 16:29:39 2026] You healed Primitive for 70 hit points by Lifetap Strike.
[Thu Jul 30 16:29:39 2026] You slash a fire giant warrior for 74 points of damage.
[Thu Jul 30 16:29:39 2026] You slash a fire giant warrior for 93 points of damage.
[Thu Jul 30 16:29:39 2026] You strike a fire giant warrior for 110 points of damage.
[Thu Jul 30 16:29:40 2026] A fire giant warrior cleaves YOU for 53 points of damage.
[Thu Jul 30 16:29:40 2026] A fire giant warrior cleaves Kober for 171 points of damage.
[Thu Jul 30 16:29:40 2026] A fire giant warrior cleaves Kober for 171 points of damage.
[Thu Jul 30 16:29:40 2026] Kober tries to kick a fire giant warrior, but misses!
[Thu Jul 30 16:29:41 2026] You kick a fire giant warrior for 170 points of damage.
[Thu Jul 30 16:29:41 2026] You kick a fire giant warrior for 10 points of damage.
[Thu Jul 30 16:29:41 2026] Kober cleaves a fire giant warrior for 9 points of damage.
[Thu Jul 30 16:29:41 2026] You mend your wounds and heal some damage.
[Thu Jul 30 16:29:41 2026] You have become better at Mend! (177)
[Thu Jul 30 16:29:41 2026] You try to slash a fire giant warrior, but a fire giant warrior parries!
[Thu Jul 30 16:29:41 2026] You try to slash a fire giant warrior, but a fire giant warrior dodges!
[Thu Jul 30 16:29:41 2026] Kober slashes a fire giant warrior for 15 points of damage.
[Thu Jul 30 16:29:41 2026] You try to claw a fire giant warrior, but miss!
[Thu Jul 30 16:29:41 2026] You claw a fire giant warrior for 4 points of damage.
[Thu Jul 30 16:29:41 2026] You smite a fire giant warrior for 19 points of damage.
[Thu Jul 30 16:29:41 2026] You hit a fire giant warrior for 147 points of magic damage by Smiting Strike.
[Thu Jul 30 16:29:41 2026] A fire giant warrior staggers.
[Thu Jul 30 16:29:41 2026] You smite a fire giant warrior for 14 points of damage.
[Thu Jul 30 16:29:41 2026] You hit a fire giant warrior for 147 points of magic damage by Smiting Strike.
[Thu Jul 30 16:29:41 2026] A fire giant warrior staggers.
[Thu Jul 30 16:29:43 2026] You claw a fire giant warrior for 5 points of damage.
[Thu Jul 30 16:29:43 2026] You claw a fire giant warrior for 5 points of damage.
[Thu Jul 30 16:29:43 2026] You bash a fire giant warrior for 5 points of damage.
[Thu Jul 30 16:29:43 2026] Kober tries to slash a fire giant warrior, but misses!
[Thu Jul 30 16:29:44 2026] You try to slash a fire giant warrior, but miss!
[Thu Jul 30 16:29:44 2026] You strike a fire giant warrior for 33 points of damage.
[Thu Jul 30 16:29:44 2026] Your faction standing with Nagafen has been adjusted by -12.
[Thu Jul 30 16:29:44 2026] Your faction standing with Solusek Mining Co. has been adjusted by 5.
[Thu Jul 30 16:29:44 2026] Your faction standing with Vox has been adjusted by -1.
[Thu Jul 30 16:29:44 2026] You gain experience! (1.888%)
[Thu Jul 30 16:29:44 2026] You receive 6 platinum, 7 silver and 3 copper from the corpse.
[Thu Jul 30 16:29:44 2026] You have slain a fire giant warrior!
[Thu Jul 30 16:29:47 2026] Beginning to memorize Yegoreff's Animation...
[Thu Jul 30 16:29:48 2026] You have finished memorizing Yegoreff's Animation.
[Thu Jul 30 16:29:50 2026] Kober says, 'As you wish, oh great one.'
[Thu Jul 30 16:30:03 2026] --You have looted a Throwing Boulder from a fire giant warrior's corpse.--
[Thu Jul 30 16:30:12 2026] Your Yegoreff's Animation spell fizzles!
[Thu Jul 30 16:30:13 2026] Your Djarn's Amethyst Ring (Exaltation) shimmers briefly.
[Thu Jul 30 16:30:13 2026] You begin casting Yegoreff's Animation.
[Thu Jul 30 16:30:19 2026] Vabn begins casting Center.
[Thu Jul 30 16:30:21 2026] Vabn is surrounded by a divine aura.
[Thu Jul 30 16:30:21 2026] Vabn healed himself for 69 hit points by Center.
[Thu Jul 30 16:30:22 2026] Vabn begins casting Symbol of Ryltan.
[Thu Jul 30 16:30:24 2026] Your Golden Efreeti Boots (Exaltation) shimmers briefly.
[Thu Jul 30 16:30:24 2026] You begin casting Augmentation.
