[Tue Aug 04 16:59:21 2026] A Knight of Innoruuk begins casting Harm Touch.
[Tue Aug 04 16:59:21 2026] a Knight of Innoruuk hit Scooba for 522 points of magic damage by Harm Touch.
[Tue Aug 04 16:59:21 2026] Scooba writhes in the grip of agony.
[Tue Aug 04 16:59:22 2026] A Knight of Innoruuk tries to punch Scooba, but misses!
[Tue Aug 04 16:59:22 2026] A Knight of Innoruuk tries to punch Scooba, but misses!
[Tue Aug 04 16:59:22 2026] A Knight of Innoruuk tries to bash Scooba, but Scooba dodges!
[Tue Aug 04 16:59:22 2026] A Knight of Innoruuk tries to bash Scooba, but misses!
[Tue Aug 04 16:59:22 2026] Scooba begins casting Tashania.
[Tue Aug 04 16:59:22 2026] a Knight of Innoruuk glances nervously about.
[Tue Aug 04 16:59:24 2026] A Knight of Innoruuk tries to punch Scooba, but Scooba blocks!
[Tue Aug 04 16:59:26 2026] A Knight of Innoruuk tries to punch Scooba, but Scooba dodges!
[Tue Aug 04 16:59:26 2026] A Knight of Innoruuk tries to punch Scooba, but misses!
[Tue Aug 04 16:59:26 2026] Scooba begins casting Allure VII.
[Tue Aug 04 16:59:27 2026] a Knight of Innoruuk has been charmed.
[Tue Aug 04 16:59:29 2026] A Knight of Innoruuk tries to punch Scooba, but misses!
[Tue Aug 04 16:59:30 2026] A Knight of Innoruuk tries to bash Scooba, but Scooba dodges!
[Tue Aug 04 16:59:30 2026] A Knight of Innoruuk tries to bash Scooba, but misses!
[Tue Aug 04 16:59:30 2026] A Knight of Innoruuk tries to punch Scooba, but misses!
[Tue Aug 04 16:59:30 2026] A Knight of Innoruuk tries to punch Scooba, but misses!
[Tue Aug 04 16:59:30 2026] An elite dragoon tries to punch Scooba, but misses!
[Tue Aug 04 16:59:30 2026] An elite dragoon tries to punch Scooba, but misses!
[Tue Aug 04 16:59:30 2026] An elite dragoon tries to cleave Scooba, but Scooba dodges!
[Tue Aug 04 16:59:30 2026] An elite dragoon tries to cleave Scooba, but misses!
[Tue Aug 04 16:59:30 2026] An elite dragoon tries to bash Scooba, but Scooba dodges!
[Tue Aug 04 16:59:30 2026] An elite dragoon tries to bash Scooba, but Scooba dodges!
[Tue Aug 04 16:59:30 2026] An elite dragoon tries to kick Scooba, but Scooba dodges!
[Tue Aug 04 16:59:30 2026] An elite dragoon tries to kick Scooba, but misses!
[Tue Aug 04 16:59:32 2026] A Knight of Innoruuk tries to punch Scooba, but Scooba dodges!
[Tue Aug 04 16:59:32 2026] An elite dragoon tries to punch Scooba, but Scooba dodges!
[Tue Aug 04 16:59:32 2026] An elite dragoon tries to punch Scooba, but misses!
[Tue Aug 04 16:59:34 2026] Scooba begins casting Mesmerization VI.
[Tue Aug 04 16:59:34 2026] A Knight of Innoruuk tries to punch Scooba, but misses!
[Tue Aug 04 16:59:34 2026] A Knight of Innoruuk tries to punch Scooba, but misses!
[Tue Aug 04 16:59:35 2026] An elite dragoon tries to punch Scooba, but Scooba dodges!
[Tue Aug 04 16:59:35 2026] An elite dragoon tries to punch Scooba, but Scooba parries!
[Tue Aug 04 16:59:35 2026] a Knight of Innoruuk has been mesmerized.
[Tue Aug 04 16:59:35 2026] an elite dragoon has been mesmerized.
[Tue Aug 04 16:59:38 2026] Scooba begins casting Tashania.
[Tue Aug 04 16:59:38 2026] an elite dragoon glances nervously about.
[Tue Aug 04 16:59:42 2026] Scooba tries to smite an elite dragoon, but misses!
[Tue Aug 04 16:59:42 2026] Scooba smites an elite dragoon for 47 points of damage.
[Tue Aug 04 16:59:42 2026] Scooba hit an elite dragoon for 263 points of magic damage by Smiting Strike.
[Tue Aug 04 16:59:42 2026] An elite dragoon staggers.
[Tue Aug 04 16:59:42 2026] Scooba tries to bash an elite dragoon, but an elite dragoon parries!
[Tue Aug 04 16:59:42 2026] Scooba tries to bash an elite dragoon, but an elite dragoon parries!
[Tue Aug 04 16:59:42 2026] Scooba tries to strike an elite dragoon, but an elite dragoon parries!
[Tue Aug 04 16:59:42 2026] Scooba strikes an elite dragoon for 2 points of damage.
[Tue Aug 04 16:59:42 2026] Scooba kicks an elite dragoon for 57 points of damage.
[Tue Aug 04 16:59:42 2026] Scooba kicks an elite dragoon for 54 points of damage.
[Tue Aug 04 16:59:42 2026] Scooba tries to claw an elite dragoon, but misses!
[Tue Aug 04 16:59:42 2026] Scooba claws an elite dragoon for 71 points of damage.
[Tue Aug 04 16:59:42 2026] Scooba claws an elite dragoon for 37 points of damage.
[Tue Aug 04 16:59:42 2026] An elite dragoon tries to punch Scooba, but Scooba dodges!
[Tue Aug 04 16:59:42 2026] An elite dragoon tries to punch Scooba, but Scooba dodges!
[Tue Aug 04 16:59:42 2026] An elite dragoon tries to kick Scooba, but Scooba ripostes!
[Tue Aug 04 16:59:42 2026] Scooba tries to claw an elite dragoon, but an elite dragoon parries!
[Tue Aug 04 16:59:42 2026] An elite dragoon tries to bash Scooba, but Scooba dodges!
[Tue Aug 04 16:59:42 2026] Scooba begins casting Allure VII.
[Tue Aug 04 16:59:43 2026] an elite dragoon has been charmed.
[Tue Aug 04 16:59:48 2026] Scooba tries to claw a Knight of Innoruuk, but misses!
[Tue Aug 04 16:59:48 2026] Scooba tries to claw a Knight of Innoruuk, but misses!
[Tue Aug 04 16:59:49 2026] Scooba tries to claw a Knight of Innoruuk, but misses!
[Tue Aug 04 16:59:49 2026] Scooba tries to claw a Knight of Innoruuk, but misses!
[Tue Aug 04 16:59:50 2026] Scooba tries to smite a Knight of Innoruuk, but misses!
[Tue Aug 04 16:59:50 2026] Scooba tries to claw a Knight of Innoruuk, but misses!
[Tue Aug 04 16:59:50 2026] Scooba tries to claw a Knight of Innoruuk, but misses!
[Tue Aug 04 16:59:50 2026] Scooba tries to claw a Knight of Innoruuk, but misses!
[Tue Aug 04 16:59:51 2026] Scooba strikes a Knight of Innoruuk for 9 points of damage.
[Tue Aug 04 16:59:51 2026] Scooba strikes a Knight of Innoruuk for 33 points of damage.
[Tue Aug 04 16:59:51 2026] A Knight of Innoruuk tries to punch Scooba, but misses!
[Tue Aug 04 16:59:51 2026] A Knight of Innoruuk tries to bash Scooba, but misses!
[Tue Aug 04 16:59:51 2026] An elite dragoon slashes a Knight of Innoruuk for 186 points of damage.
[Tue Aug 04 16:59:51 2026] An elite dragoon slashes a Knight of Innoruuk for 179 points of damage.
[Tue Aug 04 16:59:51 2026] An elite dragoon cleaves a Knight of Innoruuk for 90 points of damage.
[Tue Aug 04 16:59:51 2026] An elite dragoon tries to bash a Knight of Innoruuk, but misses!
[Tue Aug 04 16:59:51 2026] An elite dragoon bashes a Knight of Innoruuk for 39 points of damage.
[Tue Aug 04 16:59:52 2026] An elite dragoon kicks a Knight of Innoruuk for 42 points of damage.
[Tue Aug 04 16:59:52 2026] An elite dragoon tries to kick a Knight of Innoruuk, but misses!
[Tue Aug 04 16:59:52 2026] Scooba tries to claw a Knight of Innoruuk, but misses!
[Tue Aug 04 16:59:52 2026] Scooba claws a Knight of Innoruuk for 62 points of damage.
[Tue Aug 04 16:59:52 2026] Scooba tries to claw a Knight of Innoruuk, but misses!
[Tue Aug 04 16:59:52 2026] Scooba tries to claw a Knight of Innoruuk, but misses!
[Tue Aug 04 16:59:52 2026] Scooba bashes a Knight of Innoruuk for 96 points of damage. (Critical)
[Tue Aug 04 16:59:52 2026] Scooba kicks a Knight of Innoruuk for 66 points of damage.
[Tue Aug 04 16:59:53 2026] Scooba tries to claw a Knight of Innoruuk, but misses!
[Tue Aug 04 16:59:53 2026] Scooba tries to claw a Knight of Innoruuk, but misses!
[Tue Aug 04 16:59:53 2026] Scooba claws a Knight of Innoruuk for 55 points of damage.
[Tue Aug 04 16:59:53 2026] Scooba claws a Knight of Innoruuk for 103 points of damage.
[Tue Aug 04 16:59:53 2026] An elite dragoon tries to slash a Knight of Innoruuk, but misses!
[Tue Aug 04 16:59:54 2026] Scooba tries to claw a Knight of Innoruuk, but misses!
[Tue Aug 04 16:59:54 2026] Scooba claws a Knight of Innoruuk for 72 points of damage.
[Tue Aug 04 16:59:54 2026] Scooba tries to claw a Knight of Innoruuk, but misses!
[Tue Aug 04 16:59:54 2026] Scooba tries to claw a Knight of Innoruuk, but misses!
[Tue Aug 04 16:59:55 2026] Scooba strikes a Knight of Innoruuk for 70 points of damage.
[Tue Aug 04 16:59:55 2026] Scooba tries to strike a Knight of Innoruuk, but misses!
[Tue Aug 04 16:59:55 2026] A Knight of Innoruuk is burned by Scooba's flames for 11 points of non-melee damage.
[Tue Aug 04 16:59:55 2026] A Knight of Innoruuk punches Scooba for 145 points of damage.
[Tue Aug 04 16:59:55 2026] An elite dragoon tries to slash a Knight of Innoruuk, but misses!
[Tue Aug 04 16:59:55 2026] An elite dragoon tries to pierce a Knight of Innoruuk, but misses!
[Tue Aug 04 16:59:55 2026] An elite dragoon pierces a Knight of Innoruuk for 112 points of damage.
[Tue Aug 04 16:59:55 2026] Your divine favor fades.
[Tue Aug 04 16:59:55 2026] A Knight of Innoruuk tries to punch Scooba, but misses!
[Tue Aug 04 16:59:56 2026] An elite dragoon slashes a Knight of Innoruuk for 45 points of damage.
[Tue Aug 04 16:59:56 2026] An elite dragoon tries to slash a Knight of Innoruuk, but misses!
[Tue Aug 04 16:59:56 2026] Scooba begins casting Celerity V.
[Tue Aug 04 16:59:57 2026] An elite dragoon bashes a Knight of Innoruuk for 39 points of damage.
[Tue Aug 04 16:59:57 2026] An elite dragoon tries to bash a Knight of Innoruuk, but misses!
[Tue Aug 04 16:59:57 2026] A Knight of Innoruuk tries to punch Scooba, but misses!
[Tue Aug 04 16:59:57 2026] A Knight of Innoruuk tries to punch Scooba, but misses!
[Tue Aug 04 16:59:57 2026] An elite dragoon kicks a Knight of Innoruuk for 53 points of damage.
[Tue Aug 04 16:59:58 2026] An elite dragoon slashes a Knight of Innoruuk for 45 points of damage.
[Tue Aug 04 16:59:58 2026] An elite dragoon tries to pierce a Knight of Innoruuk, but a Knight of Innoruuk dodges!
[Tue Aug 04 16:59:58 2026] An elite dragoon pierces a Knight of Innoruuk for 156 points of damage.
[Tue Aug 04 16:59:59 2026] A Knight of Innoruuk is burned by Scooba's flames for 11 points of non-melee damage.
[Tue Aug 04 16:59:59 2026] A Knight of Innoruuk bashes Scooba for 33 points of damage.
[Tue Aug 04 16:59:59 2026] A Knight of Innoruuk tries to bash Scooba, but Scooba parries!
[Tue Aug 04 16:59:59 2026] A Knight of Innoruuk is burned by Scooba's flames for 11 points of non-melee damage.
[Tue Aug 04 16:59:59 2026] A Knight of Innoruuk punches Scooba for 133 points of damage.
[Tue Aug 04 16:59:59 2026] A Knight of Innoruuk is burned by Scooba's flames for 11 points of non-melee damage.
[Tue Aug 04 16:59:59 2026] A Knight of Innoruuk punches Scooba for 38 points of damage.
[Tue Aug 04 17:00:00 2026] An elite dragoon tries to slash a Knight of Innoruuk, but a Knight of Innoruuk parries!
[Tue Aug 04 17:00:00 2026] An elite dragoon slashes a Knight of Innoruuk for 156 points of damage.
[Tue Aug 04 17:00:00 2026] A Knight of Innoruuk begins casting Shadow Vortex.
[Tue Aug 04 17:00:01 2026] Scooba is surrounded by a vortex of shadows.
[Tue Aug 04 17:00:01 2026] a Knight of Innoruuk is protected by a vortex of shadows.
[Tue Aug 04 17:00:01 2026] An elite dragoon tries to slash a Knight of Innoruuk, but misses!
[Tue Aug 04 17:00:01 2026] An elite dragoon tries to pierce a Knight of Innoruuk, but misses!
[Tue Aug 04 17:00:01 2026] An elite dragoon tries to cleave a Knight of Innoruuk, but misses!
[Tue Aug 04 17:00:01 2026] An elite dragoon tries to cleave a Knight of Innoruuk, but misses!
[Tue Aug 04 17:00:01 2026] A Knight of Innoruuk is burned by Scooba's flames for 11 points of non-melee damage.
[Tue Aug 04 17:00:01 2026] A Knight of Innoruuk punches Scooba for 38 points of damage.
[Tue Aug 04 17:00:02 2026] an elite dragoon feels much faster.
[Tue Aug 04 17:00:02 2026] An elite dragoon slashes a Knight of Innoruuk for 179 points of damage.
[Tue Aug 04 17:00:02 2026] An elite dragoon slashes a Knight of Innoruuk for 97 points of damage.
[Tue Aug 04 17:00:02 2026] An elite dragoon pierces a Knight of Innoruuk for 142 points of damage.
[Tue Aug 04 17:00:03 2026] An elite dragoon tries to bash a Knight of Innoruuk, but misses!
[Tue Aug 04 17:00:03 2026] An elite dragoon bashes a Knight of Innoruuk for 39 points of damage.
[Tue Aug 04 17:00:03 2026] Scooba tries to smite a Knight of Innoruuk, but misses!
[Tue Aug 04 17:00:03 2026] Scooba bashes a Knight of Innoruuk for 86 points of damage.
[Tue Aug 04 17:00:03 2026] Scooba bashes a Knight of Innoruuk for 96 points of damage.
[Tue Aug 04 17:00:03 2026] Scooba strikes a Knight of Innoruuk for 126 points of damage.
[Tue Aug 04 17:00:03 2026] Scooba kicks a Knight of Innoruuk for 214 points of damage.
[Tue Aug 04 17:00:03 2026] Scooba claws a Knight of Innoruuk for 139 points of damage. (Critical)
[Tue Aug 04 17:00:03 2026] Scooba tries to claw a Knight of Innoruuk, but misses!
[Tue Aug 04 17:00:03 2026] Scooba claws a Knight of Innoruuk for 104 points of damage.
[Tue Aug 04 17:00:03 2026] An elite dragoon kicks a Knight of Innoruuk for 74 points of damage.
[Tue Aug 04 17:00:03 2026] An elite dragoon kicks a Knight of Innoruuk for 70 points of damage.
[Tue Aug 04 17:00:04 2026] An elite dragoon tries to slash a Knight of Innoruuk, but misses!
[Tue Aug 04 17:00:04 2026] An elite dragoon tries to slash a Knight of Innoruuk, but a Knight of Innoruuk parries!
[Tue Aug 04 17:00:04 2026] Scooba tries to claw a Knight of Innoruuk, but misses!
[Tue Aug 04 17:00:04 2026] Scooba claws a Knight of Innoruuk for 98 points of damage.
[Tue Aug 04 17:00:04 2026] Scooba claws a Knight of Innoruuk for 288 points of damage.
[Tue Aug 04 17:00:04 2026] Scooba claws a Knight of Innoruuk for 201 points of damage. (Critical)
[Tue Aug 04 17:00:05 2026] An elite dragoon tries to slash a Knight of Innoruuk, but a Knight of Innoruuk dodges!
[Tue Aug 04 17:00:05 2026] An elite dragoon tries to slash a Knight of Innoruuk, but misses!
[Tue Aug 04 17:00:06 2026] Scooba claws a Knight of Innoruuk for 80 points of damage.
[Tue Aug 04 17:00:06 2026] Scooba claws a Knight of Innoruuk for 142 points of damage.
[Tue Aug 04 17:00:06 2026] An elite dragoon tries to slash a Knight of Innoruuk, but misses!
[Tue Aug 04 17:00:06 2026] An elite dragoon slashes a Knight of Innoruuk for 186 points of damage.
[Tue Aug 04 17:00:06 2026] An elite dragoon pierces a Knight of Innoruuk for 68 points of damage.
[Tue Aug 04 17:00:06 2026] A Knight of Innoruuk begins casting Dooming Darkness.
[Tue Aug 04 17:00:07 2026] Scooba tries to claw a Knight of Innoruuk, but a Knight of Innoruuk parries!
[Tue Aug 04 17:00:07 2026] Scooba tries to claw a Knight of Innoruuk, but a Knight of Innoruuk dodges!
[Tue Aug 04 17:00:07 2026] Scooba claws a Knight of Innoruuk for 98 points of damage.
[Tue Aug 04 17:00:07 2026] Scooba tries to claw a Knight of Innoruuk, but misses!
[Tue Aug 04 17:00:07 2026] Scooba strikes a Knight of Innoruuk for 64 points of damage.
[Tue Aug 04 17:00:07 2026] Scooba tries to strike a Knight of Innoruuk, but a Knight of Innoruuk dodges!
[Tue Aug 04 17:00:07 2026] An elite dragoon tries to slash a Knight of Innoruuk, but misses!
[Tue Aug 04 17:00:07 2026] An elite dragoon slashes a Knight of Innoruuk for 119 points of damage.
[Tue Aug 04 17:00:07 2026] An elite dragoon bashes a Knight of Innoruuk for 39 points of damage.
[Tue Aug 04 17:00:07 2026] A Knight of Innoruuk is burned by Scooba's flames for 11 points of non-melee damage.
[Tue Aug 04 17:00:07 2026] A Knight of Innoruuk punches Scooba for 158 points of damage.
[Tue Aug 04 17:00:07 2026] A Knight of Innoruuk tries to bash Scooba, but misses!
[Tue Aug 04 17:00:07 2026] A Knight of Innoruuk is burned by Scooba's flames for 11 points of non-melee damage.
[Tue Aug 04 17:00:07 2026] A Knight of Innoruuk bashes Scooba for 33 points of damage.
[Tue Aug 04 17:00:07 2026] An elite dragoon kicks a Knight of Innoruuk for 51 points of damage.
[Tue Aug 04 17:00:08 2026] Scooba tries to bash a Knight of Innoruuk, but misses!
[Tue Aug 04 17:00:08 2026] Scooba claws a Knight of Innoruuk for 32 points of damage.
[Tue Aug 04 17:00:08 2026] Scooba claws a Knight of Innoruuk for 380 points of damage. (Critical)
[Tue Aug 04 17:00:08 2026] Scooba claws a Knight of Innoruuk for 62 points of damage.
[Tue Aug 04 17:00:08 2026] Scooba kicks a Knight of Innoruuk for 172 points of damage.
[Tue Aug 04 17:00:08 2026] Scooba tries to kick a Knight of Innoruuk, but misses!
[Tue Aug 04 17:00:08 2026] A Knight of Innoruuk tries to punch Scooba, but misses! (Riposte)
[Tue Aug 04 17:00:08 2026] An elite dragoon tries to slash a Knight of Innoruuk, but misses!
[Tue Aug 04 17:00:08 2026] An elite dragoon slashes a Knight of Innoruuk for 186 points of damage.
[Tue Aug 04 17:00:08 2026] An elite dragoon pierces a Knight of Innoruuk for 186 points of damage.
[Tue Aug 04 17:00:08 2026] An elite dragoon tries to pierce a Knight of Innoruuk, but misses!
[Tue Aug 04 17:00:09 2026] Scooba claws a Knight of Innoruuk for 80 points of damage.
[Tue Aug 04 17:00:09 2026] Scooba tries to claw a Knight of Innoruuk, but misses!
[Tue Aug 04 17:00:09 2026] Scooba claws a Knight of Innoruuk for 142 points of damage.
[Tue Aug 04 17:00:09 2026] A Knight of Innoruuk tries to punch Scooba, but misses!
[Tue Aug 04 17:00:09 2026] A Knight of Innoruuk is burned by Scooba's flames for 11 points of non-melee damage.
[Tue Aug 04 17:00:09 2026] A Knight of Innoruuk punches Scooba for 114 points of damage.
[Tue Aug 04 17:00:09 2026] An elite dragoon tries to slash a Knight of Innoruuk, but misses!
[Tue Aug 04 17:00:09 2026] An elite dragoon pierces a Knight of Innoruuk for 60 points of damage.
[Tue Aug 04 17:00:09 2026] An elite dragoon pierces a Knight of Innoruuk for 186 points of damage.
[Tue Aug 04 17:00:10 2026] Scooba begins casting Superior Healing VI.
[Tue Aug 04 17:00:10 2026] An elite dragoon cleaves a Knight of Innoruuk for 179 points of damage.
[Tue Aug 04 17:00:10 2026] Scooba feels much better.
[Tue Aug 04 17:00:10 2026] Scooba healed itself for 892 hit points by Superior Healing.
[Tue Aug 04 17:00:11 2026] Scooba claws a Knight of Innoruuk for 68 points of damage.
[Tue Aug 04 17:00:11 2026] Scooba tries to claw a Knight of Innoruuk, but misses!
[Tue Aug 04 17:00:11 2026] Scooba tries to claw a Knight of Innoruuk, but misses!
[Tue Aug 04 17:00:11 2026] Scooba tries to claw a Knight of Innoruuk, but a Knight of Innoruuk parries!
[Tue Aug 04 17:00:11 2026] Scooba strikes a Knight of Innoruuk for 44 points of damage.
[Tue Aug 04 17:00:11 2026] An elite dragoon slashes a Knight of Innoruuk for 82 points of damage.
[Tue Aug 04 17:00:11 2026] An elite dragoon slashes a Knight of Innoruuk for 149 points of damage.
[Tue Aug 04 17:00:11 2026] An elite dragoon pierces a Knight of Innoruuk for 164 points of damage.
[Tue Aug 04 17:00:11 2026] An elite dragoon pierces a Knight of Innoruuk for 53 points of damage.
[Tue Aug 04 17:00:11 2026] An elite dragoon tries to bash a Knight of Innoruuk, but misses!
[Tue Aug 04 17:00:11 2026] A Knight of Innoruuk tries to punch Scooba, but Scooba ripostes!
[Tue Aug 04 17:00:11 2026] Scooba claws a Knight of Innoruuk for 275 points of damage. (Riposte Critical)
[Tue Aug 04 17:00:11 2026] A Knight of Innoruuk tries to punch Scooba, but misses!
[Tue Aug 04 17:00:11 2026] Scooba smites a Knight of Innoruuk for 46 points of damage.
[Tue Aug 04 17:00:11 2026] Scooba hit a Knight of Innoruuk for 263 points of magic damage by Smiting Strike.
[Tue Aug 04 17:00:11 2026] A Knight of Innoruuk staggers.
[Tue Aug 04 17:00:11 2026] Scooba smites a Knight of Innoruuk for 88 points of damage.
[Tue Aug 04 17:00:11 2026] Scooba hit a Knight of Innoruuk for 263 points of magic damage by Smiting Strike.
[Tue Aug 04 17:00:11 2026] A Knight of Innoruuk staggers.
[Tue Aug 04 17:00:12 2026] Scooba claws a Knight of Innoruuk for 80 points of damage.
[Tue Aug 04 17:00:12 2026] Scooba tries to claw a Knight of Innoruuk, but misses!
[Tue Aug 04 17:00:12 2026] Scooba claws a Knight of Innoruuk for 50 points of damage.
[Tue Aug 04 17:00:12 2026] An elite dragoon slashes a Knight of Innoruuk for 45 points of damage.
[Tue Aug 04 17:00:12 2026] An elite dragoon pierces a Knight of Innoruuk for 119 points of damage.
[Tue Aug 04 17:00:12 2026] Scooba bashes a Knight of Innoruuk for 40 points of damage.
[Tue Aug 04 17:00:13 2026] An elite dragoon kicks a Knight of Innoruuk for 51 points of damage.
[Tue Aug 04 17:00:13 2026] An elite dragoon tries to kick a Knight of Innoruuk, but misses!
[Tue Aug 04 17:00:13 2026] Scooba claws a Knight of Innoruuk for 88 points of damage.
[Tue Aug 04 17:00:13 2026] Scooba claws a Knight of Innoruuk for 64 points of damage.
[Tue Aug 04 17:00:13 2026] Scooba tries to claw a Knight of Innoruuk, but misses!
[Tue Aug 04 17:00:13 2026] Scooba kicks a Knight of Innoruuk for 122 points of damage.
[Tue Aug 04 17:00:13 2026] An elite dragoon slashes a Knight of Innoruuk for 171 points of damage.
[Tue Aug 04 17:00:13 2026] An elite dragoon tries to slash a Knight of Innoruuk, but misses!
[Tue Aug 04 17:00:13 2026] An elite dragoon pierces a Knight of Innoruuk for 97 points of damage.
[Tue Aug 04 17:00:13 2026] An elite dragoon pierces a Knight of Innoruuk for 186 points of damage.
[Tue Aug 04 17:00:14 2026] A Knight of Innoruuk is burned by Scooba's flames for 11 points of non-melee damage.
[Tue Aug 04 17:00:14 2026] A Knight of Innoruuk punches Scooba for 114 points of damage.
[Tue Aug 04 17:00:14 2026] A Knight of Innoruuk is burned by Scooba's flames for 11 points of non-melee damage.
[Tue Aug 04 17:00:14 2026] A Knight of Innoruuk punches Scooba for 95 points of damage.
[Tue Aug 04 17:00:14 2026] A Knight of Innoruuk begins casting Shadow Vortex.
[Tue Aug 04 17:00:14 2026] Scooba strikes a Knight of Innoruuk for 88 points of damage.
[Tue Aug 04 17:00:14 2026] Scooba tries to claw a Knight of Innoruuk, but misses!
[Tue Aug 04 17:00:14 2026] An elite dragoon slashes a Knight of Innoruuk for 164 points of damage.
[Tue Aug 04 17:00:14 2026] An elite dragoon tries to slash a Knight of Innoruuk, but misses!
[Tue Aug 04 17:00:14 2026] An elite dragoon pierces a Knight of Innoruuk for 82 points of damage.
[Tue Aug 04 17:00:14 2026] An elite dragoon pierces a Knight of Innoruuk for 75 points of damage.
[Tue Aug 04 17:00:15 2026] A Knight of Innoruuk is burned by Scooba's flames for 11 points of non-melee damage.
[Tue Aug 04 17:00:15 2026] A Knight of Innoruuk bashes Scooba for 33 points of damage.
[Tue Aug 04 17:00:15 2026] A Knight of Innoruuk is burned by Scooba's flames for 11 points of non-melee damage.
[Tue Aug 04 17:00:15 2026] A Knight of Innoruuk bashes Scooba for 33 points of damage.
[Tue Aug 04 17:00:15 2026] Scooba claws a Knight of Innoruuk for 72 points of damage. (Critical)
[Tue Aug 04 17:00:15 2026] Scooba claws a Knight of Innoruuk for 142 points of damage.
[Tue Aug 04 17:00:15 2026] An elite dragoon tries to slash a Knight of Innoruuk, but misses!
[Tue Aug 04 17:00:16 2026] A Knight of Innoruuk is burned by Scooba's flames for 11 points of non-melee damage.
[Tue Aug 04 17:00:16 2026] A Knight of Innoruuk punches Scooba for 101 points of damage.
[Tue Aug 04 17:00:16 2026] A Knight of Innoruuk tries to punch Scooba, but misses!
[Tue Aug 04 17:00:16 2026] An elite dragoon bashes a Knight of Innoruuk for 39 points of damage.
[Tue Aug 04 17:00:16 2026] An elite dragoon tries to bash a Knight of Innoruuk, but misses!
[Tue Aug 04 17:00:16 2026] An elite dragoon tries to cleave a Knight of Innoruuk, but misses!
[Tue Aug 04 17:00:16 2026] An elite dragoon cleaves a Knight of Innoruuk for 179 points of damage.
[Tue Aug 04 17:00:17 2026] Scooba claws a Knight of Innoruuk for 24 points of damage.
[Tue Aug 04 17:00:17 2026] Scooba tries to claw a Knight of Innoruuk, but misses!
[Tue Aug 04 17:00:17 2026] Scooba claws a Knight of Innoruuk for 74 points of damage.
[Tue Aug 04 17:00:17 2026] An elite dragoon slashes a Knight of Innoruuk for 179 points of damage.
[Tue Aug 04 17:00:17 2026] An elite dragoon tries to slash a Knight of Innoruuk, but misses!
[Tue Aug 04 17:00:17 2026] An elite dragoon tries to pierce a Knight of Innoruuk, but misses!
[Tue Aug 04 17:00:17 2026] An elite dragoon kicks a Knight of Innoruuk for 80 points of damage.
[Tue Aug 04 17:00:17 2026] Scooba bashes a Knight of Innoruuk for 90 points of damage.
[Tue Aug 04 17:00:18 2026] Scooba claws a Knight of Innoruuk for 98 points of damage.
[Tue Aug 04 17:00:18 2026] Scooba claws a Knight of Innoruuk for 138 points of damage.
[Tue Aug 04 17:00:18 2026] Scooba tries to claw a Knight of Innoruuk, but a Knight of Innoruuk dodges!
[Tue Aug 04 17:00:18 2026] An elite dragoon slashes a Knight of Innoruuk for 112 points of damage.
[Tue Aug 04 17:00:18 2026] An elite dragoon tries to pierce a Knight of Innoruuk, but misses!
[Tue Aug 04 17:00:18 2026] Scooba tries to strike a Knight of Innoruuk, but a Knight of Innoruuk parries!
[Tue Aug 04 17:00:18 2026] Scooba tries to strike a Knight of Innoruuk, but misses!
[Tue Aug 04 17:00:18 2026] Scooba kicks a Knight of Innoruuk for 158 points of damage.
[Tue Aug 04 17:00:19 2026] A Knight of Innoruuk begins casting Dooming Darkness.
[Tue Aug 04 17:00:19 2026] Scooba claws a Knight of Innoruuk for 170 points of damage.
[Tue Aug 04 17:00:19 2026] An elite dragoon tries to slash a Knight of Innoruuk, but misses!
[Tue Aug 04 17:00:20 2026] An elite dragoon tries to bash a Knight of Innoruuk, but misses!
[Tue Aug 04 17:00:20 2026] An elite dragoon bashes a Knight of Innoruuk for 39 points of damage.
[Tue Aug 04 17:00:20 2026] Scooba tries to smite a Knight of Innoruuk, but a Knight of Innoruuk parries!
[Tue Aug 04 17:00:20 2026] Scooba smites a Knight of Innoruuk for 22 points of damage.
[Tue Aug 04 17:00:20 2026] Scooba hit a Knight of Innoruuk for 263 points of magic damage by Smiting Strike.
[Tue Aug 04 17:00:20 2026] A Knight of Innoruuk staggers.
[Tue Aug 04 17:00:20 2026] Scooba tries to claw a Knight of Innoruuk, but misses!
[Tue Aug 04 17:00:20 2026] Scooba claws a Knight of Innoruuk for 76 points of damage.
[Tue Aug 04 17:00:20 2026] Scooba tries to claw a Knight of Innoruuk, but a Knight of Innoruuk parries!
[Tue Aug 04 17:00:20 2026] An elite dragoon slashes a Knight of Innoruuk for 112 points of damage.
[Tue Aug 04 17:00:20 2026] An elite dragoon slashes a Knight of Innoruuk for 156 points of damage.
[Tue Aug 04 17:00:20 2026] An elite dragoon pierces a Knight of Innoruuk for 171 points of damage.
[Tue Aug 04 17:00:20 2026] An elite dragoon pierces a Knight of Innoruuk for 90 points of damage.
[Tue Aug 04 17:00:21 2026] An elite dragoon kicks a Knight of Innoruuk for 80 points of damage.
[Tue Aug 04 17:00:21 2026] An elite dragoon kicks a Knight of Innoruuk for 80 points of damage.
[Tue Aug 04 17:00:21 2026] An elite dragoon tries to slash a Knight of Innoruuk, but misses!
[Tue Aug 04 17:00:21 2026] An elite dragoon pierces a Knight of Innoruuk for 164 points of damage.
[Tue Aug 04 17:00:22 2026] Scooba claws a Knight of Innoruuk for 286 points of damage.
[Tue Aug 04 17:00:22 2026] Scooba claws a Knight of Innoruuk for 68 points of damage.
[Tue Aug 04 17:00:22 2026] Scooba strikes a Knight of Innoruuk for 64 points of damage.
[Tue Aug 04 17:00:22 2026] Scooba tries to strike a Knight of Innoruuk, but misses!
[Tue Aug 04 17:00:22 2026] A Knight of Innoruuk regains concentration and continues casting.
[Tue Aug 04 17:00:22 2026] A Knight of Innoruuk tries to punch Scooba, but Scooba parries!
[Tue Aug 04 17:00:22 2026] Scooba bashes a Knight of Innoruuk for 114 points of damage.
[Tue Aug 04 17:00:22 2026] Scooba tries to bash a Knight of Innoruuk, but misses!
[Tue Aug 04 17:00:22 2026] Scooba begins casting Superior Healing VI.
[Tue Aug 04 17:00:22 2026] An elite dragoon tries to cleave a Knight of Innoruuk, but misses!
[Tue Aug 04 17:00:23 2026] Scooba feels much better.
[Tue Aug 04 17:00:23 2026] Scooba healed itself for 414 (840) hit points by Superior Healing.
[Tue Aug 04 17:00:23 2026] An elite dragoon tries to slash a Knight of Innoruuk, but misses!
[Tue Aug 04 17:00:23 2026] An elite dragoon slashes a Knight of Innoruuk for 53 points of damage.
[Tue Aug 04 17:00:23 2026] An elite dragoon pierces a Knight of Innoruuk for 164 points of damage.
[Tue Aug 04 17:00:23 2026] Scooba claws a Knight of Innoruuk for 36 points of damage.
[Tue Aug 04 17:00:23 2026] Scooba tries to claw a Knight of Innoruuk, but misses!
[Tue Aug 04 17:00:23 2026] Scooba tries to claw a Knight of Innoruuk, but misses!
[Tue Aug 04 17:00:23 2026] Scooba kicks a Knight of Innoruuk for 148 points of damage.
[Tue Aug 04 17:00:23 2026] Scooba tries to kick a Knight of Innoruuk, but misses!
[Tue Aug 04 17:00:23 2026] A Knight of Innoruuk is burned by Scooba's flames for 11 points of non-melee damage.
[Tue Aug 04 17:00:23 2026] A Knight of Innoruuk bashes Scooba for 33 points of damage.
[Tue Aug 04 17:00:23 2026] A Knight of Innoruuk is burned by Scooba's flames for 11 points of non-melee damage.
[Tue Aug 04 17:00:23 2026] A Knight of Innoruuk bashes Scooba for 33 points of damage.
[Tue Aug 04 17:00:24 2026] A Knight of Innoruuk tries to punch Scooba, but misses!
[Tue Aug 04 17:00:24 2026] A Knight of Innoruuk tries to punch Scooba, but misses!
[Tue Aug 04 17:00:24 2026] An elite dragoon slashes a Knight of Innoruuk for 112 points of damage.
[Tue Aug 04 17:00:24 2026] An elite dragoon pierces a Knight of Innoruuk for 186 points of damage.
[Tue Aug 04 17:00:24 2026] An elite dragoon pierces a Knight of Innoruuk for 171 points of damage.
[Tue Aug 04 17:00:25 2026] An elite dragoon tries to bash a Knight of Innoruuk, but misses!
[Tue Aug 04 17:00:25 2026] An elite dragoon tries to bash a Knight of Innoruuk, but misses!
[Tue Aug 04 17:00:25 2026] An elite dragoon tries to slash a Knight of Innoruuk, but misses!
[Tue Aug 04 17:00:25 2026] An elite dragoon slashes a Knight of Innoruuk for 134 points of damage.
[Tue Aug 04 17:00:25 2026] An elite dragoon tries to pierce a Knight of Innoruuk, but misses!
[Tue Aug 04 17:00:25 2026] An elite dragoon tries to pierce a Knight of Innoruuk, but misses!
[Tue Aug 04 17:00:25 2026] A Knight of Innoruuk punches Scooba for 45 points of damage. (Riposte)
[Tue Aug 04 17:00:25 2026] Scooba healed itself for 35 hit points by Lifetap Strike.
[Tue Aug 04 17:00:27 2026] An elite dragoon slashes a Knight of Innoruuk for 45 points of damage.
[Tue Aug 04 17:00:27 2026] An elite dragoon slashes a Knight of Innoruuk for 186 points of damage.
[Tue Aug 04 17:00:27 2026] An elite dragoon pierces a Knight of Innoruuk for 186 points of damage.
[Tue Aug 04 17:00:27 2026] An elite dragoon pierces a Knight of Innoruuk for 186 points of damage.
[Tue Aug 04 17:00:28 2026] Scooba claws a Knight of Innoruuk for 60 points of damage.
[Tue Aug 04 17:00:28 2026] Scooba tries to claw a Knight of Innoruuk, but misses!
[Tue Aug 04 17:00:28 2026] Scooba claws a Knight of Innoruuk for 110 points of damage.
[Tue Aug 04 17:00:28 2026] A Knight of Innoruuk is burned by Scooba's flames for 11 points of non-melee damage.
[Tue Aug 04 17:00:28 2026] A Knight of Innoruuk punches Scooba for 64 points of damage.
[Tue Aug 04 17:00:28 2026] Scooba kicks a Knight of Innoruuk for 108 points of damage.
[Tue Aug 04 17:00:28 2026] Scooba kicks a Knight of Innoruuk for 132 points of damage.
[Tue Aug 04 17:00:29 2026] An elite dragoon slashes a Knight of Innoruuk for 119 points of damage.
[Tue Aug 04 17:00:29 2026] An elite dragoon cleaves a Knight of Innoruuk for 156 points of damage.
[Tue Aug 04 17:00:29 2026] An elite dragoon cleaves a Knight of Innoruuk for 186 points of damage.
[Tue Aug 04 17:00:29 2026] Scooba smites a Knight of Innoruuk for 22 points of damage.
[Tue Aug 04 17:00:29 2026] Scooba hit a Knight of Innoruuk for 263 points of magic damage by Smiting Strike.
[Tue Aug 04 17:00:29 2026] A Knight of Innoruuk staggers.
[Tue Aug 04 17:00:29 2026] An elite dragoon tries to bash a Knight of Innoruuk, but misses!
[Tue Aug 04 17:00:29 2026] An elite dragoon tries to bash a Knight of Innoruuk, but misses!
[Tue Aug 04 17:00:29 2026] Scooba claws a Knight of Innoruuk for 116 points of damage.
[Tue Aug 04 17:00:29 2026] Scooba tries to claw a Knight of Innoruuk, but a Knight of Innoruuk parries!
[Tue Aug 04 17:00:29 2026] Scooba tries to claw a Knight of Innoruuk, but misses!
[Tue Aug 04 17:00:29 2026] A Knight of Innoruuk tries to punch Scooba, but misses! (Riposte)
[Tue Aug 04 17:00:30 2026] An elite dragoon tries to slash a Knight of Innoruuk, but misses!
[Tue Aug 04 17:00:30 2026] An elite dragoon slashes a Knight of Innoruuk for 186 points of damage.
[Tue Aug 04 17:00:30 2026] An elite dragoon pierces a Knight of Innoruuk for 134 points of damage.
[Tue Aug 04 17:00:30 2026] A Knight of Innoruuk is burned by Scooba's flames for 11 points of non-melee damage.
[Tue Aug 04 17:00:30 2026] A Knight of Innoruuk punches Scooba for 45 points of damage.
[Tue Aug 04 17:00:30 2026] A Knight of Innoruuk tries to punch Scooba, but Scooba blocks!
[Tue Aug 04 17:00:30 2026] Scooba claws a Knight of Innoruuk for 6 points of damage.
[Tue Aug 04 17:00:30 2026] Scooba claws a Knight of Innoruuk for 99 points of damage. (Critical)
[Tue Aug 04 17:00:30 2026] Scooba tries to claw a Knight of Innoruuk, but a Knight of Innoruuk parries!
[Tue Aug 04 17:00:30 2026] You feel a traveling spirit enter you.
[Tue Aug 04 17:00:31 2026] A Knight of Innoruuk begins casting Dooming Darkness.
[Tue Aug 04 17:00:31 2026] An elite dragoon kicks a Knight of Innoruuk for 72 points of damage.
[Tue Aug 04 17:00:31 2026] An elite dragoon slashes a Knight of Innoruuk for 186 points of damage.
[Tue Aug 04 17:00:31 2026] An elite dragoon pierces a Knight of Innoruuk for 186 points of damage.
[Tue Aug 04 17:00:31 2026] An elite dragoon tries to pierce a Knight of Innoruuk, but misses!
[Tue Aug 04 17:00:31 2026] Scooba bashes a Knight of Innoruuk for 124 points of damage.
[Tue Aug 04 17:00:31 2026] A Knight of Innoruuk tries to bash Scooba, but misses!
[Tue Aug 04 17:00:32 2026] Scooba claws a Knight of Innoruuk for 4 points of damage.
[Tue Aug 04 17:00:32 2026] Scooba claws a Knight of Innoruuk for 171 points of damage. (Critical)
[Tue Aug 04 17:00:32 2026] Scooba begins casting Superior Healing VI.
[Tue Aug 04 17:00:32 2026] A Knight of Innoruuk punches Scooba for 158 points of damage.
[Tue Aug 04 17:00:32 2026] A Knight of Innoruuk tries to punch Scooba, but Scooba ripostes!
[Tue Aug 04 17:00:33 2026] Scooba feels much better.
[Tue Aug 04 17:00:33 2026] Scooba healed itself for 499 (817) hit points by Superior Healing.
[Tue Aug 04 17:00:50 2026] A Greenblood Emissary glowers at you dubiously -- what would you like your tombstone to say? (Lvl: 55)
[Tue Aug 04 17:00:50 2026] This creature would take considerable effort to defeat!
[Tue Aug 04 17:00:55 2026] Auto attack is on.
[Tue Aug 04 17:00:55 2026] The spirit of travel leaves you.
[Tue Aug 04 17:00:55 2026] You try to backstab a Disciple of Innoruuk, but a Disciple of Innoruuk dodges!
[Tue Aug 04 17:00:55 2026] You hurt yourself for 26 points.
[Tue Aug 04 17:00:55 2026] You gain a rune for 96 points of absorption.
[Tue Aug 04 17:00:55 2026] You backstab a Disciple of Innoruuk for 305 points of damage. (Critical)
[Tue Aug 04 17:00:55 2026] You hurt yourself for 6 points.
[Tue Aug 04 17:00:55 2026] You bash a Disciple of Innoruuk for 100 points of damage.
[Tue Aug 04 17:00:55 2026] You hurt yourself for 2 points.
[Tue Aug 04 17:00:55 2026] You bash a Disciple of Innoruuk for 30 points of damage.
[Tue Aug 04 17:00:55 2026] You hurt yourself for 3 points.
[Tue Aug 04 17:00:55 2026] You frenzy on a Disciple of Innoruuk for 57 points of damage.
[Tue Aug 04 17:00:55 2026] You hurt yourself for 5 points.
[Tue Aug 04 17:00:55 2026] You gain a rune for 19 points of absorption.
[Tue Aug 04 17:00:55 2026] You frenzy on a Disciple of Innoruuk for 128 points of damage. (Critical)
[Tue Aug 04 17:00:55 2026] You hurt yourself for 2 points.
[Tue Aug 04 17:00:55 2026] You frenzy on a Disciple of Innoruuk for 37 points of damage.
[Tue Aug 04 17:00:55 2026] You try to frenzy on a Disciple of Innoruuk, but miss!
[Tue Aug 04 17:00:55 2026] You try to kick a Disciple of Innoruuk, but miss!
[Tue Aug 04 17:00:55 2026] You smite a Disciple of Innoruuk for 1 point of damage.
[Tue Aug 04 17:00:55 2026] You hit a Disciple of Innoruuk for 154 points of magic damage by Smiting Strike.
[Tue Aug 04 17:00:55 2026] A Disciple of Innoruuk staggers.
[Tue Aug 04 17:00:55 2026] You smite a Disciple of Innoruuk for 29 points of damage.
[Tue Aug 04 17:00:55 2026] You hit a Disciple of Innoruuk for 154 points of magic damage by Smiting Strike.
[Tue Aug 04 17:00:55 2026] A Disciple of Innoruuk staggers.
[Tue Aug 04 17:00:55 2026] You try to pierce a Disciple of Innoruuk, but miss!
[Tue Aug 04 17:00:55 2026] You slash a Disciple of Innoruuk for 81 points of damage.
[Tue Aug 04 17:00:55 2026] A Disciple of Innoruuk begins casting Paralyzing Earth.
[Tue Aug 04 17:00:56 2026] You pierce a Disciple of Innoruuk for 30 points of damage.
[Tue Aug 04 17:00:56 2026] A Disciple of Innoruuk resisted your Weakening Strike!
[Tue Aug 04 17:00:56 2026] You slash a Disciple of Innoruuk for 80 points of damage.
[Tue Aug 04 17:00:56 2026] You gain a rune for 39 points of absorption.
[Tue Aug 04 17:00:56 2026] You slash a Disciple of Innoruuk for 264 points of damage. (Critical)
[Tue Aug 04 17:00:56 2026] You try to slash a Disciple of Innoruuk, but miss!
[Tue Aug 04 17:00:57 2026] You pierce a Disciple of Innoruuk for 44 points of damage.
[Tue Aug 04 17:00:57 2026] You pierce a Disciple of Innoruuk for 27 points of damage.
[Tue Aug 04 17:00:57 2026] You try to slash a Disciple of Innoruuk, but miss!
[Tue Aug 04 17:00:57 2026] You pierce a Disciple of Innoruuk for 12 points of damage.
[Tue Aug 04 17:00:57 2026] You resist a Disciple of Innoruuk's Paralyzing Earth!
[Tue Aug 04 17:00:57 2026] A Disciple of Innoruuk punches YOU for 199 points of damage.
[Tue Aug 04 17:00:57 2026] You try to bash a Disciple of Innoruuk, but miss!
[Tue Aug 04 17:00:57 2026] You kick a Disciple of Innoruuk for 3 points of damage.
[Tue Aug 04 17:00:57 2026] You try to kick a Disciple of Innoruuk, but miss!
[Tue Aug 04 17:00:58 2026] You try to slash a Disciple of Innoruuk, but miss!
[Tue Aug 04 17:00:58 2026] You gain a rune for 20 points of absorption.
[Tue Aug 04 17:00:58 2026] You slash a Disciple of Innoruuk for 136 points of damage. (Critical)
[Tue Aug 04 17:00:58 2026] You try to backstab a Disciple of Innoruuk, but miss!
[Tue Aug 04 17:00:58 2026] A Disciple of Innoruuk resisted your Clumsiness Strike!
[Tue Aug 04 17:00:58 2026] You try to pierce a Disciple of Innoruuk, but miss!
[Tue Aug 04 17:00:58 2026] You try to pierce a Disciple of Innoruuk, but miss!
[Tue Aug 04 17:00:59 2026] A Disciple of Innoruuk resisted your Clumsiness Strike!
[Tue Aug 04 17:00:59 2026] You try to slash a Disciple of Innoruuk, but miss!
[Tue Aug 04 17:00:59 2026] You gain a rune for 6 points of absorption.
[Tue Aug 04 17:00:59 2026] You pierce a Disciple of Innoruuk for 42 points of damage. (Critical)
[Tue Aug 04 17:00:59 2026] You try to pierce a Disciple of Innoruuk, but miss!
[Tue Aug 04 17:00:59 2026] A Disciple of Innoruuk punches YOU for 133 points of damage.
[Tue Aug 04 17:01:00 2026] You hurt yourself for 1 points.
[Tue Aug 04 17:01:00 2026] You gain a rune for 7 points of absorption.
[Tue Aug 04 17:01:00 2026] You frenzy on a Disciple of Innoruuk for 52 points of damage. (Critical)
[Tue Aug 04 17:01:00 2026] You try to frenzy on a Disciple of Innoruuk, but miss!
[Tue Aug 04 17:01:00 2026] You hurt yourself for 3 points.
[Tue Aug 04 17:01:00 2026] You frenzy on a Disciple of Innoruuk for 57 points of damage.
[Tue Aug 04 17:01:00 2026] You smite a Disciple of Innoruuk for 42 points of damage.
[Tue Aug 04 17:01:00 2026] You hit a Disciple of Innoruuk for 154 points of magic damage by Smiting Strike.
[Tue Aug 04 17:01:00 2026] A Disciple of Innoruuk staggers.
[Tue Aug 04 17:01:00 2026] You try to smite a Disciple of Innoruuk, but miss!
[Tue Aug 04 17:01:00 2026] You slash a Disciple of Innoruuk for 95 points of damage.
[Tue Aug 04 17:01:00 2026] You pierce a Disciple of Innoruuk for 25 points of damage.
[Tue Aug 04 17:01:00 2026] You try to pierce a Disciple of Innoruuk, but miss!
[Tue Aug 04 17:01:00 2026] You try to bash a Disciple of Innoruuk, but miss!
[Tue Aug 04 17:01:00 2026] You try to bash a Disciple of Innoruuk, but miss!
[Tue Aug 04 17:01:00 2026] You try to kick a Disciple of Innoruuk, but miss!
[Tue Aug 04 17:01:00 2026] You slash a Disciple of Innoruuk for 62 points of damage.
[Tue Aug 04 17:01:00 2026] You try to slash a Disciple of Innoruuk, but miss!
[Tue Aug 04 17:01:01 2026] You slash a Disciple of Innoruuk for 138 points of damage.
[Tue Aug 04 17:01:01 2026] You slash a Disciple of Innoruuk for 45 points of damage.
[Tue Aug 04 17:01:01 2026] You hurt yourself for 11 points.
[Tue Aug 04 17:01:01 2026] You gain a rune for 43 points of absorption.
[Tue Aug 04 17:01:01 2026] You backstab a Disciple of Innoruuk for 290 points of damage. (Critical)
[Tue Aug 04 17:01:01 2026] You try to backstab a Disciple of Innoruuk, but miss!
[Tue Aug 04 17:01:01 2026] You pierce a Disciple of Innoruuk for 59 points of damage.
[Tue Aug 04 17:01:01 2026] A Disciple of Innoruuk tries to punch YOU, but misses!
[Tue Aug 04 17:01:02 2026] You try to slash a Disciple of Innoruuk, but miss!
[Tue Aug 04 17:01:02 2026] You try to slash a Disciple of Innoruuk, but miss!
[Tue Aug 04 17:01:02 2026] You try to pierce a Disciple of Innoruuk, but miss!
[Tue Aug 04 17:01:02 2026] You try to pierce a Disciple of Innoruuk, but a Disciple of Innoruuk parries!
[Tue Aug 04 17:01:03 2026] A Disciple of Innoruuk begins casting Ignite Bones.
[Tue Aug 04 17:01:03 2026] You bash a Disciple of Innoruuk for 5 points of damage.
[Tue Aug 04 17:01:03 2026] You try to bash a Disciple of Innoruuk, but miss!
[Tue Aug 04 17:01:03 2026] You hurt yourself for 6 points.
[Tue Aug 04 17:01:03 2026] a Disciple of Innoruuk's Ignite Bones spell is interrupted.
[Tue Aug 04 17:01:03 2026] You bash a Disciple of Innoruuk for 101 points of damage.
[Tue Aug 04 17:01:03 2026] A Disciple of Innoruuk resisted your Cobra Venom Strike!
[Tue Aug 04 17:01:03 2026] You try to slash a Disciple of Innoruuk, but miss!
[Tue Aug 04 17:01:03 2026] You try to slash a Disciple of Innoruuk, but miss!
[Tue Aug 04 17:01:03 2026] You try to kick a Disciple of Innoruuk, but miss!
[Tue Aug 04 17:01:03 2026] You pierce a Disciple of Innoruuk for 26 points of damage.
[Tue Aug 04 17:01:03 2026] A Disciple of Innoruuk tries to punch YOU, but misses!
[Tue Aug 04 17:01:03 2026] A Disciple of Innoruuk tries to punch YOU, but misses!
[Tue Aug 04 17:01:04 2026] A Disciple of Innoruuk resisted your Cobra Venom Strike!
[Tue Aug 04 17:01:04 2026] You slash a Disciple of Innoruuk for 119 points of damage.
[Tue Aug 04 17:01:04 2026] You pierce a Disciple of Innoruuk for 14 points of damage.
[Tue Aug 04 17:01:04 2026] You slash a Disciple of Innoruuk for 155 points of damage.
[Tue Aug 04 17:01:04 2026] You hurt yourself for 5 points.
[Tue Aug 04 17:01:04 2026] You frenzy on a Disciple of Innoruuk for 85 points of damage.
[Tue Aug 04 17:01:04 2026] You hurt yourself for 8 points.
[Tue Aug 04 17:01:04 2026] You frenzy on a Disciple of Innoruuk for 121 points of damage.
[Tue Aug 04 17:01:04 2026] You hurt yourself for 3 points.
[Tue Aug 04 17:01:04 2026] You frenzy on a Disciple of Innoruuk for 48 points of damage.
[Tue Aug 04 17:01:04 2026] You hurt yourself for 1 points.
[Tue Aug 04 17:01:04 2026] You frenzy on a Disciple of Innoruuk for 22 points of damage.
[Tue Aug 04 17:01:04 2026] You hurt yourself for 3 points.
[Tue Aug 04 17:01:04 2026] You frenzy on a Disciple of Innoruuk for 57 points of damage.
[Tue Aug 04 17:01:04 2026] You smite a Disciple of Innoruuk for 6 points of damage.
[Tue Aug 04 17:01:04 2026] You hit a Disciple of Innoruuk for 154 points of magic damage by Smiting Strike.
[Tue Aug 04 17:01:04 2026] A Disciple of Innoruuk staggers.
[Tue Aug 04 17:01:05 2026] You hurt yourself for 4 points.
[Tue Aug 04 17:01:05 2026] You backstab a Disciple of Innoruuk for 60 points of damage.
[Tue Aug 04 17:01:05 2026] You hurt yourself for 16 points.
[Tue Aug 04 17:01:05 2026] You backstab a Disciple of Innoruuk for 243 points of damage.
[Tue Aug 04 17:01:05 2026] You try to pierce a Disciple of Innoruuk, but miss!
[Tue Aug 04 17:01:05 2026] You pierce a Disciple of Innoruuk for 5 points of damage.
[Tue Aug 04 17:01:05 2026] A Disciple of Innoruuk resisted your Weakening Strike!
[Tue Aug 04 17:01:05 2026] You slash a Disciple of Innoruuk for 38 points of damage.
[Tue Aug 04 17:01:05 2026] You slash a Disciple of Innoruuk for 116 points of damage.
[Tue Aug 04 17:01:05 2026] You hurt yourself for 3 points.
[Tue Aug 04 17:01:05 2026] You bash a Disciple of Innoruuk for 57 points of damage.
[Tue Aug 04 17:01:06 2026] You pierce a Disciple of Innoruuk for 42 points of damage.
[Tue Aug 04 17:01:06 2026] A Disciple of Innoruuk tries to punch YOU, but misses!
[Tue Aug 04 17:01:06 2026] A Disciple of Innoruuk tries to punch YOU, but misses!
[Tue Aug 04 17:01:06 2026] You try to kick a Disciple of Innoruuk, but miss!
[Tue Aug 04 17:01:06 2026] You try to kick a Disciple of Innoruuk, but miss!
[Tue Aug 04 17:01:06 2026] You slash a Disciple of Innoruuk for 117 points of damage.
[Tue Aug 04 17:01:06 2026] You try to slash a Disciple of Innoruuk, but miss!
[Tue Aug 04 17:01:06 2026] You pierce a Disciple of Innoruuk for 17 points of damage.
[Tue Aug 04 17:01:06 2026] A Disciple of Innoruuk punches YOU for 10 points of damage. (Riposte)
[Tue Aug 04 17:01:07 2026] You try to slash a Disciple of Innoruuk, but miss!
[Tue Aug 04 17:01:07 2026] You gain a rune for 7 points of absorption.
[Tue Aug 04 17:01:07 2026] You pierce a Disciple of Innoruuk for 52 points of damage. (Critical)
[Tue Aug 04 17:01:07 2026] You try to pierce a Disciple of Innoruuk, but miss!
[Tue Aug 04 17:01:08 2026] You try to slash a Disciple of Innoruuk, but miss!
[Tue Aug 04 17:01:08 2026] A Disciple of Innoruuk tries to punch YOU, but misses!
[Tue Aug 04 17:01:08 2026] A Disciple of Innoruuk punches YOU for 102 points of damage.
[Tue Aug 04 17:01:08 2026] You try to backstab a Disciple of Innoruuk, but miss!
[Tue Aug 04 17:01:08 2026] You hurt yourself for 12 points.
[Tue Aug 04 17:01:08 2026] You backstab a Disciple of Innoruuk for 193 points of damage.
[Tue Aug 04 17:01:08 2026] You try to bash a Disciple of Innoruuk, but miss!
[Tue Aug 04 17:01:08 2026] You hurt yourself for 5 points.
[Tue Aug 04 17:01:08 2026] You kick a Disciple of Innoruuk for 81 points of damage.
[Tue Aug 04 17:01:08 2026] You hurt yourself for 2 points.
[Tue Aug 04 17:01:08 2026] You kick a Disciple of Innoruuk for 38 points of damage.
[Tue Aug 04 17:01:08 2026] You try to slash a Disciple of Innoruuk, but a Disciple of Innoruuk parries!
[Tue Aug 04 17:01:08 2026] You try to slash a Disciple of Innoruuk, but miss!
[Tue Aug 04 17:01:09 2026] You slash a Disciple of Innoruuk for 48 points of damage.
[Tue Aug 04 17:01:09 2026] You slash a Disciple of Innoruuk for 98 points of damage.
[Tue Aug 04 17:01:09 2026] You try to frenzy on a Disciple of Innoruuk, but miss!
[Tue Aug 04 17:01:09 2026] You try to frenzy on a Disciple of Innoruuk, but miss!
[Tue Aug 04 17:01:09 2026] You try to frenzy on a Disciple of Innoruuk, but a Disciple of Innoruuk parries!
[Tue Aug 04 17:01:09 2026] You try to smite a Disciple of Innoruuk, but miss!
[Tue Aug 04 17:01:09 2026] You try to smite a Disciple of Innoruuk, but miss!
[Tue Aug 04 17:01:10 2026] A Disciple of Innoruuk punches YOU for 109 points of damage.
[Tue Aug 04 17:01:10 2026] A Disciple of Innoruuk tries to punch YOU, but YOU riposte!
[Tue Aug 04 17:01:10 2026] You try to slash a Disciple of Innoruuk, but miss! (Riposte)
[Tue Aug 04 17:01:10 2026] You try to slash a Disciple of Innoruuk, but miss! (Riposte)
[Tue Aug 04 17:01:10 2026] You try to pierce a Disciple of Innoruuk, but miss!
[Tue Aug 04 17:01:10 2026] You pierce a Disciple of Innoruuk for 20 points of damage.
[Tue Aug 04 17:01:10 2026] You slash a Disciple of Innoruuk for 80 points of damage.
[Tue Aug 04 17:01:11 2026] You try to pierce a Disciple of Innoruuk, but miss!
[Tue Aug 04 17:01:11 2026] You gain a rune for 5 points of absorption.
[Tue Aug 04 17:01:11 2026] You pierce a Disciple of Innoruuk for 34 points of damage. (Critical)
[Tue Aug 04 17:01:11 2026] You slash a Disciple of Innoruuk for 14 points of damage.
[Tue Aug 04 17:01:11 2026] You try to bash a Disciple of Innoruuk, but miss!
[Tue Aug 04 17:01:11 2026] A Disciple of Innoruuk punches YOU for 22 points of damage. (Riposte)
[Tue Aug 04 17:01:11 2026] You hurt yourself for 3 points.
[Tue Aug 04 17:01:11 2026] You kick a Disciple of Innoruuk for 48 points of damage.
[Tue Aug 04 17:01:11 2026] You try to backstab a Disciple of Innoruuk, but miss!
[Tue Aug 04 17:01:11 2026] You gain a rune for 5 points of absorption.
[Tue Aug 04 17:01:11 2026] You pierce a Disciple of Innoruuk for 39 points of damage. (Critical)
[Tue Aug 04 17:01:12 2026] You slash a Disciple of Innoruuk for 54 points of damage.
[Tue Aug 04 17:01:12 2026] You slash a Disciple of Innoruuk for 80 points of damage.
[Tue Aug 04 17:01:12 2026] A Disciple of Innoruuk punches YOU for 121 points of damage.
[Tue Aug 04 17:01:12 2026] A Disciple of Innoruuk punches YOU for 134 points of damage.
[Tue Aug 04 17:01:12 2026] You pierce a Disciple of Innoruuk for 30 points of damage.
[Tue Aug 04 17:01:12 2026] You try to pierce a Disciple of Innoruuk, but miss!
[Tue Aug 04 17:01:12 2026] You gain a rune for 24 points of absorption.
[Tue Aug 04 17:01:12 2026] You slash a Disciple of Innoruuk for 164 points of damage. (Critical)
[Tue Aug 04 17:01:12 2026] You try to slash a Disciple of Innoruuk, but miss!
[Tue Aug 04 17:01:13 2026] You try to pierce a Disciple of Innoruuk, but a Disciple of Innoruuk dodges!
[Tue Aug 04 17:01:13 2026] You gain a rune for 11 points of absorption.
[Tue Aug 04 17:01:13 2026] You slash a Disciple of Innoruuk for 77 points of damage. (Critical)
[Tue Aug 04 17:01:13 2026] You try to slash a Disciple of Innoruuk, but a Disciple of Innoruuk dodges!
[Tue Aug 04 17:01:14 2026] You hurt yourself for 1 points.
[Tue Aug 04 17:01:14 2026] You bash a Disciple of Innoruuk for 15 points of damage.
[Tue Aug 04 17:01:14 2026] You hurt yourself for 2 points.
[Tue Aug 04 17:01:14 2026] You bash a Disciple of Innoruuk for 35 points of damage.
[Tue Aug 04 17:01:14 2026] A Disciple of Innoruuk punches YOU for 91 points of damage.
[Tue Aug 04 17:01:14 2026] A Disciple of Innoruuk punches YOU for 209 points of damage.
[Tue Aug 04 17:01:14 2026] You pierce a Disciple of Innoruuk for 2 points of damage.
[Tue Aug 04 17:01:14 2026] You pierce a Disciple of Innoruuk for 30 points of damage.
[Tue Aug 04 17:01:14 2026] You hurt yourself for 1 points.
[Tue Aug 04 17:01:14 2026] You kick a Disciple of Innoruuk for 25 points of damage.
[Tue Aug 04 17:01:14 2026] You kick a Disciple of Innoruuk for 6 points of damage.
[Tue Aug 04 17:01:14 2026] You try to slash a Disciple of Innoruuk, but miss!
[Tue Aug 04 17:01:14 2026] You try to frenzy on a Disciple of Innoruuk, but miss!
[Tue Aug 04 17:01:14 2026] You try to frenzy on a Disciple of Innoruuk, but miss!
[Tue Aug 04 17:01:14 2026] You smite a Disciple of Innoruuk for 12 points of damage.
[Tue Aug 04 17:01:14 2026] You hit a Disciple of Innoruuk for 154 points of magic damage by Smiting Strike.
[Tue Aug 04 17:01:14 2026] A Disciple of Innoruuk staggers.
[Tue Aug 04 17:01:14 2026] You smite a Disciple of Innoruuk for 46 points of damage.
[Tue Aug 04 17:01:14 2026] You hit a Disciple of Innoruuk for 154 points of magic damage by Smiting Strike.
[Tue Aug 04 17:01:14 2026] A Disciple of Innoruuk staggers.
[Tue Aug 04 17:01:14 2026] You hurt yourself for 4 points.
[Tue Aug 04 17:01:14 2026] You backstab a Disciple of Innoruuk for 60 points of damage.
[Tue Aug 04 17:01:14 2026] You hurt yourself for 12 points.
[Tue Aug 04 17:01:14 2026] You backstab a Disciple of Innoruuk for 193 points of damage.
[Tue Aug 04 17:01:15 2026] You pierce a Disciple of Innoruuk for 30 points of damage.
[Tue Aug 04 17:01:15 2026] You gain a rune for 11 points of absorption.
[Tue Aug 04 17:01:15 2026] You slash a Disciple of Innoruuk for 77 points of damage. (Critical)
[Tue Aug 04 17:01:15 2026] You slash a Disciple of Innoruuk for 155 points of damage.
[Tue Aug 04 17:01:16 2026] You try to pierce a Disciple of Innoruuk, but miss!
[Tue Aug 04 17:01:16 2026] You try to slash a Disciple of Innoruuk, but miss!
[Tue Aug 04 17:01:16 2026] You try to slash a Disciple of Innoruuk, but miss!
[Tue Aug 04 17:01:16 2026] A Disciple of Innoruuk tries to punch YOU, but misses!
[Tue Aug 04 17:01:16 2026] You pierce a Disciple of Innoruuk for 17 points of damage.
[Tue Aug 04 17:01:16 2026] You pierce a Disciple of Innoruuk for 14 points of damage.
[Tue Aug 04 17:01:16 2026] You try to slash a Disciple of Innoruuk, but a Disciple of Innoruuk parries!
[Tue Aug 04 17:01:16 2026] You slash a Disciple of Innoruuk for 101 points of damage.
[Tue Aug 04 17:01:16 2026] You hurt yourself for 3 points.
[Tue Aug 04 17:01:16 2026] You bash a Disciple of Innoruuk for 46 points of damage.
[Tue Aug 04 17:01:16 2026] You hurt yourself for 2 points.
[Tue Aug 04 17:01:16 2026] You bash a Disciple of Innoruuk for 31 points of damage.
[Tue Aug 04 17:01:17 2026] You try to kick a Disciple of Innoruuk, but miss!
[Tue Aug 04 17:01:17 2026] You try to kick a Disciple of Innoruuk, but miss!
[Tue Aug 04 17:01:17 2026] You pierce a Disciple of Innoruuk for 27 points of damage.
[Tue Aug 04 17:01:17 2026] You try to slash a Disciple of Innoruuk, but miss!
[Tue Aug 04 17:01:17 2026] You slash a Disciple of Innoruuk for 16 points of damage.
[Tue Aug 04 17:01:18 2026] You hurt yourself for 3 points.
[Tue Aug 04 17:01:18 2026] You gain a rune for 22 points of absorption.
[Tue Aug 04 17:01:18 2026] You backstab a Disciple of Innoruuk for 148 points of damage. (Critical)
[Tue Aug 04 17:01:18 2026] A Disciple of Innoruuk tries to punch YOU, but misses!
[Tue Aug 04 17:01:18 2026] You slash a Disciple of Innoruuk for 98 points of damage.
[Tue Aug 04 17:01:18 2026] You try to slash a Disciple of Innoruuk, but miss!
[Tue Aug 04 17:01:18 2026] You gain a rune for 6 points of absorption.
[Tue Aug 04 17:01:18 2026] You pierce a Disciple of Innoruuk for 44 points of damage. (Critical)
[Tue Aug 04 17:01:19 2026] You try to smite a Disciple of Innoruuk, but miss!
[Tue Aug 04 17:01:19 2026] You try to slash a Disciple of Innoruuk, but miss!
[Tue Aug 04 17:01:19 2026] You pierce a Disciple of Innoruuk for 64 points of damage.
[Tue Aug 04 17:01:19 2026] You pierce a Disciple of Innoruuk for 8 points of damage.
[Tue Aug 04 17:01:19 2026] You hurt yourself for 6 points.
[Tue Aug 04 17:01:19 2026] You gain a rune for 24 points of absorption.
[Tue Aug 04 17:01:19 2026] You frenzy on a Disciple of Innoruuk for 160 points of damage. (Critical)
[Tue Aug 04 17:01:19 2026] You frenzy on a Disciple of Innoruuk for 2 points of damage.
[Tue Aug 04 17:01:19 2026] You try to frenzy on a Disciple of Innoruuk, but a Disciple of Innoruuk parries!
[Tue Aug 04 17:01:19 2026] You hurt yourself for 6 points.
[Tue Aug 04 17:01:19 2026] You bash a Disciple of Innoruuk for 102 points of damage.
[Tue Aug 04 17:01:19 2026] You hurt yourself for 3 points.
[Tue Aug 04 17:01:19 2026] You bash a Disciple of Innoruuk for 57 points of damage.
[Tue Aug 04 17:01:19 2026] You try to kick a Disciple of Innoruuk, but miss!
[Tue Aug 04 17:01:19 2026] You hurt yourself for 1 points.
[Tue Aug 04 17:01:19 2026] You kick a Disciple of Innoruuk for 18 points of damage.
[Tue Aug 04 17:01:19 2026] You hurt yourself for 1 points.
[Tue Aug 04 17:01:19 2026] You gain a rune for 6 points of absorption.
[Tue Aug 04 17:01:19 2026] You kick a Disciple of Innoruuk for 43 points of damage. (Critical)
[Tue Aug 04 17:01:20 2026] A Disciple of Innoruuk tries to punch YOU, but YOU dodge!
[Tue Aug 04 17:01:20 2026] You try to slash a Disciple of Innoruuk, but miss!
[Tue Aug 04 17:01:20 2026] A Disciple of Innoruuk punches YOU for 199 points of damage.
[Tue Aug 04 17:01:20 2026] You try to slash a Disciple of Innoruuk, but miss!
[Tue Aug 04 17:01:20 2026] You slash a Disciple of Innoruuk for 80 points of damage.
[Tue Aug 04 17:01:20 2026] You hit a Disciple of Innoruuk for 2 points of poison damage by Cobra Venom Strike.
[Tue Aug 04 17:01:20 2026] A Disciple of Innoruuk screams as poison burns their veins!
[Tue Aug 04 17:01:20 2026] You pierce a Disciple of Innoruuk for 30 points of damage.
[Tue Aug 04 17:01:20 2026] You pierce a Disciple of Innoruuk for 35 points of damage.
[Tue Aug 04 17:01:21 2026] You hurt yourself for 9 points.
[Tue Aug 04 17:01:21 2026] You backstab a Disciple of Innoruuk for 135 points of damage.
[Tue Aug 04 17:01:21 2026] You try to slash a Disciple of Innoruuk, but miss!
[Tue Aug 04 17:01:21 2026] You try to pierce a Disciple of Innoruuk, but miss!
[Tue Aug 04 17:01:21 2026] You try to pierce a Disciple of Innoruuk, but miss!
[Tue Aug 04 17:01:22 2026] You try to bash a Disciple of Innoruuk, but miss!
[Tue Aug 04 17:01:22 2026] You hurt yourself for 1 points.
[Tue Aug 04 17:01:22 2026] You gain a rune for 6 points of absorption.
[Tue Aug 04 17:01:22 2026] You kick a Disciple of Innoruuk for 40 points of damage. (Critical)
[Tue Aug 04 17:01:22 2026] This spell only works on the undead.
[Tue Aug 04 17:01:22 2026] You slash a Disciple of Innoruuk for 77 points of damage.
[Tue Aug 04 17:01:22 2026] A Disciple of Innoruuk tries to punch YOU, but misses!
[Tue Aug 04 17:01:22 2026] You try to pierce a Disciple of Innoruuk, but miss!
[Tue Aug 04 17:01:23 2026] a Disciple of Innoruuk's limbs move slower!
[Tue Aug 04 17:01:23 2026] You slash a Disciple of Innoruuk for 115 points of damage.
[Tue Aug 04 17:01:23 2026] You try to slash a Disciple of Innoruuk, but miss!
[Tue Aug 04 17:01:24 2026] You slash a Disciple of Innoruuk for 154 points of damage.
[Tue Aug 04 17:01:24 2026] You try to smite a Disciple of Innoruuk, but miss!
[Tue Aug 04 17:01:24 2026] You try to smite a Disciple of Innoruuk, but miss!
[Tue Aug 04 17:01:24 2026] You try to frenzy on a Disciple of Innoruuk, but a Disciple of Innoruuk parries!
[Tue Aug 04 17:01:24 2026] You hurt yourself for 3 points.
[Tue Aug 04 17:01:24 2026] You frenzy on a Disciple of Innoruuk for 57 points of damage.
[Tue Aug 04 17:01:24 2026] You try to frenzy on a Disciple of Innoruuk, but miss!
[Tue Aug 04 17:01:24 2026] You try to frenzy on a Disciple of Innoruuk, but miss!
[Tue Aug 04 17:01:24 2026] You try to pierce a Disciple of Innoruuk, but miss!
[Tue Aug 04 17:01:24 2026] You try to pierce a Disciple of Innoruuk, but miss!
[Tue Aug 04 17:01:24 2026] You try to bash a Disciple of Innoruuk, but miss!
[Tue Aug 04 17:01:24 2026] You gain a rune for 20 points of absorption.
[Tue Aug 04 17:01:24 2026] You slash a Disciple of Innoruuk for 136 points of damage. (Critical)
[Tue Aug 04 17:01:24 2026] You try to slash a Disciple of Innoruuk, but miss!
[Tue Aug 04 17:01:24 2026] You hurt yourself for 7 points.
[Tue Aug 04 17:01:24 2026] You backstab a Disciple of Innoruuk for 106 points of damage.
[Tue Aug 04 17:01:24 2026] You try to kick a Disciple of Innoruuk, but a Disciple of Innoruuk dodges!
[Tue Aug 04 17:01:25 2026] You pierce a Disciple of Innoruuk for 30 points of damage.
[Tue Aug 04 17:01:25 2026] You try to pierce a Disciple of Innoruuk, but miss!
[Tue Aug 04 17:01:25 2026] A Disciple of Innoruuk resisted your Weakening Strike!
[Tue Aug 04 17:01:25 2026] You try to slash a Disciple of Innoruuk, but miss!
[Tue Aug 04 17:01:25 2026] A Disciple of Innoruuk tries to punch YOU, but misses!
[Tue Aug 04 17:01:25 2026] A Disciple of Innoruuk tries to punch YOU, but misses!
[Tue Aug 04 17:01:26 2026] You slash a Disciple of Innoruuk for 70 points of damage.
[Tue Aug 04 17:01:26 2026] You slash a Disciple of Innoruuk for 93 points of damage.
[Tue Aug 04 17:01:26 2026] You gain a rune for 5 points of absorption.
[Tue Aug 04 17:01:26 2026] You pierce a Disciple of Innoruuk for 34 points of damage. (Critical)
[Tue Aug 04 17:01:27 2026] A Disciple of Innoruuk begins casting Ignite Bones.
[Tue Aug 04 17:01:27 2026] You try to slash a Disciple of Innoruuk, but miss!
[Tue Aug 04 17:01:27 2026] You hurt yourself for 1 points.
[Tue Aug 04 17:01:27 2026] You bash a Disciple of Innoruuk for 26 points of damage.
[Tue Aug 04 17:01:27 2026] You hurt yourself for 2 points.
[Tue Aug 04 17:01:27 2026] a Disciple of Innoruuk's Ignite Bones spell is interrupted.
[Tue Aug 04 17:01:27 2026] You bash a Disciple of Innoruuk for 41 points of damage.
[Tue Aug 04 17:01:27 2026] You try to kick a Disciple of Innoruuk, but miss!
[Tue Aug 04 17:01:27 2026] You kick a Disciple of Innoruuk for 2 points of damage.
[Tue Aug 04 17:01:28 2026] You try to slash a Disciple of Innoruuk, but miss!
[Tue Aug 04 17:01:28 2026] You hurt yourself for 22 points.
[Tue Aug 04 17:01:28 2026] You backstab a Disciple of Innoruuk for 336 points of damage.
[Tue Aug 04 17:01:28 2026] You hurt yourself for 4 points.
[Tue Aug 04 17:01:28 2026] You backstab a Disciple of Innoruuk for 60 points of damage.
[Tue Aug 04 17:01:28 2026] You hurt yourself for 4 points.
[Tue Aug 04 17:01:28 2026] You backstab a Disciple of Innoruuk for 60 points of damage.
[Tue Aug 04 17:01:28 2026] You pierce a Disciple of Innoruuk for 30 points of damage.
[Tue Aug 04 17:01:28 2026] You try to pierce a Disciple of Innoruuk, but miss!
[Tue Aug 04 17:01:28 2026] A Disciple of Innoruuk punches YOU for 108 points of damage.
[Tue Aug 04 17:01:28 2026] A Disciple of Innoruuk tries to punch YOU, but YOU dodge!
[Tue Aug 04 17:01:28 2026] You try to slash a Disciple of Innoruuk, but miss!
[Tue Aug 04 17:01:28 2026] You try to smite a Disciple of Innoruuk, but miss!
[Tue Aug 04 17:01:28 2026] You smite a Disciple of Innoruuk for 48 points of damage.
[Tue Aug 04 17:01:28 2026] You hit a Disciple of Innoruuk for 154 points of magic damage by Smiting Strike.
[Tue Aug 04 17:01:28 2026] A Disciple of Innoruuk staggers.
[Tue Aug 04 17:01:28 2026] You hurt yourself for 2 points.
[Tue Aug 04 17:01:28 2026] You frenzy on a Disciple of Innoruuk for 37 points of damage.
[Tue Aug 04 17:01:28 2026] You hurt yourself for 3 points.
[Tue Aug 04 17:01:28 2026] You frenzy on a Disciple of Innoruuk for 46 points of damage.
[Tue Aug 04 17:01:28 2026] You hurt yourself for 3 points.
[Tue Aug 04 17:01:28 2026] You gain a rune for 14 points of absorption.
[Tue Aug 04 17:01:28 2026] You frenzy on a Disciple of Innoruuk for 97 points of damage. (Critical)
[Tue Aug 04 17:01:29 2026] You try to pierce a Disciple of Innoruuk, but miss!
[Tue Aug 04 17:01:29 2026] You pierce a Disciple of Innoruuk for 9 points of damage.
[Tue Aug 04 17:01:29 2026] You try to slash a Disciple of Innoruuk, but miss!
[Tue Aug 04 17:01:29 2026] You slash a Disciple of Innoruuk for 59 points of damage.
[Tue Aug 04 17:01:30 2026] You pierce a Disciple of Innoruuk for 30 points of damage.
[Tue Aug 04 17:01:30 2026] You hurt yourself for 1 points.
[Tue Aug 04 17:01:30 2026] You bash a Disciple of Innoruuk for 26 points of damage.
[Tue Aug 04 17:01:30 2026] You hurt yourself for 3 points.
[Tue Aug 04 17:01:30 2026] You bash a Disciple of Innoruuk for 55 points of damage.
[Tue Aug 04 17:01:30 2026] You hurt yourself for 2 points.
[Tue Aug 04 17:01:30 2026] You kick a Disciple of Innoruuk for 36 points of damage.
[Tue Aug 04 17:01:30 2026] You try to kick a Disciple of Innoruuk, but miss!
[Tue Aug 04 17:01:30 2026] You try to slash a Disciple of Innoruuk, but a Disciple of Innoruuk parries!
[Tue Aug 04 17:01:30 2026] You try to slash a Disciple of Innoruuk, but a Disciple of Innoruuk dodges!
[Tue Aug 04 17:01:30 2026] You try to pierce a Disciple of Innoruuk, but miss!
[Tue Aug 04 17:01:30 2026] You try to pierce a Disciple of Innoruuk, but miss!
[Tue Aug 04 17:01:31 2026] A Disciple of Innoruuk begins casting Paralyzing Earth.
[Tue Aug 04 17:01:31 2026] A Disciple of Innoruuk resisted your Blood Draw Strike!
[Tue Aug 04 17:01:31 2026] You try to slash a Disciple of Innoruuk, but miss!
[Tue Aug 04 17:01:31 2026] You try to slash a Disciple of Innoruuk, but miss!
[Tue Aug 04 17:01:31 2026] You try to backstab a Disciple of Innoruuk, but miss!
[Tue Aug 04 17:01:31 2026] You hurt yourself for 6 points.
[Tue Aug 04 17:01:31 2026] You gain a rune for 25 points of absorption.
[Tue Aug 04 17:01:31 2026] You backstab a Disciple of Innoruuk for 169 points of damage. (Critical)
[Tue Aug 04 17:01:31 2026] You try to pierce a Disciple of Innoruuk, but miss!
[Tue Aug 04 17:01:31 2026] You try to pierce a Disciple of Innoruuk, but a Disciple of Innoruuk parries!
[Tue Aug 04 17:01:32 2026] You try to slash a Disciple of Innoruuk, but miss!
[Tue Aug 04 17:01:32 2026] You pierce a Disciple of Innoruuk for 35 points of damage.
[Tue Aug 04 17:01:32 2026] You try to slash a Disciple of Innoruuk, but miss!
[Tue Aug 04 17:01:32 2026] You try to bash a Disciple of Innoruuk, but a Disciple of Innoruuk parries!
[Tue Aug 04 17:01:32 2026] You try to bash a Disciple of Innoruuk, but miss!
[Tue Aug 04 17:01:32 2026] You hurt yourself for 2 points.
[Tue Aug 04 17:01:32 2026] You kick a Disciple of Innoruuk for 42 points of damage.
[Tue Aug 04 17:01:33 2026] You try to slash a Disciple of Innoruuk, but miss!
[Tue Aug 04 17:01:33 2026] You slash a Disciple of Innoruuk for 45 points of damage.
[Tue Aug 04 17:01:33 2026] Your feet adhere to the ground.
[Tue Aug 04 17:01:33 2026] A Disciple of Innoruuk punches YOU for 41 points of damage.
[Tue Aug 04 17:01:33 2026] A Disciple of Innoruuk tries to punch YOU, but misses!
[Tue Aug 04 17:01:33 2026] You try to smite a Disciple of Innoruuk, but miss!
[Tue Aug 04 17:01:33 2026] You smite a Disciple of Innoruuk for 74 points of damage. (Critical)
[Tue Aug 04 17:01:33 2026] You hit a Disciple of Innoruuk for 154 points of magic damage by Smiting Strike.
[Tue Aug 04 17:01:33 2026] A Disciple of Innoruuk staggers.
[Tue Aug 04 17:01:33 2026] You hurt yourself for 6 points.
[Tue Aug 04 17:01:33 2026] You frenzy on a Disciple of Innoruuk for 90 points of damage.
[Tue Aug 04 17:01:33 2026] You hurt yourself for 2 points.
[Tue Aug 04 17:01:33 2026] You frenzy on a Disciple of Innoruuk for 31 points of damage.
[Tue Aug 04 17:01:33 2026] A Disciple of Innoruuk punches YOU for 57 points of damage. (Riposte)
[Tue Aug 04 17:01:33 2026] You try to frenzy on a Disciple of Innoruuk, but miss!
[Tue Aug 04 17:01:34 2026] You pierce a Disciple of Innoruuk for 16 points of damage.
[Tue Aug 04 17:01:34 2026] You cannot see your target.
[Tue Aug 04 17:01:34 2026] A Disciple of Innoruuk punches YOU for 34 points of damage. (Riposte)
[Tue Aug 04 17:01:34 2026] You try to punch a Disciple of Innoruuk, but miss!
[Tue Aug 04 17:01:35 2026] A Disciple of Innoruuk punches YOU for 143 points of damage.
[Tue Aug 04 17:01:35 2026] A Disciple of Innoruuk punches YOU for 73 points of damage. (Riposte)
[Tue Aug 04 17:01:35 2026] You try to pierce a Disciple of Innoruuk, but a Disciple of Innoruuk dodges!
[Tue Aug 04 17:01:35 2026] You slash a Disciple of Innoruuk for 41 points of damage.
[Tue Aug 04 17:01:35 2026] You try to slash a Disciple of Innoruuk, but miss!
[Tue Aug 04 17:01:35 2026] You hurt yourself for 6 points.
[Tue Aug 04 17:01:35 2026] You bash a Disciple of Innoruuk for 96 points of damage.
[Tue Aug 04 17:01:35 2026] You try to kick a Disciple of Innoruuk, but miss!
[Tue Aug 04 17:01:35 2026] You kick a Disciple of Innoruuk for 11 points of damage.
[Tue Aug 04 17:01:35 2026] Your Djarn's Amethyst Ring (Exaltation) shimmers briefly.
[Tue Aug 04 17:01:35 2026] You begin casting Superior Healing IV.
[Tue Aug 04 17:01:36 2026] Your Idol of the Underking (Exaltation) feels alive with power.
[Tue Aug 04 17:01:36 2026] You feel much better.
[Tue Aug 04 17:01:36 2026] You healed Primitive for 875 hit points by Superior Healing.
[Tue Aug 04 17:01:36 2026] A Disciple of Innoruuk resisted your Clumsiness Strike!
[Tue Aug 04 17:01:36 2026] You pierce a Disciple of Innoruuk for 48 points of damage.
[Tue Aug 04 17:01:36 2026] You pierce a Disciple of Innoruuk for 8 points of damage.
[Tue Aug 04 17:01:36 2026] This spell only works on the undead.
[Tue Aug 04 17:01:36 2026] You try to slash a Disciple of Innoruuk, but miss!
[Tue Aug 04 17:01:36 2026] You slash a Disciple of Innoruuk for 37 points of damage.
[Tue Aug 04 17:01:36 2026] You pierce a Disciple of Innoruuk for 30 points of damage.
[Tue Aug 04 17:01:36 2026] You pierce a Disciple of Innoruuk for 57 points of damage.
[Tue Aug 04 17:01:36 2026] A Disciple of Innoruuk resisted your Cobra Venom Strike!
[Tue Aug 04 17:01:36 2026] You try to slash a Disciple of Innoruuk, but a Disciple of Innoruuk dodges!
[Tue Aug 04 17:01:37 2026] This spell only works on the undead.
[Tue Aug 04 17:01:37 2026] You try to slash a Disciple of Innoruuk, but a Disciple of Innoruuk dodges!
[Tue Aug 04 17:01:37 2026] You try to slash a Disciple of Innoruuk, but miss!
[Tue Aug 04 17:01:38 2026] You try to backstab a Disciple of Innoruuk, but miss!
[Tue Aug 04 17:01:38 2026] You hurt yourself for 6 points.
[Tue Aug 04 17:01:38 2026] You bash a Disciple of Innoruuk for 90 points of damage.
[Tue Aug 04 17:01:38 2026] You try to bash a Disciple of Innoruuk, but miss!
[Tue Aug 04 17:01:38 2026] A Disciple of Innoruuk tries to punch YOU, but YOU riposte!
[Tue Aug 04 17:01:38 2026] You try to slash a Disciple of Innoruuk, but miss! (Riposte)
[Tue Aug 04 17:01:38 2026] A Disciple of Innoruuk tries to punch YOU, but YOU block!
[Tue Aug 04 17:01:38 2026] You hurt yourself for 2 points.
[Tue Aug 04 17:01:38 2026] You kick a Disciple of Innoruuk for 41 points of damage.
[Tue Aug 04 17:01:38 2026] You hurt yourself for 5 points.
[Tue Aug 04 17:01:38 2026] You gain a rune for 19 points of absorption.
[Tue Aug 04 17:01:38 2026] You kick a Disciple of Innoruuk for 130 points of damage. (Critical)
[Tue Aug 04 17:01:38 2026] You try to slash a Disciple of Innoruuk, but miss!
[Tue Aug 04 17:01:38 2026] You slash a Disciple of Innoruuk for 28 points of damage.
[Tue Aug 04 17:01:38 2026] You hurt yourself for 7 points.
[Tue Aug 04 17:01:38 2026] You frenzy on a Disciple of Innoruuk for 118 points of damage.
[Tue Aug 04 17:01:38 2026] A Disciple of Innoruuk punches YOU for 24 points of damage. (Riposte)
[Tue Aug 04 17:01:38 2026] You try to punch a Disciple of Innoruuk, but a Disciple of Innoruuk parries!
[Tue Aug 04 17:01:38 2026] You hurt yourself for 5 points.
[Tue Aug 04 17:01:38 2026] You frenzy on a Disciple of Innoruuk for 77 points of damage.
[Tue Aug 04 17:01:38 2026] You hurt yourself for 3 points.
[Tue Aug 04 17:01:38 2026] You gain a rune for 13 points of absorption.
[Tue Aug 04 17:01:38 2026] You frenzy on a Disciple of Innoruuk for 88 points of damage. (Critical)
[Tue Aug 04 17:01:38 2026] You smite a Disciple of Innoruuk for 19 points of damage.
[Tue Aug 04 17:01:38 2026] You hit a Disciple of Innoruuk for 154 points of magic damage by Smiting Strike.
[Tue Aug 04 17:01:38 2026] A Disciple of Innoruuk staggers.
[Tue Aug 04 17:01:39 2026] You slash a Disciple of Innoruuk for 18 points of damage.
[Tue Aug 04 17:01:39 2026] Your faction standing with Inhabitants of Hate could not possibly get any worse.
[Tue Aug 04 17:01:39 2026] You gain experience! (1.595%)
[Tue Aug 04 17:01:39 2026] You receive 11 platinum, 4 gold, 8 silver and 6 copper from the corpse.
[Tue Aug 04 17:01:39 2026] You have slain a Disciple of Innoruuk!
[Tue Aug 04 17:01:39 2026] You looted a Crystallized Sulfur from a Disciple of Innoruuk's corpse and sold it for 1 gold, 1 silver and 8 copper.
[Tue Aug 04 17:01:39 2026] You looted a Neriak Ceremonial Robe from a Disciple of Innoruuk's corpse and sold it for free.
[Tue Aug 04 17:01:39 2026] Your feet come free.
[Tue Aug 04 17:01:43 2026] Auto attack is on.
[Tue Aug 04 17:01:43 2026] You try to backstab a Champion of Innoruuk, but miss!
[Tue Aug 04 17:01:43 2026] You try to bash a Champion of Innoruuk, but a Champion of Innoruuk dodges!
[Tue Aug 04 17:01:43 2026] You try to frenzy on a Champion of Innoruuk, but miss!
[Tue Aug 04 17:01:43 2026] You try to frenzy on a Champion of Innoruuk, but miss!
[Tue Aug 04 17:01:43 2026] You hurt yourself for 6 points.
[Tue Aug 04 17:01:43 2026] You frenzy on a Champion of Innoruuk for 102 points of damage.
[Tue Aug 04 17:01:43 2026] You try to kick a Champion of Innoruuk, but miss!
[Tue Aug 04 17:01:43 2026] You hurt yourself for 5 points.
[Tue Aug 04 17:01:43 2026] You kick a Champion of Innoruuk for 86 points of damage.
[Tue Aug 04 17:01:43 2026] You try to smite a Champion of Innoruuk, but miss!
[Tue Aug 04 17:01:43 2026] You slash a Champion of Innoruuk for 16 points of damage.
[Tue Aug 04 17:01:43 2026] You slash a Champion of Innoruuk for 70 points of damage.
[Tue Aug 04 17:01:43 2026] A Champion of Innoruuk punches YOU for 50 points of damage.
[Tue Aug 04 17:01:43 2026] A Champion of Innoruuk cleaves YOU for 211 points of damage.
[Tue Aug 04 17:01:43 2026] A Champion of Innoruuk tries to bash YOU, but misses!
[Tue Aug 04 17:01:43 2026] A Champion of Innoruuk tries to bash YOU, but misses!
[Tue Aug 04 17:01:44 2026] A Champion of Innoruuk kicks YOU for 45 points of damage.
[Tue Aug 04 17:01:44 2026] You try to pierce a Champion of Innoruuk, but miss!
[Tue Aug 04 17:01:44 2026] You slash a Champion of Innoruuk for 93 points of damage.
[Tue Aug 04 17:01:45 2026] You slash a Champion of Innoruuk for 120 points of damage.
[Tue Aug 04 17:01:45 2026] A Champion of Innoruuk tries to punch YOU, but misses!
[Tue Aug 04 17:01:45 2026] A Champion of Innoruuk tries to punch YOU, but misses!
[Tue Aug 04 17:01:46 2026] You slash a Champion of Innoruuk for 82 points of damage.
[Tue Aug 04 17:01:46 2026] You hurt yourself for 2 points.
[Tue Aug 04 17:01:46 2026] You kick a Champion of Innoruuk for 38 points of damage.
[Tue Aug 04 17:01:46 2026] You hurt yourself for 3 points.
[Tue Aug 04 17:01:46 2026] You kick a Champion of Innoruuk for 53 points of damage.
[Tue Aug 04 17:01:46 2026] You pierce a Champion of Innoruuk for 30 points of damage.
[Tue Aug 04 17:01:46 2026] You gain a rune for 17 points of absorption.
[Tue Aug 04 17:01:46 2026] You pierce a Champion of Innoruuk for 117 points of damage. (Critical)
[Tue Aug 04 17:01:46 2026] You hurt yourself for 1 points.
[Tue Aug 04 17:01:46 2026] You bash a Champion of Innoruuk for 28 points of damage.
[Tue Aug 04 17:01:47 2026] You try to slash a Champion of Innoruuk, but miss!
[Tue Aug 04 17:01:47 2026] You slash a Champion of Innoruuk for 66 points of damage.
[Tue Aug 04 17:01:47 2026] You try to backstab a Champion of Innoruuk, but a Champion of Innoruuk parries!
[Tue Aug 04 17:01:47 2026] You try to backstab a Champion of Innoruuk, but miss!
[Tue Aug 04 17:01:47 2026] You hurt yourself for 10 points.
[Tue Aug 04 17:01:47 2026] You backstab a Champion of Innoruuk for 158 points of damage.
[Tue Aug 04 17:01:47 2026] You try to pierce a Champion of Innoruuk, but miss!
[Tue Aug 04 17:01:47 2026] You slash a Champion of Innoruuk for 35 points of damage.
[Tue Aug 04 17:01:47 2026] A Champion of Innoruuk punches YOU for 193 points of damage.
[Tue Aug 04 17:01:47 2026] A Champion of Innoruuk tries to punch YOU, but misses!
[Tue Aug 04 17:01:48 2026] You try to pierce a Champion of Innoruuk, but miss!
[Tue Aug 04 17:01:48 2026] You try to smite a Champion of Innoruuk, but miss!
[Tue Aug 04 17:01:48 2026] You hurt yourself for 1 points.
[Tue Aug 04 17:01:48 2026] You frenzy on a Champion of Innoruuk for 17 points of damage.
[Tue Aug 04 17:01:48 2026] You try to frenzy on a Champion of Innoruuk, but miss!
[Tue Aug 04 17:01:48 2026] You hurt yourself for 4 points.
[Tue Aug 04 17:01:48 2026] You frenzy on a Champion of Innoruuk for 68 points of damage.
[Tue Aug 04 17:01:48 2026] You hurt yourself for 7 points.
[Tue Aug 04 17:01:48 2026] You frenzy on a Champion of Innoruuk for 118 points of damage.
[Tue Aug 04 17:01:48 2026] You slash a Champion of Innoruuk for 80 points of damage.
[Tue Aug 04 17:01:48 2026] A Champion of Innoruuk tries to punch YOU, but YOU parry!
[Tue Aug 04 17:01:48 2026] You try to slash a Champion of Innoruuk, but a Champion of Innoruuk parries!
[Tue Aug 04 17:01:48 2026] a Champion of Innoruuk's fingers slow down.
[Tue Aug 04 17:01:48 2026] You try to pierce a Champion of Innoruuk, but miss!
[Tue Aug 04 17:01:48 2026] A Champion of Innoruuk punches YOU for 44 points of damage. (Riposte)
[Tue Aug 04 17:01:48 2026] You try to punch a Champion of Innoruuk, but a Champion of Innoruuk parries!
[Tue Aug 04 17:01:49 2026] You try to bash a Champion of Innoruuk, but miss!
[Tue Aug 04 17:01:49 2026] You slash a Champion of Innoruuk for 31 points of damage.
[Tue Aug 04 17:01:49 2026] a Champion of Innoruuk's fingers slow down.
[Tue Aug 04 17:01:49 2026] A Champion of Innoruuk tries to punch YOU, but misses!
[Tue Aug 04 17:01:50 2026] You slash a Champion of Innoruuk for 82 points of damage.
[Tue Aug 04 17:01:50 2026] You slash a Champion of Innoruuk for 38 points of damage.
[Tue Aug 04 17:01:50 2026] You try to backstab a Champion of Innoruuk, but miss!
[Tue Aug 04 17:01:50 2026] You try to pierce a Champion of Innoruuk, but a Champion of Innoruuk parries!
[Tue Aug 04 17:01:50 2026] You try to pierce a Champion of Innoruuk, but miss!
[Tue Aug 04 17:01:50 2026] You slash a Champion of Innoruuk for 75 points of damage.
[Tue Aug 04 17:01:50 2026] You gain a rune for 17 points of absorption.
[Tue Aug 04 17:01:50 2026] You slash a Champion of Innoruuk for 118 points of damage. (Critical)
[Tue Aug 04 17:01:51 2026] You try to pierce a Champion of Innoruuk, but a Champion of Innoruuk parries!
[Tue Aug 04 17:01:51 2026] You try to kick a Champion of Innoruuk, but miss!
[Tue Aug 04 17:01:51 2026] You hit a Champion of Innoruuk for 48 points of poison damage by Blood Draw Strike.
[Tue Aug 04 17:01:51 2026] A Champion of Innoruuk begins to bleed profusely!
[Tue Aug 04 17:01:51 2026] You try to slash a Champion of Innoruuk, but miss!
[Tue Aug 04 17:01:51 2026] You slash a Champion of Innoruuk for 91 points of damage.
[Tue Aug 04 17:01:51 2026] A Champion of Innoruuk bashes YOU for 34 points of damage.
[Tue Aug 04 17:01:51 2026] You hurt yourself for 6 points.
[Tue Aug 04 17:01:51 2026] You bash a Champion of Innoruuk for 101 points of damage.
[Tue Aug 04 17:01:51 2026] You hurt yourself for 7 points.
[Tue Aug 04 17:01:51 2026] You bash a Champion of Innoruuk for 108 points of damage.
[Tue Aug 04 17:01:51 2026] A Champion of Innoruuk punches YOU for 77 points of damage.
[Tue Aug 04 17:01:52 2026] You pierce a Champion of Innoruuk for 29 points of damage.
[Tue Aug 04 17:01:52 2026] A Champion of Innoruuk kicks YOU for 45 points of damage.
[Tue Aug 04 17:01:52 2026] A Champion of Innoruuk tries to kick YOU, but misses!
[Tue Aug 04 17:01:52 2026] You try to slash a Champion of Innoruuk, but miss!
[Tue Aug 04 17:01:52 2026] You slash a Champion of Innoruuk for 38 points of damage.
[Tue Aug 04 17:01:52 2026] You slash a Champion of Innoruuk for 66 points of damage.
[Tue Aug 04 17:01:52 2026] You pierce a Champion of Innoruuk for 20 points of damage.
[Tue Aug 04 17:01:52 2026] You pierce a Champion of Innoruuk for 29 points of damage.
[Tue Aug 04 17:01:53 2026] You smite a Champion of Innoruuk for 49 points of damage. (Critical)
[Tue Aug 04 17:01:53 2026] You hit a Champion of Innoruuk for 154 points of magic damage by Smiting Strike.
[Tue Aug 04 17:01:53 2026] A Champion of Innoruuk staggers.
[Tue Aug 04 17:01:53 2026] a Champion of Innoruuk's limbs move slower!
[Tue Aug 04 17:01:53 2026] You slash a Champion of Innoruuk for 55 points of damage.
[Tue Aug 04 17:01:53 2026] You try to frenzy on a Champion of Innoruuk, but miss!
[Tue Aug 04 17:01:53 2026] You try to frenzy on a Champion of Innoruuk, but miss!
[Tue Aug 04 17:01:53 2026] You frenzy on a Champion of Innoruuk for 11 points of damage.
[Tue Aug 04 17:01:53 2026] You hurt yourself for 4 points.
[Tue Aug 04 17:01:53 2026] You frenzy on a Champion of Innoruuk for 60 points of damage.
[Tue Aug 04 17:01:53 2026] You try to frenzy on a Champion of Innoruuk, but miss!
[Tue Aug 04 17:01:53 2026] You hurt yourself for 26 points.
[Tue Aug 04 17:01:53 2026] You gain a rune for 96 points of absorption.
[Tue Aug 04 17:01:53 2026] You backstab a Champion of Innoruuk for 640 points of damage. (Critical)
[Tue Aug 04 17:01:53 2026] You hurt yourself for 9 points.
[Tue Aug 04 17:01:53 2026] You backstab a Champion of Innoruuk for 143 points of damage.
[Tue Aug 04 17:01:53 2026] You pierce a Champion of Innoruuk for 18 points of damage.
[Tue Aug 04 17:01:53 2026] You try to pierce a Champion of Innoruuk, but miss!
[Tue Aug 04 17:01:54 2026] You try to slash a Champion of Innoruuk, but miss!
[Tue Aug 04 17:01:54 2026] You gain a rune for 32 points of absorption.
[Tue Aug 04 17:01:54 2026] You slash a Champion of Innoruuk for 215 points of damage. (Critical)
[Tue Aug 04 17:01:54 2026] You kick a Champion of Innoruuk for 11 points of damage.
[Tue Aug 04 17:01:54 2026] You hurt yourself for 3 points.
[Tue Aug 04 17:01:54 2026] You kick a Champion of Innoruuk for 57 points of damage.
[Tue Aug 04 17:01:54 2026] You gain a rune for 8 points of absorption.
[Tue Aug 04 17:01:54 2026] You pierce a Champion of Innoruuk for 59 points of damage. (Critical)
[Tue Aug 04 17:01:54 2026] You gain a rune for 5 points of absorption.
[Tue Aug 04 17:01:54 2026] You pierce a Champion of Innoruuk for 34 points of damage. (Critical)
[Tue Aug 04 17:01:54 2026] You try to bash a Champion of Innoruuk, but miss!
[Tue Aug 04 17:01:54 2026] You slash a Champion of Innoruuk for 83 points of damage.
[Tue Aug 04 17:01:55 2026] A Champion of Innoruuk tries to punch YOU, but misses!
[Tue Aug 04 17:01:55 2026] You try to pierce a Champion of Innoruuk, but miss!
[Tue Aug 04 17:01:55 2026] You try to pierce a Champion of Innoruuk, but miss!
[Tue Aug 04 17:01:55 2026] A Champion of Innoruuk punches YOU for 40 points of damage. (Riposte)
[Tue Aug 04 17:01:55 2026] You try to slash a Champion of Innoruuk, but miss!
[Tue Aug 04 17:01:55 2026] A Champion of Innoruuk tries to cleave YOU, but YOU block!
[Tue Aug 04 17:01:56 2026] You try to pierce a Champion of Innoruuk, but miss!
[Tue Aug 04 17:01:56 2026] You try to pierce a Champion of Innoruuk, but a Champion of Innoruuk dodges!
[Tue Aug 04 17:01:56 2026] A Champion of Innoruuk has taken 82 damage from your Blood Draw Strike.
[Tue Aug 04 17:01:56 2026] You healed Primitive for 82 hit points by Blood Draw Strike.
[Tue Aug 04 17:01:56 2026] You slash a Champion of Innoruuk for 30 points of damage.
[Tue Aug 04 17:01:56 2026] You slash a Champion of Innoruuk for 80 points of damage.
[Tue Aug 04 17:01:56 2026] You try to backstab a Champion of Innoruuk, but miss!
[Tue Aug 04 17:01:56 2026] You hurt yourself for 15 points.
[Tue Aug 04 17:01:56 2026] You backstab a Champion of Innoruuk for 227 points of damage.
[Tue Aug 04 17:01:56 2026] You hurt yourself for 2 points.
[Tue Aug 04 17:01:56 2026] You kick a Champion of Innoruuk for 30 points of damage.
[Tue Aug 04 17:01:56 2026] You hurt yourself for 1 points.
[Tue Aug 04 17:01:56 2026] You kick a Champion of Innoruuk for 16 points of damage.
[Tue Aug 04 17:01:56 2026] You pierce a Champion of Innoruuk for 30 points of damage.
[Tue Aug 04 17:01:57 2026] You hurt yourself for 2 points.
[Tue Aug 04 17:01:57 2026] You bash a Champion of Innoruuk for 43 points of damage.
[Tue Aug 04 17:01:57 2026] You hurt yourself for 3 points.
[Tue Aug 04 17:01:57 2026] You bash a Champion of Innoruuk for 57 points of damage.
[Tue Aug 04 17:01:57 2026] You slash a Champion of Innoruuk for 63 points of damage.
[Tue Aug 04 17:01:57 2026] You gain a rune for 5 points of absorption.
[Tue Aug 04 17:01:57 2026] You pierce a Champion of Innoruuk for 34 points of damage. (Critical)
[Tue Aug 04 17:01:57 2026] You smite a Champion of Innoruuk for 49 points of damage. (Critical)
[Tue Aug 04 17:01:57 2026] You hit a Champion of Innoruuk for 154 points of magic damage by Smiting Strike.
[Tue Aug 04 17:01:57 2026] A Champion of Innoruuk staggers.
[Tue Aug 04 17:01:57 2026] You try to smite a Champion of Innoruuk, but miss!
[Tue Aug 04 17:01:58 2026] You try to slash a Champion of Innoruuk, but miss!
[Tue Aug 04 17:01:58 2026] You try to slash a Champion of Innoruuk, but miss!
[Tue Aug 04 17:01:58 2026] You hurt yourself for 3 points.
[Tue Aug 04 17:01:58 2026] You gain a rune for 15 points of absorption.
[Tue Aug 04 17:01:58 2026] You frenzy on a Champion of Innoruuk for 101 points of damage. (Critical)
[Tue Aug 04 17:01:58 2026] You hurt yourself for 2 points.
[Tue Aug 04 17:01:58 2026] You frenzy on a Champion of Innoruuk for 41 points of damage.
[Tue Aug 04 17:01:58 2026] You try to frenzy on a Champion of Innoruuk, but miss!
[Tue Aug 04 17:01:58 2026] You try to frenzy on a Champion of Innoruuk, but miss!
[Tue Aug 04 17:01:58 2026] You try to frenzy on a Champion of Innoruuk, but a Champion of Innoruuk dodges!
[Tue Aug 04 17:01:58 2026] A Champion of Innoruuk punches YOU for 75 points of damage.
[Tue Aug 04 17:01:58 2026] You try to pierce a Champion of Innoruuk, but miss!
[Tue Aug 04 17:01:58 2026] You slash a Champion of Innoruuk for 63 points of damage.
[Tue Aug 04 17:01:58 2026] You slash a Champion of Innoruuk for 62 points of damage.
[Tue Aug 04 17:01:59 2026] You pierce a Champion of Innoruuk for 32 points of damage.
[Tue Aug 04 17:01:59 2026] You try to pierce a Champion of Innoruuk, but miss!
[Tue Aug 04 17:01:59 2026] You try to kick a Champion of Innoruuk, but a Champion of Innoruuk dodges!
[Tue Aug 04 17:01:59 2026] You try to kick a Champion of Innoruuk, but miss!
[Tue Aug 04 17:01:59 2026] You try to slash a Champion of Innoruuk, but miss!
[Tue Aug 04 17:01:59 2026] You try to bash a Champion of Innoruuk, but miss!
[Tue Aug 04 17:01:59 2026] A Champion of Innoruuk bashes YOU for 44 points of damage.
[Tue Aug 04 17:01:59 2026] A Champion of Innoruuk bashes YOU for 44 points of damage.
[Tue Aug 04 17:02:00 2026] A Champion of Innoruuk punches YOU for 84 points of damage. (Riposte)
[Tue Aug 04 17:02:00 2026] You try to punch a Champion of Innoruuk, but miss!
[Tue Aug 04 17:02:00 2026] A Champion of Innoruuk tries to kick YOU, but YOU parry!
[Tue Aug 04 17:02:00 2026] A Champion of Innoruuk tries to kick YOU, but YOU dodge!
[Tue Aug 04 17:02:00 2026] You slash a Champion of Innoruuk for 96 points of damage.
[Tue Aug 04 17:02:01 2026] You try to pierce a Champion of Innoruuk, but a Champion of Innoruuk dodges!
[Tue Aug 04 17:02:01 2026] You try to pierce a Champion of Innoruuk, but miss!
[Tue Aug 04 17:02:01 2026] A Champion of Innoruuk tries to punch YOU, but YOU block!
[Tue Aug 04 17:02:01 2026] You try to slash a Champion of Innoruuk, but miss!
[Tue Aug 04 17:02:01 2026] A Champion of Innoruuk tries to punch YOU, but YOU riposte!
[Tue Aug 04 17:02:01 2026] You try to slash a Champion of Innoruuk, but miss! (Riposte)
[Tue Aug 04 17:02:01 2026] A Champion of Innoruuk tries to punch YOU, but misses!
[Tue Aug 04 17:02:02 2026] You try to pierce a Champion of Innoruuk, but a Champion of Innoruuk dodges!
[Tue Aug 04 17:02:02 2026] A Champion of Innoruuk tries to punch YOU, but misses! (Riposte)
[Tue Aug 04 17:02:02 2026] A Champion of Innoruuk resisted your Blood Draw Strike!
[Tue Aug 04 17:02:02 2026] You try to slash a Champion of Innoruuk, but miss!
[Tue Aug 04 17:02:02 2026] You try to slash a Champion of Innoruuk, but a Champion of Innoruuk dodges!
[Tue Aug 04 17:02:02 2026] You hurt yourself for 3 points.
[Tue Aug 04 17:02:02 2026] You kick a Champion of Innoruuk for 45 points of damage.
[Tue Aug 04 17:02:02 2026] You hurt yourself for 1 points.
[Tue Aug 04 17:02:02 2026] You kick a Champion of Innoruuk for 25 points of damage.
[Tue Aug 04 17:02:02 2026] A Champion of Innoruuk has taken 82 damage from your Blood Draw Strike.
[Tue Aug 04 17:02:02 2026] You healed Primitive for 82 hit points by Blood Draw Strike.
[Tue Aug 04 17:02:02 2026] You try to bash a Champion of Innoruuk, but miss!
[Tue Aug 04 17:02:02 2026] You hurt yourself for 7 points.
[Tue Aug 04 17:02:02 2026] You bash a Champion of Innoruuk for 115 points of damage.
[Tue Aug 04 17:02:02 2026] You smite a Champion of Innoruuk for 17 points of damage.
[Tue Aug 04 17:02:02 2026] You hit a Champion of Innoruuk for 154 points of magic damage by Smiting Strike.
[Tue Aug 04 17:02:02 2026] A Champion of Innoruuk staggers.
[Tue Aug 04 17:02:02 2026] You try to pierce a Champion of Innoruuk, but miss!
[Tue Aug 04 17:02:02 2026] You try to slash a Champion of Innoruuk, but a Champion of Innoruuk dodges!
[Tue Aug 04 17:02:02 2026] You try to slash a Champion of Innoruuk, but miss!
[Tue Aug 04 17:02:02 2026] You try to frenzy on a Champion of Innoruuk, but a Champion of Innoruuk parries!
[Tue Aug 04 17:02:02 2026] A Champion of Innoruuk tries to punch YOU, but misses! (Riposte)
[Tue Aug 04 17:02:02 2026] You hurt yourself for 4 points.
[Tue Aug 04 17:02:02 2026] You frenzy on a Champion of Innoruuk for 73 points of damage.
[Tue Aug 04 17:02:02 2026] You hurt yourself for 2 points.
[Tue Aug 04 17:02:02 2026] You gain a rune for 8 points of absorption.
[Tue Aug 04 17:02:02 2026] You frenzy on a Champion of Innoruuk for 57 points of damage. (Critical)
[Tue Aug 04 17:02:02 2026] You hurt yourself for 3 points.
[Tue Aug 04 17:02:02 2026] You gain a rune for 14 points of absorption.
[Tue Aug 04 17:02:02 2026] You frenzy on a Champion of Innoruuk for 97 points of damage. (Critical)
[Tue Aug 04 17:02:03 2026] You try to backstab a Champion of Innoruuk, but miss!
[Tue Aug 04 17:02:03 2026] You try to backstab a Champion of Innoruuk, but miss!
[Tue Aug 04 17:02:03 2026] You hurt yourself for 12 points.
[Tue Aug 04 17:02:03 2026] You gain a rune for 46 points of absorption.
[Tue Aug 04 17:02:03 2026] You backstab a Champion of Innoruuk for 311 points of damage. (Critical)
[Tue Aug 04 17:02:03 2026] You pierce a Champion of Innoruuk for 5 points of damage.
[Tue Aug 04 17:02:03 2026] You pierce a Champion of Innoruuk for 24 points of damage.
[Tue Aug 04 17:02:03 2026] You slash a Champion of Innoruuk for 107 points of damage.
[Tue Aug 04 17:02:03 2026] You try to slash a Champion of Innoruuk, but miss!
[Tue Aug 04 17:02:03 2026] You slash a Champion of Innoruuk for 80 points of damage.
[Tue Aug 04 17:02:04 2026] You pierce a Champion of Innoruuk for 36 points of damage.
[Tue Aug 04 17:02:04 2026] You try to slash a Champion of Innoruuk, but miss!
[Tue Aug 04 17:02:04 2026] You slash a Champion of Innoruuk for 153 points of damage.
[Tue Aug 04 17:02:04 2026] A Champion of Innoruuk tries to punch YOU, but misses!
[Tue Aug 04 17:02:04 2026] You try to kick a Champion of Innoruuk, but miss!
[Tue Aug 04 17:02:04 2026] You kick a Champion of Innoruuk for 3 points of damage.
[Tue Aug 04 17:02:05 2026] You pierce a Champion of Innoruuk for 64 points of damage.
[Tue Aug 04 17:02:05 2026] You slash a Champion of Innoruuk for 73 points of damage.
[Tue Aug 04 17:02:05 2026] A Champion of Innoruuk tries to punch YOU, but YOU block!
[Tue Aug 04 17:02:05 2026] You try to bash a Champion of Innoruuk, but miss!
[Tue Aug 04 17:02:05 2026] You try to bash a Champion of Innoruuk, but miss!
[Tue Aug 04 17:02:06 2026] You slash a Champion of Innoruuk for 59 points of damage.
[Tue Aug 04 17:02:06 2026] You slash a Champion of Innoruuk for 111 points of damage.
[Tue Aug 04 17:02:06 2026] You hurt yourself for 5 points.
[Tue Aug 04 17:02:06 2026] You backstab a Champion of Innoruuk for 77 points of damage.
[Tue Aug 04 17:02:06 2026] You try to backstab a Champion of Innoruuk, but miss!
[Tue Aug 04 17:02:06 2026] a Champion of Innoruuk's limbs move slower!
[Tue Aug 04 17:02:06 2026] You try to slash a Champion of Innoruuk, but a Champion of Innoruuk dodges!
[Tue Aug 04 17:02:06 2026] You slash a Champion of Innoruuk for 80 points of damage.
[Tue Aug 04 17:02:07 2026] You pierce a Champion of Innoruuk for 64 points of damage.
[Tue Aug 04 17:02:07 2026] You pierce a Champion of Innoruuk for 24 points of damage.
[Tue Aug 04 17:02:07 2026] You smite a Champion of Innoruuk for 16 points of damage.
[Tue Aug 04 17:02:07 2026] You hit a Champion of Innoruuk for 154 points of magic damage by Smiting Strike.
[Tue Aug 04 17:02:07 2026] A Champion of Innoruuk staggers.
[Tue Aug 04 17:02:07 2026] You try to smite a Champion of Innoruuk, but a Champion of Innoruuk dodges!
[Tue Aug 04 17:02:07 2026] You try to kick a Champion of Innoruuk, but miss!
[Tue Aug 04 17:02:07 2026] You try to kick a Champion of Innoruuk, but miss!
[Tue Aug 04 17:02:07 2026] You hurt yourself for 2 points.
[Tue Aug 04 17:02:07 2026] You kick a Champion of Innoruuk for 42 points of damage.
[Tue Aug 04 17:02:07 2026] You try to slash a Champion of Innoruuk, but miss!
[Tue Aug 04 17:02:07 2026] You slash a Champion of Innoruuk for 151 points of damage.
[Tue Aug 04 17:02:07 2026] A Champion of Innoruuk tries to punch YOU, but misses!
[Tue Aug 04 17:02:07 2026] A Champion of Innoruuk tries to punch YOU, but misses!
[Tue Aug 04 17:02:07 2026] You try to frenzy on a Champion of Innoruuk, but miss!
[Tue Aug 04 17:02:07 2026] You try to frenzy on a Champion of Innoruuk, but miss!
[Tue Aug 04 17:02:07 2026] You try to frenzy on a Champion of Innoruuk, but miss!
[Tue Aug 04 17:02:07 2026] You pierce a Champion of Innoruuk for 17 points of damage.
[Tue Aug 04 17:02:07 2026] You try to pierce a Champion of Innoruuk, but a Champion of Innoruuk dodges!
[Tue Aug 04 17:02:08 2026] You hurt yourself for 3 points.
[Tue Aug 04 17:02:08 2026] You bash a Champion of Innoruuk for 55 points of damage.
[Tue Aug 04 17:02:08 2026] You try to slash a Champion of Innoruuk, but miss!
[Tue Aug 04 17:02:08 2026] You try to slash a Champion of Innoruuk, but miss!
[Tue Aug 04 17:02:08 2026] You gain a rune for 5 points of absorption.
[Tue Aug 04 17:02:08 2026] You pierce a Champion of Innoruuk for 34 points of damage. (Critical)
[Tue Aug 04 17:02:08 2026] A Champion of Innoruuk has taken 82 damage from your Blood Draw Strike.
[Tue Aug 04 17:02:08 2026] You healed Primitive for 82 hit points by Blood Draw Strike.
[Tue Aug 04 17:02:09 2026] You try to slash a Champion of Innoruuk, but miss!
[Tue Aug 04 17:02:09 2026] You slash a Champion of Innoruuk for 52 points of damage.
[Tue Aug 04 17:02:09 2026] You try to slash a Champion of Innoruuk, but miss!
[Tue Aug 04 17:02:09 2026] You slash a Champion of Innoruuk for 136 points of damage. (Critical Flurry)
[Tue Aug 04 17:02:09 2026] You pierce a Champion of Innoruuk for 26 points of damage.
[Tue Aug 04 17:02:09 2026] You try to pierce a Champion of Innoruuk, but miss!
[Tue Aug 04 17:02:09 2026] You hurt yourself for 12 points.
[Tue Aug 04 17:02:09 2026] You backstab a Champion of Innoruuk for 181 points of damage.
[Tue Aug 04 17:02:09 2026] You hurt yourself for 17 points.
[Tue Aug 04 17:02:09 2026] You backstab a Champion of Innoruuk for 262 points of damage.
[Tue Aug 04 17:02:10 2026] You try to slash a Champion of Innoruuk, but miss!
[Tue Aug 04 17:02:10 2026] You pierce a Champion of Innoruuk for 29 points of damage.
[Tue Aug 04 17:02:10 2026] A Champion of Innoruuk tries to punch YOU, but misses! (Riposte)
[Tue Aug 04 17:02:10 2026] A Champion of Innoruuk punches YOU for 100 points of damage.
[Tue Aug 04 17:02:10 2026] You try to bash a Champion of Innoruuk, but miss!
[Tue Aug 04 17:02:10 2026] You try to bash a Champion of Innoruuk, but miss!
[Tue Aug 04 17:02:10 2026] You slash a Champion of Innoruuk for 113 points of damage.
[Tue Aug 04 17:02:11 2026] You pierce a Champion of Innoruuk for 21 points of damage.
[Tue Aug 04 17:02:11 2026] A Champion of Innoruuk punches YOU for 40 points of damage. (Riposte)
[Tue Aug 04 17:02:11 2026] You gain a rune for 12 points of absorption.
[Tue Aug 04 17:02:11 2026] You pierce a Champion of Innoruuk for 83 points of damage. (Critical)
[Tue Aug 04 17:02:11 2026] You pierce a Champion of Innoruuk for 12 points of damage.
[Tue Aug 04 17:02:12 2026] A Champion of Innoruuk tries to bash YOU, but YOU dodge!
[Tue Aug 04 17:02:12 2026] A Champion of Innoruuk tries to bash YOU, but misses!
[Tue Aug 04 17:02:12 2026] You smite a Champion of Innoruuk for 48 points of damage.
[Tue Aug 04 17:02:12 2026] You hit a Champion of Innoruuk for 154 points of magic damage by Smiting Strike.
[Tue Aug 04 17:02:12 2026] A Champion of Innoruuk staggers.
[Tue Aug 04 17:02:12 2026] You smite a Champion of Innoruuk for 8 points of damage.
[Tue Aug 04 17:02:12 2026] You hit a Champion of Innoruuk for 154 points of magic damage by Smiting Strike.
[Tue Aug 04 17:02:12 2026] A Champion of Innoruuk staggers.
[Tue Aug 04 17:02:12 2026] A Champion of Innoruuk tries to punch YOU, but misses! (Riposte)
[Tue Aug 04 17:02:12 2026] You slash a Champion of Innoruuk for 80 points of damage.
[Tue Aug 04 17:02:12 2026] You hurt yourself for 2 points.
[Tue Aug 04 17:02:12 2026] You frenzy on a Champion of Innoruuk for 43 points of damage.
[Tue Aug 04 17:02:12 2026] You try to frenzy on a Champion of Innoruuk, but miss!
[Tue Aug 04 17:02:12 2026] You try to frenzy on a Champion of Innoruuk, but miss!
[Tue Aug 04 17:02:12 2026] You hurt yourself for 7 points.
[Tue Aug 04 17:02:12 2026] You frenzy on a Champion of Innoruuk for 113 points of damage.
[Tue Aug 04 17:02:12 2026] A Champion of Innoruuk tries to kick YOU, but misses!
[Tue Aug 04 17:02:12 2026] You try to pierce a Champion of Innoruuk, but miss!
[Tue Aug 04 17:02:12 2026] You try to pierce a Champion of Innoruuk, but miss!
[Tue Aug 04 17:02:12 2026] You gain a rune for 5 points of absorption.
[Tue Aug 04 17:02:12 2026] You kick a Champion of Innoruuk for 37 points of damage. (Critical)
[Tue Aug 04 17:02:13 2026] You try to backstab a Champion of Innoruuk, but miss!
[Tue Aug 04 17:02:13 2026] You hurt yourself for 10 points.
[Tue Aug 04 17:02:13 2026] You backstab a Champion of Innoruuk for 163 points of damage.
[Tue Aug 04 17:02:13 2026] You slash a Champion of Innoruuk for 51 points of damage.
[Tue Aug 04 17:02:13 2026] You slash a Champion of Innoruuk for 45 points of damage.
[Tue Aug 04 17:02:13 2026] You try to bash a Champion of Innoruuk, but miss!
[Tue Aug 04 17:02:13 2026] You hurt yourself for 3 points.
[Tue Aug 04 17:02:13 2026] You bash a Champion of Innoruuk for 55 points of damage.
[Tue Aug 04 17:02:13 2026] You pierce a Champion of Innoruuk for 44 points of damage.
[Tue Aug 04 17:02:14 2026] A Champion of Innoruuk tries to punch YOU, but misses!
[Tue Aug 04 17:02:14 2026] You try to slash a Champion of Innoruuk, but a Champion of Innoruuk parries!
[Tue Aug 04 17:02:14 2026] You try to slash a Champion of Innoruuk, but miss!
[Tue Aug 04 17:02:14 2026] A Champion of Innoruuk cleaves YOU for 41 points of damage.
[Tue Aug 04 17:02:14 2026] A Champion of Innoruuk has taken 82 damage from your Blood Draw Strike.
[Tue Aug 04 17:02:14 2026] You healed Primitive for 82 hit points by Blood Draw Strike.
[Tue Aug 04 17:02:14 2026] You try to slash a Champion of Innoruuk, but miss!
[Tue Aug 04 17:02:14 2026] You slash a Champion of Innoruuk for 80 points of damage.
[Tue Aug 04 17:02:15 2026] You pierce a Champion of Innoruuk for 64 points of damage.
[Tue Aug 04 17:02:15 2026] You try to kick a Champion of Innoruuk, but miss!
[Tue Aug 04 17:02:15 2026] You try to kick a Champion of Innoruuk, but miss!
[Tue Aug 04 17:02:15 2026] You slash a Champion of Innoruuk for 43 points of damage.
[Tue Aug 04 17:02:16 2026] You pierce a Champion of Innoruuk for 15 points of damage.
[Tue Aug 04 17:02:16 2026] You pierce a Champion of Innoruuk for 12 points of damage.
[Tue Aug 04 17:02:16 2026] You hurt yourself for 6 points.
[Tue Aug 04 17:02:16 2026] You bash a Champion of Innoruuk for 92 points of damage.
[Tue Aug 04 17:02:16 2026] You try to backstab a Champion of Innoruuk, but miss!
[Tue Aug 04 17:02:16 2026] You hurt yourself for 24 points.
[Tue Aug 04 17:02:16 2026] You backstab a Champion of Innoruuk for 363 points of damage.
[Tue Aug 04 17:02:16 2026] You slash a Champion of Innoruuk for 73 points of damage.
[Tue Aug 04 17:02:16 2026] You try to slash a Champion of Innoruuk, but miss!
[Tue Aug 04 17:02:17 2026] You smite a Champion of Innoruuk for 24 points of damage.
[Tue Aug 04 17:02:17 2026] You hit a Champion of Innoruuk for 154 points of magic damage by Smiting Strike.
[Tue Aug 04 17:02:17 2026] A Champion of Innoruuk staggers.
[Tue Aug 04 17:02:17 2026] A Champion of Innoruuk tries to punch YOU, but YOU block!
[Tue Aug 04 17:02:17 2026] A Champion of Innoruuk punches YOU for 60 points of damage.
[Tue Aug 04 17:02:17 2026] You slash a Champion of Innoruuk for 80 points of damage.
[Tue Aug 04 17:02:17 2026] You try to slash a Champion of Innoruuk, but miss!
[Tue Aug 04 17:02:17 2026] You hurt yourself for 6 points.
[Tue Aug 04 17:02:17 2026] You frenzy on a Champion of Innoruuk for 98 points of damage.
[Tue Aug 04 17:02:17 2026] You hurt yourself for 4 points.
[Tue Aug 04 17:02:17 2026] You frenzy on a Champion of Innoruuk for 68 points of damage.
[Tue Aug 04 17:02:17 2026] You try to frenzy on a Champion of Innoruuk, but miss!
[Tue Aug 04 17:02:17 2026] You hurt yourself for 4 points.
[Tue Aug 04 17:02:17 2026] You frenzy on a Champion of Innoruuk for 66 points of damage.
[Tue Aug 04 17:02:17 2026] A Champion of Innoruuk punches YOU for 24 points of damage. (Riposte)
[Tue Aug 04 17:02:17 2026] You pierce a Champion of Innoruuk for 64 points of damage.
[Tue Aug 04 17:02:18 2026] You slash a Champion of Innoruuk for 80 points of damage.
[Tue Aug 04 17:02:18 2026] You hurt yourself for 2 points.
[Tue Aug 04 17:02:18 2026] You kick a Champion of Innoruuk for 31 points of damage.
[Tue Aug 04 17:02:18 2026] You hurt yourself for 2 points.
[Tue Aug 04 17:02:18 2026] You kick a Champion of Innoruuk for 43 points of damage.
[Tue Aug 04 17:02:18 2026] You try to slash a Champion of Innoruuk, but miss!
[Tue Aug 04 17:02:18 2026] You try to slash a Champion of Innoruuk, but miss!
[Tue Aug 04 17:02:18 2026] You try to bash a Champion of Innoruuk, but miss!
[Tue Aug 04 17:02:19 2026] You try to slash a Champion of Innoruuk, but miss!
[Tue Aug 04 17:02:19 2026] You slash a Champion of Innoruuk for 110 points of damage.
[Tue Aug 04 17:02:19 2026] You hurt yourself for 3 points.
[Tue Aug 04 17:02:19 2026] You gain a rune for 22 points of absorption.
[Tue Aug 04 17:02:19 2026] You backstab a Champion of Innoruuk for 148 points of damage. (Critical)
[Tue Aug 04 17:02:19 2026] You hurt yourself for 4 points.
[Tue Aug 04 17:02:19 2026] You backstab a Champion of Innoruuk for 60 points of damage.
[Tue Aug 04 17:02:20 2026] You try to pierce a Champion of Innoruuk, but miss!
[Tue Aug 04 17:02:20 2026] You pierce a Champion of Innoruuk for 27 points of damage.
[Tue Aug 04 17:02:20 2026] A Champion of Innoruuk punches YOU for 151 points of damage.
[Tue Aug 04 17:02:20 2026] A Champion of Innoruuk tries to punch YOU, but misses!
[Tue Aug 04 17:02:20 2026] You slash a Champion of Innoruuk for 66 points of damage.
[Tue Aug 04 17:02:20 2026] You try to slash a Champion of Innoruuk, but miss!
[Tue Aug 04 17:02:20 2026] A Champion of Innoruuk has taken 82 damage from your Blood Draw Strike.
[Tue Aug 04 17:02:20 2026] You healed Primitive for 82 hit points by Blood Draw Strike.
[Tue Aug 04 17:02:20 2026] You hurt yourself for 4 points.
[Tue Aug 04 17:02:20 2026] You kick a Champion of Innoruuk for 71 points of damage.
[Tue Aug 04 17:02:21 2026] You gain a rune for 5 points of absorption.
[Tue Aug 04 17:02:21 2026] You pierce a Champion of Innoruuk for 34 points of damage. (Critical)
[Tue Aug 04 17:02:21 2026] You gain a rune for 31 points of absorption.
[Tue Aug 04 17:02:21 2026] You slash a Champion of Innoruuk for 209 points of damage. (Critical)
[Tue Aug 04 17:02:21 2026] You try to slash a Champion of Innoruuk, but miss!
[Tue Aug 04 17:02:21 2026] You try to bash a Champion of Innoruuk, but a Champion of Innoruuk parries!
[Tue Aug 04 17:02:21 2026] You pierce a Champion of Innoruuk for 27 points of damage.
[Tue Aug 04 17:02:21 2026] You gain a rune for 7 points of absorption.
[Tue Aug 04 17:02:21 2026] You pierce a Champion of Innoruuk for 47 points of damage. (Critical)
[Tue Aug 04 17:02:21 2026] You smite a Champion of Innoruuk for 19 points of damage.
[Tue Aug 04 17:02:21 2026] You hit a Champion of Innoruuk for 154 points of magic damage by Smiting Strike.
[Tue Aug 04 17:02:21 2026] A Champion of Innoruuk staggers.
[Tue Aug 04 17:02:21 2026] You smite a Champion of Innoruuk for 10 points of damage.
[Tue Aug 04 17:02:21 2026] You hit a Champion of Innoruuk for 154 points of magic damage by Smiting Strike.
[Tue Aug 04 17:02:21 2026] A Champion of Innoruuk staggers.
[Tue Aug 04 17:02:22 2026] You try to slash a Champion of Innoruuk, but a Champion of Innoruuk dodges!
[Tue Aug 04 17:02:22 2026] You hurt yourself for 6 points.
[Tue Aug 04 17:02:22 2026] You frenzy on a Champion of Innoruuk for 90 points of damage.
[Tue Aug 04 17:02:22 2026] You hurt yourself for 2 points.
[Tue Aug 04 17:02:22 2026] You frenzy on a Champion of Innoruuk for 40 points of damage.
[Tue Aug 04 17:02:22 2026] A Champion of Innoruuk tries to punch YOU, but YOU block!
[Tue Aug 04 17:02:22 2026] You pierce a Champion of Innoruuk for 30 points of damage.
[Tue Aug 04 17:02:22 2026] You try to slash a Champion of Innoruuk, but miss!
[Tue Aug 04 17:02:22 2026] You hurt yourself for 4 points.
[Tue Aug 04 17:02:22 2026] You backstab a Champion of Innoruuk for 60 points of damage.
[Tue Aug 04 17:02:22 2026] You hurt yourself for 4 points.
[Tue Aug 04 17:02:22 2026] You backstab a Champion of Innoruuk for 67 points of damage.
[Tue Aug 04 17:02:23 2026] You try to kick a Champion of Innoruuk, but miss!
[Tue Aug 04 17:02:23 2026] A Champion of Innoruuk tries to punch YOU, but YOU riposte!
[Tue Aug 04 17:02:23 2026] You slash a Champion of Innoruuk for 77 points of damage. (Riposte)
[Tue Aug 04 17:02:23 2026] A Champion of Innoruuk tries to punch YOU, but misses!
[Tue Aug 04 17:02:23 2026] You pierce a Champion of Innoruuk for 5 points of damage.
[Tue Aug 04 17:02:23 2026] You try to pierce a Champion of Innoruuk, but miss!
[Tue Aug 04 17:02:23 2026] Your target is immune to the stun portion of this effect.
[Tue Aug 04 17:02:23 2026] a Champion of Innoruuk begins to sway!
[Tue Aug 04 17:02:23 2026] You slash a Champion of Innoruuk for 63 points of damage.
[Tue Aug 04 17:02:23 2026] You gain a rune for 31 points of absorption.
[Tue Aug 04 17:02:23 2026] You slash a Champion of Innoruuk for 208 points of damage. (Critical)
[Tue Aug 04 17:02:24 2026] You try to bash a Champion of Innoruuk, but miss!
[Tue Aug 04 17:02:24 2026] You hurt yourself for 2 points.
[Tue Aug 04 17:02:24 2026] You bash a Champion of Innoruuk for 32 points of damage.
[Tue Aug 04 17:02:24 2026] You try to pierce a Champion of Innoruuk, but miss!
[Tue Aug 04 17:02:24 2026] You slash a Champion of Innoruuk for 80 points of damage.
[Tue Aug 04 17:02:24 2026] You slash a Champion of Innoruuk for 103 points of damage.
[Tue Aug 04 17:02:24 2026] A Champion of Innoruuk bashes YOU for 34 points of damage.
[Tue Aug 04 17:02:24 2026] A Champion of Innoruuk tries to bash YOU, but misses!
[Tue Aug 04 17:02:25 2026] You pierce a Champion of Innoruuk for 47 points of damage.
[Tue Aug 04 17:02:25 2026] You try to slash a Champion of Innoruuk, but miss!
[Tue Aug 04 17:02:25 2026] You slash a Champion of Innoruuk for 80 points of damage.
[Tue Aug 04 17:02:25 2026] A Champion of Innoruuk kicks YOU for 56 points of damage.
[Tue Aug 04 17:02:26 2026] You try to pierce a Champion of Innoruuk, but miss!
[Tue Aug 04 17:02:26 2026] You try to slash a Champion of Innoruuk, but miss!
[Tue Aug 04 17:02:26 2026] You gain a rune for 11 points of absorption.
[Tue Aug 04 17:02:26 2026] You slash a Champion of Innoruuk for 79 points of damage. (Critical)
[Tue Aug 04 17:02:26 2026] You hurt yourself for 2 points.
[Tue Aug 04 17:02:26 2026] You kick a Champion of Innoruuk for 36 points of damage.
[Tue Aug 04 17:02:26 2026] A Champion of Innoruuk tries to punch YOU, but misses! (Riposte)
[Tue Aug 04 17:02:26 2026] You try to backstab a Champion of Innoruuk, but miss!
[Tue Aug 04 17:02:26 2026] You hurt yourself for 4 points.
[Tue Aug 04 17:02:26 2026] You backstab a Champion of Innoruuk for 60 points of damage.
[Tue Aug 04 17:02:26 2026] You try to backstab a Champion of Innoruuk, but miss!
[Tue Aug 04 17:02:26 2026] A Champion of Innoruuk tries to punch YOU, but misses!
[Tue Aug 04 17:02:26 2026] A Champion of Innoruuk punches YOU for 125 points of damage.
[Tue Aug 04 17:02:26 2026] You smite a Champion of Innoruuk for 7 points of damage.
[Tue Aug 04 17:02:26 2026] You hit a Champion of Innoruuk for 154 points of magic damage by Smiting Strike.
[Tue Aug 04 17:02:26 2026] A Champion of Innoruuk staggers.
[Tue Aug 04 17:02:26 2026] You frenzy on a Champion of Innoruuk for 3 points of damage.
[Tue Aug 04 17:02:26 2026] You hurt yourself for 3 points.
[Tue Aug 04 17:02:26 2026] You frenzy on a Champion of Innoruuk for 57 points of damage.
[Tue Aug 04 17:02:26 2026] You hurt yourself for 2 points.
[Tue Aug 04 17:02:26 2026] You bash a Champion of Innoruuk for 31 points of damage.
[Tue Aug 04 17:02:26 2026] You try to bash a Champion of Innoruuk, but miss!
[Tue Aug 04 17:02:26 2026] You try to bash a Champion of Innoruuk, but miss!
[Tue Aug 04 17:02:26 2026] You try to pierce a Champion of Innoruuk, but miss!
[Tue Aug 04 17:02:26 2026] You slash a Champion of Innoruuk for 80 points of damage.
[Tue Aug 04 17:02:26 2026] You try to slash a Champion of Innoruuk, but miss!
[Tue Aug 04 17:02:26 2026] A Champion of Innoruuk has taken 82 damage from your Blood Draw Strike.
[Tue Aug 04 17:02:26 2026] You healed Primitive for 82 hit points by Blood Draw Strike.
[Tue Aug 04 17:02:27 2026] You pierce a Champion of Innoruuk for 25 points of damage.
[Tue Aug 04 17:02:27 2026] You try to pierce a Champion of Innoruuk, but a Champion of Innoruuk dodges!
[Tue Aug 04 17:02:27 2026] You slash a Champion of Innoruuk for 80 points of damage.
[Tue Aug 04 17:02:27 2026] You slash a Champion of Innoruuk for 35 points of damage.
[Tue Aug 04 17:02:28 2026] You slash a Champion of Innoruuk for 55 points of damage.
[Tue Aug 04 17:02:28 2026] You slash a Champion of Innoruuk for 63 points of damage.
[Tue Aug 04 17:02:28 2026] You try to pierce a Champion of Innoruuk, but miss!
[Tue Aug 04 17:02:28 2026] You try to pierce a Champion of Innoruuk, but a Champion of Innoruuk parries!
[Tue Aug 04 17:02:28 2026] You hurt yourself for 2 points.
[Tue Aug 04 17:02:28 2026] You gain a rune for 11 points of absorption.
[Tue Aug 04 17:02:28 2026] You kick a Champion of Innoruuk for 74 points of damage. (Critical)
[Tue Aug 04 17:02:28 2026] You gain a rune for 5 points of absorption.
[Tue Aug 04 17:02:28 2026] You kick a Champion of Innoruuk for 39 points of damage. (Critical)
[Tue Aug 04 17:02:29 2026] You slash a Champion of Innoruuk for 124 points of damage.
[Tue Aug 04 17:02:29 2026] You slash a Champion of Innoruuk for 63 points of damage.
[Tue Aug 04 17:02:29 2026] You pierce a Champion of Innoruuk for 6 points of damage.
[Tue Aug 04 17:02:29 2026] You pierce a Champion of Innoruuk for 53 points of damage.
[Tue Aug 04 17:02:29 2026] You hurt yourself for 12 points.
[Tue Aug 04 17:02:29 2026] You gain a rune for 46 points of absorption.
[Tue Aug 04 17:02:29 2026] You backstab a Champion of Innoruuk for 310 points of damage. (Critical)
[Tue Aug 04 17:02:29 2026] You try to backstab a Champion of Innoruuk, but miss!
[Tue Aug 04 17:02:29 2026] You try to bash a Champion of Innoruuk, but miss!
[Tue Aug 04 17:02:29 2026] You hurt yourself for 3 points.
[Tue Aug 04 17:02:29 2026] You bash a Champion of Innoruuk for 48 points of damage.
[Tue Aug 04 17:02:29 2026] A Champion of Innoruuk tries to punch YOU, but misses!
[Tue Aug 04 17:02:29 2026] A Champion of Innoruuk punches YOU for 151 points of damage.
[Tue Aug 04 17:02:30 2026] You try to slash a Champion of Innoruuk, but miss!
[Tue Aug 04 17:02:30 2026] You slash a Champion of Innoruuk for 86 points of damage.
[Tue Aug 04 17:02:30 2026] You try to slash a Champion of Innoruuk, but miss!
[Tue Aug 04 17:02:30 2026] You try to slash a Champion of Innoruuk, but miss!
[Tue Aug 04 17:02:30 2026] You try to pierce a Champion of Innoruuk, but a Champion of Innoruuk parries!
[Tue Aug 04 17:02:30 2026] You pierce a Champion of Innoruuk for 40 points of damage.
[Tue Aug 04 17:02:31 2026] You hurt yourself for 2 points.
[Tue Aug 04 17:02:31 2026] You gain a rune for 10 points of absorption.
[Tue Aug 04 17:02:31 2026] You kick a Champion of Innoruuk for 69 points of damage. (Critical)
[Tue Aug 04 17:02:31 2026] You hurt yourself for 2 points.
[Tue Aug 04 17:02:31 2026] You kick a Champion of Innoruuk for 42 points of damage.
[Tue Aug 04 17:02:31 2026] You try to smite a Champion of Innoruuk, but miss!
[Tue Aug 04 17:02:31 2026] You try to slash a Champion of Innoruuk, but miss!
[Tue Aug 04 17:02:31 2026] You try to frenzy on a Champion of Innoruuk, but miss!
[Tue Aug 04 17:02:31 2026] You try to frenzy on a Champion of Innoruuk, but a Champion of Innoruuk parries!
[Tue Aug 04 17:02:31 2026] You try to frenzy on a Champion of Innoruuk, but miss!
[Tue Aug 04 17:02:31 2026] You try to frenzy on a Champion of Innoruuk, but miss!
[Tue Aug 04 17:02:31 2026] You try to frenzy on a Champion of Innoruuk, but miss!
[Tue Aug 04 17:02:31 2026] You try to pierce a Champion of Innoruuk, but miss!
[Tue Aug 04 17:02:32 2026] You hurt yourself for 1 points.
[Tue Aug 04 17:02:32 2026] You bash a Champion of Innoruuk for 23 points of damage.
[Tue Aug 04 17:02:32 2026] You hurt yourself for 1 points.
[Tue Aug 04 17:02:32 2026] You bash a Champion of Innoruuk for 15 points of damage.
[Tue Aug 04 17:02:32 2026] You try to slash a Champion of Innoruuk, but a Champion of Innoruuk parries!
[Tue Aug 04 17:02:32 2026] You try to slash a Champion of Innoruuk, but miss!
[Tue Aug 04 17:02:32 2026] A Champion of Innoruuk punches YOU for 10 points of damage. (Riposte)
[Tue Aug 04 17:02:32 2026] You try to pierce a Champion of Innoruuk, but miss!
[Tue Aug 04 17:02:32 2026] You gain a rune for 12 points of absorption.
[Tue Aug 04 17:02:32 2026] You pierce a Champion of Innoruuk for 83 points of damage. (Critical)
[Tue Aug 04 17:02:32 2026] You try to backstab a Champion of Innoruuk, but miss!
[Tue Aug 04 17:02:32 2026] You hurt yourself for 5 points.
[Tue Aug 04 17:02:32 2026] You backstab a Champion of Innoruuk for 85 points of damage.
[Tue Aug 04 17:02:32 2026] You try to backstab a Champion of Innoruuk, but miss!
[Tue Aug 04 17:02:32 2026] A Champion of Innoruuk tries to cleave YOU, but YOU block!
[Tue Aug 04 17:02:32 2026] A Champion of Innoruuk has taken 82 damage from your Blood Draw Strike.
[Tue Aug 04 17:02:32 2026] You healed Primitive for 82 hit points by Blood Draw Strike.
[Tue Aug 04 17:02:32 2026] A Champion of Innoruuk tries to punch YOU, but YOU block!
[Tue Aug 04 17:02:33 2026] You try to slash a Champion of Innoruuk, but a Champion of Innoruuk parries!
[Tue Aug 04 17:02:33 2026] You slash a Champion of Innoruuk for 80 points of damage.
[Tue Aug 04 17:02:33 2026] A Champion of Innoruuk punches YOU for 27 points of damage. (Riposte)
[Tue Aug 04 17:02:33 2026] You gain a rune for 13 points of absorption.
[Tue Aug 04 17:02:33 2026] You pierce a Champion of Innoruuk for 88 points of damage. (Critical)
[Tue Aug 04 17:02:33 2026] You hurt yourself for 2 points.
[Tue Aug 04 17:02:33 2026] You kick a Champion of Innoruuk for 36 points of damage.
[Tue Aug 04 17:02:33 2026] You try to kick a Champion of Innoruuk, but miss!
[Tue Aug 04 17:02:33 2026] You slash a Champion of Innoruuk for 62 points of damage.
[Tue Aug 04 17:02:34 2026] You try to pierce a Champion of Innoruuk, but miss!
[Tue Aug 04 17:02:34 2026] A Champion of Innoruuk punches YOU for 60 points of damage. (Riposte)
[Tue Aug 04 17:02:34 2026] You punch a Champion of Innoruuk for 30 points of damage.
[Tue Aug 04 17:02:34 2026] You try to slash a Champion of Innoruuk, but a Champion of Innoruuk parries!
[Tue Aug 04 17:02:34 2026] You slash a Champion of Innoruuk for 155 points of damage.
[Tue Aug 04 17:02:35 2026] You try to slash a Champion of Innoruuk, but a Champion of Innoruuk dodges!
[Tue Aug 04 17:02:35 2026] A Champion of Innoruuk resisted your Stunning Strike!
[Tue Aug 04 17:02:35 2026] You try to pierce a Champion of Innoruuk, but miss!
[Tue Aug 04 17:02:36 2026] You try to backstab a Champion of Innoruuk, but a Champion of Innoruuk dodges!
[Tue Aug 04 17:02:36 2026] You try to backstab a Champion of Innoruuk, but miss!
[Tue Aug 04 17:02:36 2026] A Champion of Innoruuk tries to punch YOU, but YOU block!
[Tue Aug 04 17:02:36 2026] You smite a Champion of Innoruuk for 1 point of damage.
[Tue Aug 04 17:02:36 2026] You hit a Champion of Innoruuk for 154 points of magic damage by Smiting Strike.
[Tue Aug 04 17:02:36 2026] A Champion of Innoruuk staggers.
[Tue Aug 04 17:02:36 2026] You try to slash a Champion of Innoruuk, but miss!
[Tue Aug 04 17:02:36 2026] You slash a Champion of Innoruuk for 77 points of damage.
[Tue Aug 04 17:02:36 2026] You hurt yourself for 1 points.
[Tue Aug 04 17:02:36 2026] You frenzy on a Champion of Innoruuk for 22 points of damage.
[Tue Aug 04 17:02:36 2026] You hurt yourself for 2 points.
[Tue Aug 04 17:02:36 2026] You frenzy on a Champion of Innoruuk for 40 points of damage.
[Tue Aug 04 17:02:36 2026] You hurt yourself for 3 points.
[Tue Aug 04 17:02:36 2026] You frenzy on a Champion of Innoruuk for 57 points of damage.
[Tue Aug 04 17:02:36 2026] You frenzy on a Champion of Innoruuk for 8 points of damage.
[Tue Aug 04 17:02:36 2026] You hurt yourself for 3 points.
[Tue Aug 04 17:02:36 2026] You frenzy on a Champion of Innoruuk for 57 points of damage.
[Tue Aug 04 17:02:36 2026] You try to kick a Champion of Innoruuk, but miss!
[Tue Aug 04 17:02:36 2026] You try to pierce a Champion of Innoruuk, but miss!
[Tue Aug 04 17:02:36 2026] You pierce a Champion of Innoruuk for 33 points of damage.
[Tue Aug 04 17:02:36 2026] A Champion of Innoruuk bashes YOU for 44 points of damage.
[Tue Aug 04 17:02:36 2026] A Champion of Innoruuk tries to bash YOU, but YOU riposte!
[Tue Aug 04 17:02:36 2026] You try to slash a Champion of Innoruuk, but miss! (Riposte)
[Tue Aug 04 17:02:37 2026] You slash a Champion of Innoruuk for 111 points of damage.
[Tue Aug 04 17:02:37 2026] You try to slash a Champion of Innoruuk, but miss!
[Tue Aug 04 17:02:37 2026] A Champion of Innoruuk punches YOU for 37 points of damage. (Riposte)
[Tue Aug 04 17:02:37 2026] You gain a rune for 12 points of absorption.
[Tue Aug 04 17:02:37 2026] You punch a Champion of Innoruuk for 86 points of damage. (Critical)
[Tue Aug 04 17:02:37 2026] You pierce a Champion of Innoruuk for 59 points of damage.
[Tue Aug 04 17:02:37 2026] A Champion of Innoruuk tries to kick YOU, but YOU parry!
[Tue Aug 04 17:02:37 2026] A Champion of Innoruuk tries to kick YOU, but misses!
[Tue Aug 04 17:02:37 2026] You gain a rune for 18 points of absorption.
[Tue Aug 04 17:02:37 2026] You slash a Champion of Innoruuk for 124 points of damage. (Critical)
[Tue Aug 04 17:02:38 2026] You try to pierce a Champion of Innoruuk, but miss!
[Tue Aug 04 17:02:38 2026] You pierce a Champion of Innoruuk for 51 points of damage.
[Tue Aug 04 17:02:38 2026] This spell only works on the undead.
[Tue Aug 04 17:02:38 2026] You slash a Champion of Innoruuk for 48 points of damage.
[Tue Aug 04 17:02:38 2026] You gain a rune for 25 points of absorption.
[Tue Aug 04 17:02:38 2026] You slash a Champion of Innoruuk for 167 points of damage. (Critical)
[Tue Aug 04 17:02:38 2026] A Champion of Innoruuk has taken 82 damage from your Blood Draw Strike.
[Tue Aug 04 17:02:38 2026] You healed Primitive for 82 hit points by Blood Draw Strike.
[Tue Aug 04 17:02:39 2026] A Champion of Innoruuk punches YOU for 184 points of damage.
[Tue Aug 04 17:02:39 2026] You hurt yourself for 2 points.
[Tue Aug 04 17:02:39 2026] You kick a Champion of Innoruuk for 40 points of damage.
[Tue Aug 04 17:02:39 2026] You kick a Champion of Innoruuk for 6 points of damage.
[Tue Aug 04 17:02:39 2026] You gain a rune for 10 points of absorption.
[Tue Aug 04 17:02:39 2026] You pierce a Champion of Innoruuk for 73 points of damage. (Critical)
[Tue Aug 04 17:02:39 2026] You pierce a Champion of Innoruuk for 8 points of damage.
[Tue Aug 04 17:02:39 2026] You hurt yourself for 20 points.
[Tue Aug 04 17:02:39 2026] You backstab a Champion of Innoruuk for 306 points of damage.
[Tue Aug 04 17:02:39 2026] You hurt yourself for 12 points.
[Tue Aug 04 17:02:39 2026] You backstab a Champion of Innoruuk for 193 points of damage.
[Tue Aug 04 17:02:39 2026] You slash a Champion of Innoruuk for 25 points of damage.
[Tue Aug 04 17:02:39 2026] A Champion of Innoruuk punches YOU for 24 points of damage. (Riposte)
[Tue Aug 04 17:02:39 2026] You punch a Champion of Innoruuk for 21 points of damage.
[Tue Aug 04 17:02:40 2026] You try to pierce a Champion of Innoruuk, but miss!
[Tue Aug 04 17:02:40 2026] You pierce a Champion of Innoruuk for 26 points of damage.
[Tue Aug 04 17:02:40 2026] You try to slash a Champion of Innoruuk, but miss!
[Tue Aug 04 17:02:40 2026] You slash a Champion of Innoruuk for 80 points of damage.
[Tue Aug 04 17:02:40 2026] You gain a rune for 17 points of absorption.
[Tue Aug 04 17:02:40 2026] You pierce a Champion of Innoruuk for 117 points of damage. (Critical)
[Tue Aug 04 17:02:41 2026] You smite a Champion of Innoruuk for 24 points of damage.
[Tue Aug 04 17:02:41 2026] You hit a Champion of Innoruuk for 154 points of magic damage by Smiting Strike.
[Tue Aug 04 17:02:41 2026] A Champion of Innoruuk staggers.
[Tue Aug 04 17:02:41 2026] You try to slash a Champion of Innoruuk, but miss!
[Tue Aug 04 17:02:41 2026] You slash a Champion of Innoruuk for 66 points of damage.
[Tue Aug 04 17:02:41 2026] You hurt yourself for 2 points.
[Tue Aug 04 17:02:41 2026] You gain a rune for 10 points of absorption.
[Tue Aug 04 17:02:41 2026] You frenzy on a Champion of Innoruuk for 72 points of damage. (Critical)
[Tue Aug 04 17:02:41 2026] You try to frenzy on a Champion of Innoruuk, but miss!
[Tue Aug 04 17:02:41 2026] You hurt yourself for 2 points.
[Tue Aug 04 17:02:41 2026] You frenzy on a Champion of Innoruuk for 40 points of damage.
[Tue Aug 04 17:02:41 2026] You hurt yourself for 3 points.
[Tue Aug 04 17:02:41 2026] You frenzy on a Champion of Innoruuk for 47 points of damage.
[Tue Aug 04 17:02:41 2026] You try to frenzy on a Champion of Innoruuk, but miss!
[Tue Aug 04 17:02:41 2026] You try to frenzy on a Champion of Innoruuk, but a Champion of Innoruuk dodges!
[Tue Aug 04 17:02:41 2026] You try to frenzy on a Champion of Innoruuk, but a Champion of Innoruuk dodges!
[Tue Aug 04 17:02:41 2026] You try to pierce a Champion of Innoruuk, but miss!
[Tue Aug 04 17:02:41 2026] You pierce a Champion of Innoruuk for 30 points of damage.
[Tue Aug 04 17:02:41 2026] You hurt yourself for 2 points.
[Tue Aug 04 17:02:41 2026] You kick a Champion of Innoruuk for 42 points of damage.
[Tue Aug 04 17:02:41 2026] You slash a Champion of Innoruuk for 63 points of damage.
[Tue Aug 04 17:02:41 2026] You slash a Champion of Innoruuk for 83 points of damage.
[Tue Aug 04 17:02:42 2026] A Champion of Innoruuk tries to punch YOU, but YOU parry!
[Tue Aug 04 17:02:42 2026] A Champion of Innoruuk punches YOU for 134 points of damage.
[Tue Aug 04 17:02:42 2026] You try to bash a Champion of Innoruuk, but miss!
[Tue Aug 04 17:02:42 2026] You try to pierce a Champion of Innoruuk, but miss!
[Tue Aug 04 17:02:42 2026] You gain a rune for 17 points of absorption.
[Tue Aug 04 17:02:42 2026] You pierce a Champion of Innoruuk for 117 points of damage. (Critical)
[Tue Aug 04 17:02:42 2026] You hurt yourself for 20 points.
[Tue Aug 04 17:02:42 2026] You backstab a Champion of Innoruuk for 310 points of damage.
[Tue Aug 04 17:02:42 2026] You try to backstab a Champion of Innoruuk, but miss!
[Tue Aug 04 17:02:42 2026] Your target is immune to the stun portion of this effect.
[Tue Aug 04 17:02:42 2026] a Champion of Innoruuk begins to sway!
[Tue Aug 04 17:02:42 2026] You try to slash a Champion of Innoruuk, but miss!
[Tue Aug 04 17:02:42 2026] You try to slash a Champion of Innoruuk, but a Champion of Innoruuk parries!
[Tue Aug 04 17:02:43 2026] You try to pierce a Champion of Innoruuk, but miss!
[Tue Aug 04 17:02:43 2026] You pierce a Champion of Innoruuk for 29 points of damage.
[Tue Aug 04 17:02:43 2026] You gain a rune for 20 points of absorption.
[Tue Aug 04 17:02:43 2026] You slash a Champion of Innoruuk for 136 points of damage. (Critical)
[Tue Aug 04 17:02:43 2026] You slash a Champion of Innoruuk for 70 points of damage.
[Tue Aug 04 17:02:44 2026] You hit a Champion of Innoruuk for 25 points of poison damage by Blood Draw Strike.
[Tue Aug 04 17:02:44 2026] A Champion of Innoruuk begins to bleed profusely!
[Tue Aug 04 17:02:44 2026] You pierce a Champion of Innoruuk for 30 points of damage.
[Tue Aug 04 17:02:44 2026] You try to slash a Champion of Innoruuk, but miss!
[Tue Aug 04 17:02:44 2026] You try to kick a Champion of Innoruuk, but miss!
[Tue Aug 04 17:02:44 2026] A Champion of Innoruuk punches YOU for 30 points of damage. (Riposte)
[Tue Aug 04 17:02:45 2026] A Champion of Innoruuk has taken 82 damage from your Blood Draw Strike.
[Tue Aug 04 17:02:45 2026] You healed Primitive for 82 hit points by Blood Draw Strike.
[Tue Aug 04 17:02:45 2026] You pierce a Champion of Innoruuk for 57 points of damage.
[Tue Aug 04 17:02:45 2026] a Champion of Innoruuk's limbs move slower!
[Tue Aug 04 17:02:45 2026] A Champion of Innoruuk tries to punch YOU, but YOU block!
[Tue Aug 04 17:02:45 2026] You gain a rune for 11 points of absorption.
[Tue Aug 04 17:02:45 2026] You slash a Champion of Innoruuk for 77 points of damage. (Critical)
[Tue Aug 04 17:02:45 2026] You try to bash a Champion of Innoruuk, but miss!
[Tue Aug 04 17:02:45 2026] You hurt yourself for 3 points.
[Tue Aug 04 17:02:45 2026] You bash a Champion of Innoruuk for 57 points of damage.
[Tue Aug 04 17:02:45 2026] A Champion of Innoruuk punches YOU for 83 points of damage.
[Tue Aug 04 17:02:45 2026] A Champion of Innoruuk punches YOU for 161 points of damage.
[Tue Aug 04 17:02:45 2026] You try to pierce a Champion of Innoruuk, but a Champion of Innoruuk parries!
[Tue Aug 04 17:02:45 2026] You try to pierce a Champion of Innoruuk, but miss!
[Tue Aug 04 17:02:45 2026] You try to smite a Champion of Innoruuk, but miss!
[Tue Aug 04 17:02:45 2026] You try to smite a Champion of Innoruuk, but miss!
[Tue Aug 04 17:02:45 2026] You hurt yourself for 12 points.
[Tue Aug 04 17:02:45 2026] You backstab a Champion of Innoruuk for 193 points of damage.
[Tue Aug 04 17:02:45 2026] You try to backstab a Champion of Innoruuk, but miss!
[Tue Aug 04 17:02:45 2026] You slash a Champion of Innoruuk for 149 points of damage.
[Tue Aug 04 17:02:45 2026] You try to slash a Champion of Innoruuk, but miss!
[Tue Aug 04 17:02:46 2026] You hurt yourself for 1 points.
[Tue Aug 04 17:02:46 2026] You frenzy on a Champion of Innoruuk for 28 points of damage.
[Tue Aug 04 17:02:46 2026] You try to frenzy on a Champion of Innoruuk, but miss!
[Tue Aug 04 17:02:46 2026] You try to frenzy on a Champion of Innoruuk, but miss!
[Tue Aug 04 17:02:46 2026] You try to pierce a Champion of Innoruuk, but a Champion of Innoruuk parries!
[Tue Aug 04 17:02:46 2026] You slash a Champion of Innoruuk for 48 points of damage.
[Tue Aug 04 17:02:47 2026] You try to kick a Champion of Innoruuk, but miss!
[Tue Aug 04 17:02:47 2026] You try to pierce a Champion of Innoruuk, but miss!
[Tue Aug 04 17:02:47 2026] You try to slash a Champion of Innoruuk, but a Champion of Innoruuk parries!
[Tue Aug 04 17:02:47 2026] You try to slash a Champion of Innoruuk, but miss!
[Tue Aug 04 17:02:48 2026] You hurt yourself for 5 points.
[Tue Aug 04 17:02:48 2026] You bash a Champion of Innoruuk for 77 points of damage.
[Tue Aug 04 17:02:48 2026] You try to pierce a Champion of Innoruuk, but miss!
[Tue Aug 04 17:02:48 2026] You slash a Champion of Innoruuk for 80 points of damage.
[Tue Aug 04 17:02:48 2026] A Champion of Innoruuk punches YOU for 177 points of damage.
[Tue Aug 04 17:02:48 2026] A Champion of Innoruuk punches YOU for 186 points of damage.
[Tue Aug 04 17:02:49 2026] You slash a Champion of Innoruuk for 100 points of damage.
[Tue Aug 04 17:02:49 2026] You try to pierce a Champion of Innoruuk, but a Champion of Innoruuk dodges!
[Tue Aug 04 17:02:49 2026] You try to backstab a Champion of Innoruuk, but miss!
[Tue Aug 04 17:02:49 2026] You try to backstab a Champion of Innoruuk, but miss!
[Tue Aug 04 17:02:49 2026] A Champion of Innoruuk tries to bash YOU, but YOU block!
[Tue Aug 04 17:02:49 2026] A Champion of Innoruuk bashes YOU for 44 points of damage.
[Tue Aug 04 17:02:49 2026] You slash a Champion of Innoruuk for 48 points of damage.
[Tue Aug 04 17:02:49 2026] You try to slash a Champion of Innoruuk, but a Champion of Innoruuk dodges!
[Tue Aug 04 17:02:49 2026] You hurt yourself for 1 points.
[Tue Aug 04 17:02:49 2026] You kick a Champion of Innoruuk for 23 points of damage.
[Tue Aug 04 17:02:49 2026] You try to kick a Champion of Innoruuk, but miss!
[Tue Aug 04 17:02:49 2026] a Champion of Innoruuk's limbs move slower!
[Tue Aug 04 17:02:49 2026] You try to pierce a Champion of Innoruuk, but miss!
[Tue Aug 04 17:02:50 2026] A Champion of Innoruuk tries to kick YOU, but misses!
[Tue Aug 04 17:02:50 2026] A Champion of Innoruuk kicks YOU for 45 points of damage.
[Tue Aug 04 17:02:50 2026] You slash a Champion of Innoruuk for 148 points of damage.
[Tue Aug 04 17:02:50 2026] You slash a Champion of Innoruuk for 48 points of damage.
[Tue Aug 04 17:02:50 2026] You smite a Champion of Innoruuk for 29 points of damage.
[Tue Aug 04 17:02:50 2026] You hit a Champion of Innoruuk for 154 points of magic damage by Smiting Strike.
[Tue Aug 04 17:02:50 2026] A Champion of Innoruuk staggers.
[Tue Aug 04 17:02:50 2026] You hurt yourself for 6 points.
[Tue Aug 04 17:02:50 2026] You bash a Champion of Innoruuk for 98 points of damage.
[Tue Aug 04 17:02:50 2026] You hurt yourself for 6 points.
[Tue Aug 04 17:02:50 2026] You gain a rune for 22 points of absorption.
[Tue Aug 04 17:02:50 2026] You bash a Champion of Innoruuk for 150 points of damage. (Critical)
[Tue Aug 04 17:02:50 2026] You pierce a Champion of Innoruuk for 42 points of damage.
[Tue Aug 04 17:02:50 2026] You try to frenzy on a Champion of Innoruuk, but miss!
[Tue Aug 04 17:02:50 2026] You try to frenzy on a Champion of Innoruuk, but a Champion of Innoruuk dodges!
[Tue Aug 04 17:02:50 2026] A Champion of Innoruuk has taken 82 damage from your Blood Draw Strike.
[Tue Aug 04 17:02:50 2026] You healed Primitive for 82 hit points by Blood Draw Strike.
[Tue Aug 04 17:02:51 2026] A Champion of Innoruuk cleaves YOU for 125 points of damage.
[Tue Aug 04 17:02:51 2026] You try to slash a Champion of Innoruuk, but a Champion of Innoruuk parries!
[Tue Aug 04 17:02:51 2026] You slash a Champion of Innoruuk for 80 points of damage.
[Tue Aug 04 17:02:51 2026] You try to pierce a Champion of Innoruuk, but miss!
[Tue Aug 04 17:02:51 2026] You try to pierce a Champion of Innoruuk, but miss!
[Tue Aug 04 17:02:51 2026] A Champion of Innoruuk tries to punch YOU, but YOU riposte!
[Tue Aug 04 17:02:51 2026] You slash a Champion of Innoruuk for 104 points of damage. (Riposte)
[Tue Aug 04 17:02:51 2026] A Champion of Innoruuk tries to punch YOU, but misses!
[Tue Aug 04 17:02:52 2026] You gain a rune for 26 points of absorption.
[Tue Aug 04 17:02:52 2026] You slash a Champion of Innoruuk for 174 points of damage. (Critical)
[Tue Aug 04 17:02:52 2026] You try to slash a Champion of Innoruuk, but miss!
[Tue Aug 04 17:02:52 2026] You try to pierce a Champion of Innoruuk, but miss!
[Tue Aug 04 17:02:52 2026] You try to pierce a Champion of Innoruuk, but a Champion of Innoruuk dodges!
[Tue Aug 04 17:02:52 2026] You try to kick a Champion of Innoruuk, but a Champion of Innoruuk dodges!
[Tue Aug 04 17:02:52 2026] You hurt yourself for 1 points.
[Tue Aug 04 17:02:52 2026] You kick a Champion of Innoruuk for 23 points of damage.
[Tue Aug 04 17:02:52 2026] You try to backstab a Champion of Innoruuk, but miss!
[Tue Aug 04 17:02:53 2026] You slash a Champion of Innoruuk for 80 points of damage.
[Tue Aug 04 17:02:53 2026] You try to slash a Champion of Innoruuk, but miss!
[Tue Aug 04 17:02:53 2026] You hurt yourself for 5 points.
[Tue Aug 04 17:02:53 2026] You bash a Champion of Innoruuk for 78 points of damage.
[Tue Aug 04 17:02:53 2026] You hurt yourself for 1 points.
[Tue Aug 04 17:02:53 2026] You bash a Champion of Innoruuk for 26 points of damage.
[Tue Aug 04 17:02:53 2026] You try to slash a Champion of Innoruuk, but miss!
[Tue Aug 04 17:02:53 2026] You try to slash a Champion of Innoruuk, but miss!
[Tue Aug 04 17:02:54 2026] You try to pierce a Champion of Innoruuk, but miss!
[Tue Aug 04 17:02:54 2026] You slash a Champion of Innoruuk for 95 points of damage.
[Tue Aug 04 17:02:54 2026] You pierce a Champion of Innoruuk for 39 points of damage.
[Tue Aug 04 17:02:54 2026] A Champion of Innoruuk tries to punch YOU, but misses!
[Tue Aug 04 17:02:54 2026] A Champion of Innoruuk punches YOU for 41 points of damage.
[Tue Aug 04 17:02:55 2026] You try to kick a Champion of Innoruuk, but miss!
[Tue Aug 04 17:02:55 2026] You slash a Champion of Innoruuk for 106 points of damage.
[Tue Aug 04 17:02:55 2026] You try to smite a Champion of Innoruuk, but miss!
[Tue Aug 04 17:02:55 2026] You hurt yourself for 1 points.
[Tue Aug 04 17:02:55 2026] You frenzy on a Champion of Innoruuk for 28 points of damage.
[Tue Aug 04 17:02:56 2026] You hurt yourself for 12 points.
[Tue Aug 04 17:02:56 2026] You backstab a Champion of Innoruuk for 183 points of damage.
[Tue Aug 04 17:02:56 2026] You try to backstab a Champion of Innoruuk, but miss!
[Tue Aug 04 17:02:56 2026] You hurt yourself for 1 points.
[Tue Aug 04 17:02:56 2026] You bash a Champion of Innoruuk for 17 points of damage.
[Tue Aug 04 17:02:56 2026] You try to bash a Champion of Innoruuk, but a Champion of Innoruuk parries!
[Tue Aug 04 17:02:56 2026] You slash a Champion of Innoruuk for 113 points of damage.
[Tue Aug 04 17:02:56 2026] You try to pierce a Champion of Innoruuk, but miss!
[Tue Aug 04 17:02:56 2026] You try to pierce a Champion of Innoruuk, but miss!
[Tue Aug 04 17:02:57 2026] You gain a rune for 20 points of absorption.
[Tue Aug 04 17:02:57 2026] You slash a Champion of Innoruuk for 136 points of damage. (Critical)
[Tue Aug 04 17:02:57 2026] You slash a Champion of Innoruuk for 137 points of damage.
[Tue Aug 04 17:02:57 2026] A Champion of Innoruuk has taken 82 damage from your Blood Draw Strike.
[Tue Aug 04 17:02:57 2026] You healed Primitive for 82 hit points by Blood Draw Strike.
[Tue Aug 04 17:02:57 2026] You pierce a Champion of Innoruuk for 57 points of damage.
[Tue Aug 04 17:02:57 2026] You gain a rune for 6 points of absorption.
[Tue Aug 04 17:02:57 2026] You pierce a Champion of Innoruuk for 44 points of damage. (Critical)
[Tue Aug 04 17:02:57 2026] You can't use that command right now...
[Tue Aug 04 17:02:57 2026] You try to slash a Champion of Innoruuk, but a Champion of Innoruuk dodges!
[Tue Aug 04 17:02:57 2026] Your Djarn's Amethyst Ring (Exaltation) shimmers briefly.
[Tue Aug 04 17:02:57 2026] You begin casting Superior Healing IV.
[Tue Aug 04 17:02:58 2026] You can't use that command right now...
[Tue Aug 04 17:02:58 2026] A Champion of Innoruuk punches YOU for 201 points of damage.
[Tue Aug 04 17:02:58 2026] A Champion of Innoruuk tries to punch YOU, but misses!
[Tue Aug 04 17:02:58 2026] You can't use that command right now...
[Tue Aug 04 17:02:58 2026] You can't use that command right now...
[Tue Aug 04 17:02:58 2026] You regain your concentration and continue your casting.
[Tue Aug 04 17:02:58 2026] Your Idol of the Underking (Exaltation) feels alive with power.
[Tue Aug 04 17:02:58 2026] You feel much better.
[Tue Aug 04 17:02:58 2026] You healed Primitive for 846 hit points by Superior Healing.
[Tue Aug 04 17:02:58 2026] You pierce a Champion of Innoruuk for 30 points of damage.
[Tue Aug 04 17:02:58 2026] You gain a rune for 17 points of absorption.
[Tue Aug 04 17:02:58 2026] You slash a Champion of Innoruuk for 119 points of damage. (Critical)
[Tue Aug 04 17:02:58 2026] You gain a rune for 24 points of absorption.
[Tue Aug 04 17:02:58 2026] You slash a Champion of Innoruuk for 165 points of damage. (Critical)
[Tue Aug 04 17:02:58 2026] You try to bash a Champion of Innoruuk, but miss!
[Tue Aug 04 17:02:58 2026] You bash a Champion of Innoruuk for 8 points of damage.
[Tue Aug 04 17:02:58 2026] You hurt yourself for 1 points.
[Tue Aug 04 17:02:58 2026] You kick a Champion of Innoruuk for 21 points of damage.
[Tue Aug 04 17:02:59 2026] a Champion of Innoruuk's fingers slow down.
[Tue Aug 04 17:02:59 2026] You pierce a Champion of Innoruuk for 16 points of damage.
[Tue Aug 04 17:02:59 2026] You hurt yourself for 9 points.
[Tue Aug 04 17:02:59 2026] You backstab a Champion of Innoruuk for 145 points of damage.
[Tue Aug 04 17:02:59 2026] You try to slash a Champion of Innoruuk, but miss!
[Tue Aug 04 17:02:59 2026] You slash a Champion of Innoruuk for 130 points of damage.
[Tue Aug 04 17:02:59 2026] You try to pierce a Champion of Innoruuk, but a Champion of Innoruuk dodges!
[Tue Aug 04 17:03:00 2026] You smite a Champion of Innoruuk for 49 points of damage. (Critical)
[Tue Aug 04 17:03:00 2026] You hit a Champion of Innoruuk for 154 points of magic damage by Smiting Strike.
[Tue Aug 04 17:03:00 2026] A Champion of Innoruuk staggers.
[Tue Aug 04 17:03:00 2026] You slash a Champion of Innoruuk for 38 points of damage.
[Tue Aug 04 17:03:00 2026] You try to slash a Champion of Innoruuk, but miss!
[Tue Aug 04 17:03:00 2026] You frenzy on a Champion of Innoruuk for 5 points of damage.
[Tue Aug 04 17:03:00 2026] You try to frenzy on a Champion of Innoruuk, but miss!
[Tue Aug 04 17:03:00 2026] You hurt yourself for 1 points.
[Tue Aug 04 17:03:00 2026] You frenzy on a Champion of Innoruuk for 28 points of damage.
[Tue Aug 04 17:03:00 2026] You try to frenzy on a Champion of Innoruuk, but a Champion of Innoruuk dodges!
[Tue Aug 04 17:03:00 2026] You pierce a Champion of Innoruuk for 30 points of damage.
[Tue Aug 04 17:03:00 2026] You pierce a Champion of Innoruuk for 12 points of damage.
[Tue Aug 04 17:03:01 2026] You try to slash a Champion of Innoruuk, but miss!
[Tue Aug 04 17:03:01 2026] You try to slash a Champion of Innoruuk, but miss!
[Tue Aug 04 17:03:01 2026] A Champion of Innoruuk punches YOU for 41 points of damage.
[Tue Aug 04 17:03:01 2026] You hurt yourself for 3 points.
[Tue Aug 04 17:03:01 2026] You kick a Champion of Innoruuk for 52 points of damage.
[Tue Aug 04 17:03:01 2026] You try to kick a Champion of Innoruuk, but miss!
[Tue Aug 04 17:03:01 2026] You hurt yourself for 1 points.
[Tue Aug 04 17:03:01 2026] You bash a Champion of Innoruuk for 20 points of damage.
[Tue Aug 04 17:03:01 2026] You try to bash a Champion of Innoruuk, but a Champion of Innoruuk parries!
[Tue Aug 04 17:03:01 2026] You pierce a Champion of Innoruuk for 55 points of damage.
[Tue Aug 04 17:03:01 2026] You try to pierce a Champion of Innoruuk, but miss!
[Tue Aug 04 17:03:01 2026] A Champion of Innoruuk bashes YOU for 44 points of damage.
[Tue Aug 04 17:03:01 2026] A Champion of Innoruuk tries to bash YOU, but misses!
[Tue Aug 04 17:03:01 2026] You slash a Champion of Innoruuk for 70 points of damage.
[Tue Aug 04 17:03:02 2026] You can't use that command right now...
[Tue Aug 04 17:03:02 2026] Your Djarn's Amethyst Ring (Exaltation) shimmers briefly.
[Tue Aug 04 17:03:02 2026] You begin casting Superior Healing IV.
[Tue Aug 04 17:03:02 2026] You can't use that command right now...
[Tue Aug 04 17:03:02 2026] You regain your concentration and continue your casting.
[Tue Aug 04 17:03:02 2026] Your Idol of the Underking (Exaltation) feels alive with power.
[Tue Aug 04 17:03:02 2026] You feel much better.
[Tue Aug 04 17:03:02 2026] You healed Primitive for 868 hit points by Superior Healing.
[Tue Aug 04 17:03:02 2026] You slash a Champion of Innoruuk for 80 points of damage.
[Tue Aug 04 17:03:02 2026] You try to slash a Champion of Innoruuk, but a Champion of Innoruuk parries!
[Tue Aug 04 17:03:03 2026] You hurt yourself for 8 points.
[Tue Aug 04 17:03:03 2026] You backstab a Champion of Innoruuk for 125 points of damage.
[Tue Aug 04 17:03:03 2026] A Champion of Innoruuk has taken 82 damage from your Blood Draw Strike.
[Tue Aug 04 17:03:03 2026] You healed Primitive for 82 hit points by Blood Draw Strike.
[Tue Aug 04 17:03:03 2026] A Champion of Innoruuk kicks YOU for 45 points of damage.
[Tue Aug 04 17:03:03 2026] A Champion of Innoruuk tries to kick YOU, but YOU parry!
[Tue Aug 04 17:03:03 2026] A Champion of Innoruuk resisted your Blood Draw Strike!
[Tue Aug 04 17:03:03 2026] You try to pierce a Champion of Innoruuk, but miss!
[Tue Aug 04 17:03:03 2026] You try to pierce a Champion of Innoruuk, but miss!
[Tue Aug 04 17:03:03 2026] You try to slash a Champion of Innoruuk, but miss!
[Tue Aug 04 17:03:03 2026] You slash a Champion of Innoruuk for 38 points of damage.
[Tue Aug 04 17:03:04 2026] You try to pierce a Champion of Innoruuk, but miss!
[Tue Aug 04 17:03:04 2026] You pierce a Champion of Innoruuk for 23 points of damage.
[Tue Aug 04 17:03:04 2026] You hurt yourself for 2 points.
[Tue Aug 04 17:03:04 2026] You bash a Champion of Innoruuk for 31 points of damage.
[Tue Aug 04 17:03:04 2026] You try to kick a Champion of Innoruuk, but a Champion of Innoruuk parries!
[Tue Aug 04 17:03:04 2026] You kick a Champion of Innoruuk for 8 points of damage.
[Tue Aug 04 17:03:04 2026] You gain a rune for 19 points of absorption.
[Tue Aug 04 17:03:04 2026] You slash a Champion of Innoruuk for 130 points of damage. (Critical)
[Tue Aug 04 17:03:04 2026] A Champion of Innoruuk tries to punch YOU, but YOU riposte!
[Tue Aug 04 17:03:04 2026] You slash a Champion of Innoruuk for 80 points of damage. (Riposte)
[Tue Aug 04 17:03:04 2026] You pierce a Champion of Innoruuk for 6 points of damage.
[Tue Aug 04 17:03:05 2026] You try to slash a Champion of Innoruuk, but miss!
[Tue Aug 04 17:03:05 2026] You try to smite a Champion of Innoruuk, but miss!
[Tue Aug 04 17:03:05 2026] You smite a Champion of Innoruuk for 37 points of damage.
[Tue Aug 04 17:03:05 2026] You hit a Champion of Innoruuk for 154 points of magic damage by Smiting Strike.
[Tue Aug 04 17:03:05 2026] A Champion of Innoruuk staggers.
[Tue Aug 04 17:03:05 2026] You hurt yourself for 3 points.
[Tue Aug 04 17:03:05 2026] You frenzy on a Champion of Innoruuk for 50 points of damage.
[Tue Aug 04 17:03:05 2026] You try to frenzy on a Champion of Innoruuk, but miss!
[Tue Aug 04 17:03:05 2026] You hurt yourself for 2 points.
[Tue Aug 04 17:03:05 2026] You frenzy on a Champion of Innoruuk for 43 points of damage.
[Tue Aug 04 17:03:05 2026] You try to frenzy on a Champion of Innoruuk, but miss!
[Tue Aug 04 17:03:05 2026] You try to frenzy on a Champion of Innoruuk, but miss!
[Tue Aug 04 17:03:05 2026] You slash a Champion of Innoruuk for 52 points of damage.
[Tue Aug 04 17:03:05 2026] You slash a Champion of Innoruuk for 80 points of damage.
[Tue Aug 04 17:03:06 2026] You try to backstab a Champion of Innoruuk, but miss!
[Tue Aug 04 17:03:06 2026] You try to backstab a Champion of Innoruuk, but miss!
[Tue Aug 04 17:03:06 2026] You pierce a Champion of Innoruuk for 3 points of damage.
[Tue Aug 04 17:03:06 2026] You try to slash a Champion of Innoruuk, but miss!
[Tue Aug 04 17:03:06 2026] You gain a rune for 23 points of absorption.
[Tue Aug 04 17:03:06 2026] You slash a Champion of Innoruuk for 155 points of damage. (Critical)
[Tue Aug 04 17:03:06 2026] You hurt yourself for 7 points.
[Tue Aug 04 17:03:06 2026] You bash a Champion of Innoruuk for 111 points of damage.
[Tue Aug 04 17:03:06 2026] You hurt yourself for 1 points.
[Tue Aug 04 17:03:06 2026] You bash a Champion of Innoruuk for 22 points of damage.
[Tue Aug 04 17:03:06 2026] You try to kick a Champion of Innoruuk, but miss!
[Tue Aug 04 17:03:06 2026] You hurt yourself for 1 points.
[Tue Aug 04 17:03:06 2026] You gain a rune for 6 points of absorption.
[Tue Aug 04 17:03:06 2026] You kick a Champion of Innoruuk for 43 points of damage. (Critical)
[Tue Aug 04 17:03:07 2026] You pierce a Champion of Innoruuk for 17 points of damage.
[Tue Aug 04 17:03:07 2026] You try to pierce a Champion of Innoruuk, but a Champion of Innoruuk parries!
[Tue Aug 04 17:03:07 2026] You slash a Champion of Innoruuk for 55 points of damage.
[Tue Aug 04 17:03:07 2026] You gain a rune for 30 points of absorption.
[Tue Aug 04 17:03:07 2026] You slash a Champion of Innoruuk for 204 points of damage. (Critical)
[Tue Aug 04 17:03:07 2026] A Champion of Innoruuk tries to punch YOU, but misses!
[Tue Aug 04 17:03:07 2026] A Champion of Innoruuk tries to punch YOU, but misses!
[Tue Aug 04 17:03:08 2026] You hit a Champion of Innoruuk for 48 points of poison damage by Blood Draw Strike.
[Tue Aug 04 17:03:08 2026] A Champion of Innoruuk begins to bleed profusely!
[Tue Aug 04 17:03:08 2026] You slash a Champion of Innoruuk for 22 points of damage.
[Tue Aug 04 17:03:08 2026] You pierce a Champion of Innoruuk for 30 points of damage.
[Tue Aug 04 17:03:08 2026] You try to pierce a Champion of Innoruuk, but miss!
[Tue Aug 04 17:03:08 2026] You try to slash a Champion of Innoruuk, but a Champion of Innoruuk dodges!
[Tue Aug 04 17:03:08 2026] You slash a Champion of Innoruuk for 113 points of damage.
[Tue Aug 04 17:03:09 2026] A Champion of Innoruuk has taken 82 damage from your Blood Draw Strike.
[Tue Aug 04 17:03:09 2026] You healed Primitive for 82 hit points by Blood Draw Strike.
[Tue Aug 04 17:03:09 2026] You hurt yourself for 2 points.
[Tue Aug 04 17:03:09 2026] You bash a Champion of Innoruuk for 40 points of damage.
[Tue Aug 04 17:03:09 2026] You try to bash a Champion of Innoruuk, but miss!
[Tue Aug 04 17:03:09 2026] You try to kick a Champion of Innoruuk, but a Champion of Innoruuk dodges!
[Tue Aug 04 17:03:09 2026] You hurt yourself for 2 points.
[Tue Aug 04 17:03:09 2026] You kick a Champion of Innoruuk for 30 points of damage.
[Tue Aug 04 17:03:09 2026] You hurt yourself for 4 points.
[Tue Aug 04 17:03:09 2026] You kick a Champion of Innoruuk for 63 points of damage.
[Tue Aug 04 17:03:09 2026] You hurt yourself for 3 points.
[Tue Aug 04 17:03:09 2026] You gain a rune for 22 points of absorption.
[Tue Aug 04 17:03:09 2026] You backstab a Champion of Innoruuk for 148 points of damage. (Critical)
[Tue Aug 04 17:03:09 2026] You hurt yourself for 12 points.
[Tue Aug 04 17:03:09 2026] You backstab a Champion of Innoruuk for 193 points of damage.
[Tue Aug 04 17:03:09 2026] A Champion of Innoruuk tries to cleave YOU, but YOU block!
[Tue Aug 04 17:03:09 2026] A Champion of Innoruuk cleaves YOU for 176 points of damage.
[Tue Aug 04 17:03:09 2026] A Champion of Innoruuk punches YOU for 50 points of damage. (Riposte)
[Tue Aug 04 17:03:09 2026] You slash a Champion of Innoruuk for 134 points of damage.
[Tue Aug 04 17:03:09 2026] Your faction standing with Inhabitants of Hate could not possibly get any worse.
[Tue Aug 04 17:03:09 2026] You gain experience! (1.655%)
[Tue Aug 04 17:03:09 2026] You receive 9 platinum, 3 gold and 5 copper from the corpse.
[Tue Aug 04 17:03:09 2026] You hit a Champion of Innoruuk for 3 points of poison damage by Blood Draw Strike.
[Tue Aug 04 17:03:09 2026] A Champion of Innoruuk begins to bleed profusely!
[Tue Aug 04 17:03:09 2026] You have slain a Champion of Innoruuk!
[Tue Aug 04 17:03:09 2026] --You have looted a Jacinth from a Champion of Innoruuk's corpse.--
[Tue Aug 04 17:03:23 2026] A Champion of Innoruuk tries to punch YOU, but misses!
[Tue Aug 04 17:03:23 2026] A Champion of Innoruuk tries to cleave YOU, but misses!
[Tue Aug 04 17:03:23 2026] A Champion of Innoruuk cleaves YOU for 209 points of damage.
[Tue Aug 04 17:03:23 2026] A Champion of Innoruuk bashes YOU for 44 points of damage.
[Tue Aug 04 17:03:23 2026] A Champion of Innoruuk bashes YOU for 44 points of damage.
[Tue Aug 04 17:03:23 2026] Auto attack is on.
[Tue Aug 04 17:03:23 2026] You hurt yourself for 12 points.
[Tue Aug 04 17:03:23 2026] You gain a rune for 45 points of absorption.
[Tue Aug 04 17:03:23 2026] You backstab a Champion of Innoruuk for 300 points of damage. (Critical)
[Tue Aug 04 17:03:23 2026] You try to bash a Champion of Innoruuk, but miss!
[Tue Aug 04 17:03:23 2026] You try to frenzy on a Champion of Innoruuk, but a Champion of Innoruuk dodges!
[Tue Aug 04 17:03:23 2026] You hurt yourself for 3 points.
[Tue Aug 04 17:03:23 2026] You frenzy on a Champion of Innoruuk for 57 points of damage.
[Tue Aug 04 17:03:23 2026] You try to frenzy on a Champion of Innoruuk, but miss!
[Tue Aug 04 17:03:23 2026] You try to frenzy on a Champion of Innoruuk, but miss!
[Tue Aug 04 17:03:23 2026] You hurt yourself for 1 points.
[Tue Aug 04 17:03:23 2026] You kick a Champion of Innoruuk for 28 points of damage.
[Tue Aug 04 17:03:23 2026] You smite a Champion of Innoruuk for 5 points of damage.
[Tue Aug 04 17:03:23 2026] You hit a Champion of Innoruuk for 154 points of magic damage by Smiting Strike.
[Tue Aug 04 17:03:23 2026] A Champion of Innoruuk staggers.
[Tue Aug 04 17:03:23 2026] You smite a Champion of Innoruuk for 5 points of damage.
[Tue Aug 04 17:03:23 2026] You hit a Champion of Innoruuk for 154 points of magic damage by Smiting Strike.
[Tue Aug 04 17:03:23 2026] A Champion of Innoruuk staggers.
[Tue Aug 04 17:03:23 2026] You try to slash a Champion of Innoruuk, but miss!
[Tue Aug 04 17:03:23 2026] A Champion of Innoruuk tries to kick YOU, but misses!
[Tue Aug 04 17:03:24 2026] Your target is too far away, get closer!
[Tue Aug 04 17:03:24 2026] Your target is too far away, get closer!
[Tue Aug 04 17:03:25 2026] You slash a Champion of Innoruuk for 63 points of damage.
[Tue Aug 04 17:03:25 2026] You gain a rune for 14 points of absorption.
[Tue Aug 04 17:03:25 2026] You pierce a Champion of Innoruuk for 95 points of damage. (Critical)
[Tue Aug 04 17:03:25 2026] You have been summoned!
[Tue Aug 04 17:03:25 2026] A Champion of Innoruuk punches YOU for 91 points of damage.
[Tue Aug 04 17:03:26 2026] You slash a Champion of Innoruuk for 31 points of damage.
[Tue Aug 04 17:03:26 2026] You pierce a Champion of Innoruuk for 30 points of damage.
[Tue Aug 04 17:03:26 2026] You pierce a Champion of Innoruuk for 17 points of damage.
[Tue Aug 04 17:03:26 2026] You bash a Champion of Innoruuk for 2 points of damage.
[Tue Aug 04 17:03:26 2026] You try to bash a Champion of Innoruuk, but miss!
[Tue Aug 04 17:03:26 2026] You hurt yourself for 1 points.
[Tue Aug 04 17:03:26 2026] You kick a Champion of Innoruuk for 15 points of damage.
[Tue Aug 04 17:03:26 2026] You slash a Champion of Innoruuk for 42 points of damage.
[Tue Aug 04 17:03:26 2026] You try to slash a Champion of Innoruuk, but miss!
[Tue Aug 04 17:03:26 2026] You try to backstab a Champion of Innoruuk, but miss!
[Tue Aug 04 17:03:26 2026] You hurt yourself for 11 points.
[Tue Aug 04 17:03:26 2026] You backstab a Champion of Innoruuk for 173 points of damage.
[Tue Aug 04 17:03:26 2026] You gain a rune for 6 points of absorption.
[Tue Aug 04 17:03:26 2026] You pierce a Champion of Innoruuk for 42 points of damage. (Critical)
[Tue Aug 04 17:03:27 2026] A Champion of Innoruuk punches YOU for 45 points of damage.
[Tue Aug 04 17:03:27 2026] A Champion of Innoruuk tries to punch YOU, but misses!
[Tue Aug 04 17:03:27 2026] You try to slash a Champion of Innoruuk, but a Champion of Innoruuk parries!
[Tue Aug 04 17:03:27 2026] A Champion of Innoruuk tries to punch YOU, but misses! (Riposte)
[Tue Aug 04 17:03:27 2026] You pierce a Champion of Innoruuk for 23 points of damage.
[Tue Aug 04 17:03:28 2026] You try to frenzy on a Champion of Innoruuk, but a Champion of Innoruuk parries!
[Tue Aug 04 17:03:28 2026] You hurt yourself for 1 points.
[Tue Aug 04 17:03:28 2026] You frenzy on a Champion of Innoruuk for 25 points of damage.
[Tue Aug 04 17:03:28 2026] You try to frenzy on a Champion of Innoruuk, but miss!
[Tue Aug 04 17:03:28 2026] You try to smite a Champion of Innoruuk, but miss!
[Tue Aug 04 17:03:28 2026] You slash a Champion of Innoruuk for 80 points of damage.
[Tue Aug 04 17:03:28 2026] A Champion of Innoruuk tries to punch YOU, but YOU parry!
[Tue Aug 04 17:03:28 2026] You try to pierce a Champion of Innoruuk, but miss!
[Tue Aug 04 17:03:28 2026] You hurt yourself for 4 points.
[Tue Aug 04 17:03:28 2026] You kick a Champion of Innoruuk for 60 points of damage.
[Tue Aug 04 17:03:28 2026] You hurt yourself for 3 points.
[Tue Aug 04 17:03:28 2026] You bash a Champion of Innoruuk for 48 points of damage.
[Tue Aug 04 17:03:28 2026] You try to bash a Champion of Innoruuk, but miss!
[Tue Aug 04 17:03:29 2026] You try to slash a Champion of Innoruuk, but miss!
[Tue Aug 04 17:03:29 2026] A Champion of Innoruuk tries to punch YOU, but misses!
[Tue Aug 04 17:03:29 2026] A Champion of Innoruuk punches YOU for 76 points of damage.
[Tue Aug 04 17:03:30 2026] You slash a Champion of Innoruuk for 131 points of damage.
[Tue Aug 04 17:03:30 2026] You hurt yourself for 22 points.
[Tue Aug 04 17:03:30 2026] You backstab a Champion of Innoruuk for 337 points of damage.
[Tue Aug 04 17:03:30 2026] You pierce a Champion of Innoruuk for 64 points of damage.
[Tue Aug 04 17:03:30 2026] You pierce a Champion of Innoruuk for 12 points of damage.
[Tue Aug 04 17:03:30 2026] This spell only works on the undead.
[Tue Aug 04 17:03:30 2026] You slash a Champion of Innoruuk for 74 points of damage.
[Tue Aug 04 17:03:30 2026] You looted a Midnight Clad Leggings from a Champion of Innoruuk's corpse and sold it for free.
[Tue Aug 04 17:03:31 2026] You pierce a Champion of Innoruuk for 11 points of damage.
[Tue Aug 04 17:03:31 2026] You try to pierce a Champion of Innoruuk, but a Champion of Innoruuk parries!
[Tue Aug 04 17:03:31 2026] A Champion of Innoruuk bashes YOU for 44 points of damage.
[Tue Aug 04 17:03:31 2026] You try to kick a Champion of Innoruuk, but miss!
[Tue Aug 04 17:03:31 2026] You hurt yourself for 1 points.
[Tue Aug 04 17:03:31 2026] You kick a Champion of Innoruuk for 25 points of damage.
[Tue Aug 04 17:03:31 2026] You hurt yourself for 5 points.
[Tue Aug 04 17:03:31 2026] You bash a Champion of Innoruuk for 86 points of damage.
[Tue Aug 04 17:03:31 2026] You hit a Champion of Innoruuk for 246 points of poison damage by Cobra Venom Strike. (Critical)
[Tue Aug 04 17:03:31 2026] A Champion of Innoruuk screams as poison burns their veins!
[Tue Aug 04 17:03:31 2026] You slash a Champion of Innoruuk for 155 points of damage.
[Tue Aug 04 17:03:31 2026] A Champion of Innoruuk punches YOU for 159 points of damage.
[Tue Aug 04 17:03:32 2026] You pierce a Champion of Innoruuk for 54 points of damage.
[Tue Aug 04 17:03:32 2026] You pierce a Champion of Innoruuk for 2 points of damage.
[Tue Aug 04 17:03:32 2026] You slash a Champion of Innoruuk for 18 points of damage.
[Tue Aug 04 17:03:32 2026] You slash a Champion of Innoruuk for 80 points of damage.
[Tue Aug 04 17:03:32 2026] A Champion of Innoruuk kicks YOU for 75 points of damage.
[Tue Aug 04 17:03:32 2026] A Champion of Innoruuk tries to kick YOU, but misses!
[Tue Aug 04 17:03:32 2026] You try to pierce a Champion of Innoruuk, but a Champion of Innoruuk dodges!
[Tue Aug 04 17:03:32 2026] You gain a rune for 15 points of absorption.
[Tue Aug 04 17:03:32 2026] You pierce a Champion of Innoruuk for 102 points of damage. (Critical)
[Tue Aug 04 17:03:32 2026] You try to smite a Champion of Innoruuk, but miss!
[Tue Aug 04 17:03:32 2026] You smite a Champion of Innoruuk for 12 points of damage.
[Tue Aug 04 17:03:32 2026] You hit a Champion of Innoruuk for 154 points of magic damage by Smiting Strike.
[Tue Aug 04 17:03:32 2026] A Champion of Innoruuk staggers.
[Tue Aug 04 17:03:33 2026] You frenzy on a Champion of Innoruuk for 2 points of damage.
[Tue Aug 04 17:03:33 2026] You try to frenzy on a Champion of Innoruuk, but miss!
[Tue Aug 04 17:03:33 2026] You try to frenzy on a Champion of Innoruuk, but miss!
[Tue Aug 04 17:03:33 2026] You try to frenzy on a Champion of Innoruuk, but miss!
[Tue Aug 04 17:03:33 2026] You try to slash a Champion of Innoruuk, but miss!
[Tue Aug 04 17:03:33 2026] You hurt yourself for 10 points.
[Tue Aug 04 17:03:33 2026] You backstab a Champion of Innoruuk for 155 points of damage.
[Tue Aug 04 17:03:33 2026] You try to pierce a Champion of Innoruuk, but a Champion of Innoruuk parries!
[Tue Aug 04 17:03:33 2026] A Champion of Innoruuk punches YOU for 63 points of damage. (Riposte)
[Tue Aug 04 17:03:33 2026] A Champion of Innoruuk punches YOU for 126 points of damage.
[Tue Aug 04 17:03:34 2026] You slash a Champion of Innoruuk for 42 points of damage.
[Tue Aug 04 17:03:34 2026] You slash a Champion of Innoruuk for 25 points of damage.
[Tue Aug 04 17:03:34 2026] You kick a Champion of Innoruuk for 3 points of damage.
[Tue Aug 04 17:03:34 2026] You try to bash a Champion of Innoruuk, but a Champion of Innoruuk parries!
[Tue Aug 04 17:03:34 2026] You pierce a Champion of Innoruuk for 35 points of damage.
[Tue Aug 04 17:03:34 2026] You try to pierce a Champion of Innoruuk, but miss!
[Tue Aug 04 17:03:34 2026] You slash a Champion of Innoruuk for 89 points of damage.
[Tue Aug 04 17:03:34 2026] You try to slash a Champion of Innoruuk, but miss!
[Tue Aug 04 17:03:35 2026] You pierce a Champion of Innoruuk for 39 points of damage.
[Tue Aug 04 17:03:35 2026] A Champion of Innoruuk cleaves YOU for 151 points of damage.
[Tue Aug 04 17:03:35 2026] A Champion of Innoruuk cleaves YOU for 85 points of damage.
[Tue Aug 04 17:03:35 2026] a Champion of Innoruuk's limbs move slower!
[Tue Aug 04 17:03:35 2026] You try to slash a Champion of Innoruuk, but miss!
[Tue Aug 04 17:03:35 2026] You slash a Champion of Innoruuk for 80 points of damage.
[Tue Aug 04 17:03:36 2026] You pierce a Champion of Innoruuk for 30 points of damage.
[Tue Aug 04 17:03:36 2026] You try to slash a Champion of Innoruuk, but miss!
[Tue Aug 04 17:03:36 2026] A Champion of Innoruuk tries to punch YOU, but YOU block!
[Tue Aug 04 17:03:36 2026] You hurt yourself for 11 points.
[Tue Aug 04 17:03:36 2026] You backstab a Champion of Innoruuk for 173 points of damage.
[Tue Aug 04 17:03:36 2026] You try to backstab a Champion of Innoruuk, but miss!
[Tue Aug 04 17:03:36 2026] You hurt yourself for 3 points.
[Tue Aug 04 17:03:36 2026] You bash a Champion of Innoruuk for 57 points of damage.
[Tue Aug 04 17:03:36 2026] You hurt yourself for 3 points.
[Tue Aug 04 17:03:36 2026] You bash a Champion of Innoruuk for 55 points of damage.
[Tue Aug 04 17:03:36 2026] A Champion of Innoruuk punches YOU for 83 points of damage. (Riposte)
[Tue Aug 04 17:03:36 2026] You punch a Champion of Innoruuk for 20 points of damage.
[Tue Aug 04 17:03:37 2026] You gain a rune for 19 points of absorption.
[Tue Aug 04 17:03:37 2026] You slash a Champion of Innoruuk for 131 points of damage. (Critical)
[Tue Aug 04 17:03:37 2026] You try to slash a Champion of Innoruuk, but miss!
[Tue Aug 04 17:03:37 2026] You try to smite a Champion of Innoruuk, but miss!
[Tue Aug 04 17:03:37 2026] You smite a Champion of Innoruuk for 24 points of damage.
[Tue Aug 04 17:03:37 2026] You hit a Champion of Innoruuk for 154 points of magic damage by Smiting Strike.
[Tue Aug 04 17:03:37 2026] A Champion of Innoruuk staggers.
[Tue Aug 04 17:03:37 2026] A Champion of Innoruuk punches YOU for 57 points of damage. (Riposte)
[Tue Aug 04 17:03:37 2026] You pierce a Champion of Innoruuk for 30 points of damage.
[Tue Aug 04 17:03:37 2026] You try to frenzy on a Champion of Innoruuk, but miss!
[Tue Aug 04 17:03:37 2026] You try to frenzy on a Champion of Innoruuk, but a Champion of Innoruuk parries!
[Tue Aug 04 17:03:37 2026] You hurt yourself for 6 points.
[Tue Aug 04 17:03:37 2026] You frenzy on a Champion of Innoruuk for 93 points of damage.
[Tue Aug 04 17:03:37 2026] You try to frenzy on a Champion of Innoruuk, but miss!
[Tue Aug 04 17:03:37 2026] You hurt yourself for 5 points.
[Tue Aug 04 17:03:37 2026] You frenzy on a Champion of Innoruuk for 78 points of damage.
[Tue Aug 04 17:03:37 2026] You try to frenzy on a Champion of Innoruuk, but miss!
[Tue Aug 04 17:03:37 2026] You hurt yourself for 6 points.
[Tue Aug 04 17:03:37 2026] You frenzy on a Champion of Innoruuk for 97 points of damage.
[Tue Aug 04 17:03:37 2026] You try to slash a Champion of Innoruuk, but miss!
[Tue Aug 04 17:03:38 2026] You gain a rune for 5 points of absorption.
[Tue Aug 04 17:03:38 2026] You pierce a Champion of Innoruuk for 34 points of damage. (Critical)
[Tue Aug 04 17:03:38 2026] You pierce a Champion of Innoruuk for 20 points of damage.
[Tue Aug 04 17:03:38 2026] You slash a Champion of Innoruuk for 15 points of damage.
[Tue Aug 04 17:03:38 2026] You try to slash a Champion of Innoruuk, but miss!
[Tue Aug 04 17:03:39 2026] You pierce a Champion of Innoruuk for 49 points of damage.
[Tue Aug 04 17:03:39 2026] A Champion of Innoruuk punches YOU for 38 points of damage. (Riposte)
[Tue Aug 04 17:03:39 2026] A Champion of Innoruuk tries to bash YOU, but misses!
[Tue Aug 04 17:03:39 2026] You hurt yourself for 1 points.
[Tue Aug 04 17:03:39 2026] You bash a Champion of Innoruuk for 28 points of damage.
[Tue Aug 04 17:03:39 2026] You try to bash a Champion of Innoruuk, but miss!
[Tue Aug 04 17:03:39 2026] You try to bash a Champion of Innoruuk, but miss!
[Tue Aug 04 17:03:39 2026] You try to kick a Champion of Innoruuk, but miss!
[Tue Aug 04 17:03:39 2026] You try to slash a Champion of Innoruuk, but a Champion of Innoruuk parries!
[Tue Aug 04 17:03:39 2026] You slash a Champion of Innoruuk for 52 points of damage.
[Tue Aug 04 17:03:39 2026] A Champion of Innoruuk tries to punch YOU, but YOU block!
[Tue Aug 04 17:03:39 2026] A Champion of Innoruuk punches YOU for 51 points of damage.
[Tue Aug 04 17:03:40 2026] You try to backstab a Champion of Innoruuk, but miss!
[Tue Aug 04 17:03:40 2026] You pierce a Champion of Innoruuk for 64 points of damage.
[Tue Aug 04 17:03:40 2026] You gain a rune for 11 points of absorption.
[Tue Aug 04 17:03:40 2026] You slash a Champion of Innoruuk for 77 points of damage. (Critical)
[Tue Aug 04 17:03:40 2026] You slash a Champion of Innoruuk for 126 points of damage.
[Tue Aug 04 17:03:40 2026] A Champion of Innoruuk tries to kick YOU, but misses!
[Tue Aug 04 17:03:41 2026] You pierce a Champion of Innoruuk for 58 points of damage.
[Tue Aug 04 17:03:41 2026] You try to slash a Champion of Innoruuk, but miss!
[Tue Aug 04 17:03:41 2026] You pierce a Champion of Innoruuk for 53 points of damage.
[Tue Aug 04 17:03:41 2026] You try to pierce a Champion of Innoruuk, but miss!
[Tue Aug 04 17:03:42 2026] You slash a Champion of Innoruuk for 80 points of damage.
[Tue Aug 04 17:03:42 2026] You try to bash a Champion of Innoruuk, but miss!
[Tue Aug 04 17:03:42 2026] You try to kick a Champion of Innoruuk, but miss!
[Tue Aug 04 17:03:42 2026] You hurt yourself for 1 points.
[Tue Aug 04 17:03:42 2026] You kick a Champion of Innoruuk for 25 points of damage.
[Tue Aug 04 17:03:42 2026] You try to smite a Champion of Innoruuk, but miss!
[Tue Aug 04 17:03:42 2026] You smite a Champion of Innoruuk for 4 points of damage.
[Tue Aug 04 17:03:42 2026] You hit a Champion of Innoruuk for 154 points of magic damage by Smiting Strike.
[Tue Aug 04 17:03:42 2026] A Champion of Innoruuk staggers.
[Tue Aug 04 17:03:42 2026] You try to slash a Champion of Innoruuk, but miss!
[Tue Aug 04 17:03:42 2026] You slash a Champion of Innoruuk for 80 points of damage.
[Tue Aug 04 17:03:42 2026] You hurt yourself for 1 points.
[Tue Aug 04 17:03:42 2026] You frenzy on a Champion of Innoruuk for 26 points of damage.
[Tue Aug 04 17:03:42 2026] You try to frenzy on a Champion of Innoruuk, but miss!
[Tue Aug 04 17:03:42 2026] You try to frenzy on a Champion of Innoruuk, but miss!
[Tue Aug 04 17:03:42 2026] You try to frenzy on a Champion of Innoruuk, but miss!
[Tue Aug 04 17:03:42 2026] You try to frenzy on a Champion of Innoruuk, but miss!
[Tue Aug 04 17:03:42 2026] You try to frenzy on a Champion of Innoruuk, but miss!
[Tue Aug 04 17:03:42 2026] You frenzy on a Champion of Innoruuk for 11 points of damage.
[Tue Aug 04 17:03:42 2026] A Champion of Innoruuk punches YOU for 99 points of damage.
[Tue Aug 04 17:03:43 2026] You try to backstab a Champion of Innoruuk, but miss!
[Tue Aug 04 17:03:43 2026] You pierce a Champion of Innoruuk for 9 points of damage.
[Tue Aug 04 17:03:43 2026] You try to slash a Champion of Innoruuk, but miss!
[Tue Aug 04 17:03:44 2026] You slash a Champion of Innoruuk for 53 points of damage.
[Tue Aug 04 17:03:44 2026] You hurt yourself for 3 points.
[Tue Aug 04 17:03:44 2026] You bash a Champion of Innoruuk for 46 points of damage.
[Tue Aug 04 17:03:44 2026] You hurt yourself for 2 points.
[Tue Aug 04 17:03:44 2026] You bash a Champion of Innoruuk for 43 points of damage.
[Tue Aug 04 17:03:44 2026] You try to kick a Champion of Innoruuk, but miss!
[Tue Aug 04 17:03:44 2026] You hurt yourself for 3 points.
[Tue Aug 04 17:03:44 2026] You kick a Champion of Innoruuk for 57 points of damage.
[Tue Aug 04 17:03:45 2026] You pierce a Champion of Innoruuk for 60 points of damage.
[Tue Aug 04 17:03:45 2026] You try to pierce a Champion of Innoruuk, but a Champion of Innoruuk parries!
[Tue Aug 04 17:03:45 2026] You gain a rune for 11 points of absorption.
[Tue Aug 04 17:03:45 2026] You slash a Champion of Innoruuk for 77 points of damage. (Critical)
[Tue Aug 04 17:03:46 2026] You try to slash a Champion of Innoruuk, but miss!
[Tue Aug 04 17:03:46 2026] You try to pierce a Champion of Innoruuk, but miss!
[Tue Aug 04 17:03:46 2026] A Champion of Innoruuk tries to punch YOU, but misses!
[Tue Aug 04 17:03:46 2026] A Champion of Innoruuk punches YOU for 141 points of damage.
[Tue Aug 04 17:03:46 2026] You hurt yourself for 4 points.
[Tue Aug 04 17:03:46 2026] You backstab a Champion of Innoruuk for 60 points of damage.
[Tue Aug 04 17:03:46 2026] You try to backstab a Champion of Innoruuk, but miss!
[Tue Aug 04 17:03:46 2026] You gain a rune for 20 points of absorption.
[Tue Aug 04 17:03:46 2026] You slash a Champion of Innoruuk for 136 points of damage. (Critical)
[Tue Aug 04 17:03:46 2026] You slash a Champion of Innoruuk for 33 points of damage.
[Tue Aug 04 17:03:46 2026] You try to pierce a Champion of Innoruuk, but miss!
[Tue Aug 04 17:03:47 2026] You smite a Champion of Innoruuk for 51 points of damage.
[Tue Aug 04 17:03:47 2026] You hit a Champion of Innoruuk for 154 points of magic damage by Smiting Strike.
[Tue Aug 04 17:03:47 2026] A Champion of Innoruuk staggers.
[Tue Aug 04 17:03:47 2026] You try to smite a Champion of Innoruuk, but miss!
[Tue Aug 04 17:03:47 2026] A Champion of Innoruuk tries to cleave YOU, but misses!
[Tue Aug 04 17:03:47 2026] You try to bash a Champion of Innoruuk, but miss!
[Tue Aug 04 17:03:47 2026] You try to bash a Champion of Innoruuk, but miss!
[Tue Aug 04 17:03:47 2026] You kick a Champion of Innoruuk for 3 points of damage.
[Tue Aug 04 17:03:47 2026] You try to kick a Champion of Innoruuk, but miss!
[Tue Aug 04 17:03:47 2026] You hurt yourself for 1 points.
[Tue Aug 04 17:03:47 2026] You gain a rune for 7 points of absorption.
[Tue Aug 04 17:03:47 2026] You frenzy on a Champion of Innoruuk for 50 points of damage. (Critical)
[Tue Aug 04 17:03:47 2026] You hurt yourself for 3 points.
[Tue Aug 04 17:03:47 2026] You frenzy on a Champion of Innoruuk for 57 points of damage.
[Tue Aug 04 17:03:47 2026] You hurt yourself for 3 points.
[Tue Aug 04 17:03:47 2026] You frenzy on a Champion of Innoruuk for 57 points of damage.
[Tue Aug 04 17:03:47 2026] You try to frenzy on a Champion of Innoruuk, but miss!
[Tue Aug 04 17:03:47 2026] You try to frenzy on a Champion of Innoruuk, but miss!
[Tue Aug 04 17:03:47 2026] You try to slash a Champion of Innoruuk, but miss!
[Tue Aug 04 17:03:47 2026] You try to pierce a Champion of Innoruuk, but miss!
[Tue Aug 04 17:03:47 2026] You pierce a Champion of Innoruuk for 17 points of damage.
[Tue Aug 04 17:03:48 2026] A Champion of Innoruuk resisted your Cobra Venom Strike!
[Tue Aug 04 17:03:48 2026] You gain a rune for 17 points of absorption.
[Tue Aug 04 17:03:48 2026] You slash a Champion of Innoruuk for 116 points of damage. (Critical)
[Tue Aug 04 17:03:48 2026] You try to pierce a Champion of Innoruuk, but a Champion of Innoruuk parries!
[Tue Aug 04 17:03:49 2026] You slash a Champion of Innoruuk for 30 points of damage.
[Tue Aug 04 17:03:49 2026] You try to pierce a Champion of Innoruuk, but miss!
[Tue Aug 04 17:03:49 2026] You gain a rune for 8 points of absorption.
[Tue Aug 04 17:03:49 2026] You pierce a Champion of Innoruuk for 59 points of damage. (Critical)
[Tue Aug 04 17:03:49 2026] A Champion of Innoruuk punches YOU for 141 points of damage.
[Tue Aug 04 17:03:49 2026] A Champion of Innoruuk tries to punch YOU, but misses!
[Tue Aug 04 17:03:49 2026] You hurt yourself for 12 points.
[Tue Aug 04 17:03:49 2026] You backstab a Champion of Innoruuk for 193 points of damage.
[Tue Aug 04 17:03:49 2026] You hurt yourself for 7 points.
[Tue Aug 04 17:03:49 2026] You backstab a Champion of Innoruuk for 106 points of damage.
[Tue Aug 04 17:03:49 2026] You try to slash a Champion of Innoruuk, but miss!
[Tue Aug 04 17:03:50 2026] You can't use that command right now...
[Tue Aug 04 17:03:50 2026] Your Djarn's Amethyst Ring (Exaltation) shimmers briefly.
[Tue Aug 04 17:03:50 2026] You begin casting Superior Healing IV.
[Tue Aug 04 17:03:50 2026] You can't use that command right now...
[Tue Aug 04 17:03:50 2026] You can't use that command right now...
[Tue Aug 04 17:03:50 2026] You regain your concentration and continue your casting.
[Tue Aug 04 17:03:50 2026] Your Idol of the Underking (Exaltation) feels alive with power.
[Tue Aug 04 17:03:50 2026] You feel much better.
[Tue Aug 04 17:03:50 2026] You healed Primitive for 918 hit points by Superior Healing.
[Tue Aug 04 17:03:50 2026] You gain a rune for 5 points of absorption.
[Tue Aug 04 17:03:50 2026] You pierce a Champion of Innoruuk for 34 points of damage. (Critical)
[Tue Aug 04 17:03:50 2026] You try to slash a Champion of Innoruuk, but miss!
[Tue Aug 04 17:03:50 2026] You slash a Champion of Innoruuk for 35 points of damage.
[Tue Aug 04 17:03:51 2026] You try to bash a Champion of Innoruuk, but miss!
[Tue Aug 04 17:03:51 2026] You try to bash a Champion of Innoruuk, but miss!
[Tue Aug 04 17:03:51 2026] You hurt yourself for 4 points.
[Tue Aug 04 17:03:51 2026] You gain a rune for 17 points of absorption.
[Tue Aug 04 17:03:51 2026] You kick a Champion of Innoruuk for 119 points of damage. (Critical)
[Tue Aug 04 17:03:51 2026] You slash a Champion of Innoruuk for 114 points of damage.
[Tue Aug 04 17:03:51 2026] You try to pierce a Champion of Innoruuk, but miss!
[Tue Aug 04 17:03:51 2026] You pierce a Champion of Innoruuk for 17 points of damage.
[Tue Aug 04 17:03:51 2026] A Champion of Innoruuk bashes YOU for 34 points of damage.
[Tue Aug 04 17:03:51 2026] A Champion of Innoruuk tries to bash YOU, but misses!
[Tue Aug 04 17:03:52 2026] You smite a Champion of Innoruuk for 16 points of damage.
[Tue Aug 04 17:03:52 2026] You hit a Champion of Innoruuk for 154 points of magic damage by Smiting Strike.
[Tue Aug 04 17:03:52 2026] A Champion of Innoruuk staggers.
[Tue Aug 04 17:03:52 2026] You try to frenzy on a Champion of Innoruuk, but miss!
[Tue Aug 04 17:03:52 2026] You try to slash a Champion of Innoruuk, but miss!
[Tue Aug 04 17:03:52 2026] A Champion of Innoruuk tries to punch YOU, but misses!
[Tue Aug 04 17:03:52 2026] A Champion of Innoruuk punches YOU for 126 points of damage.
[Tue Aug 04 17:03:52 2026] You hit a Champion of Innoruuk for 48 points of poison damage by Blood Draw Strike.
[Tue Aug 04 17:03:52 2026] A Champion of Innoruuk begins to bleed profusely!
[Tue Aug 04 17:03:52 2026] You pierce a Champion of Innoruuk for 11 points of damage.
[Tue Aug 04 17:03:53 2026] You hurt yourself for 4 points.
[Tue Aug 04 17:03:53 2026] You backstab a Champion of Innoruuk for 63 points of damage.
[Tue Aug 04 17:03:53 2026] You try to backstab a Champion of Innoruuk, but miss!
[Tue Aug 04 17:03:53 2026] You gain a rune for 14 points of absorption.
[Tue Aug 04 17:03:53 2026] You slash a Champion of Innoruuk for 97 points of damage. (Critical)
[Tue Aug 04 17:03:53 2026] A Champion of Innoruuk kicks YOU for 50 points of damage.
[Tue Aug 04 17:03:53 2026] You pierce a Champion of Innoruuk for 64 points of damage.
[Tue Aug 04 17:03:53 2026] You try to pierce a Champion of Innoruuk, but miss!
[Tue Aug 04 17:03:53 2026] A Champion of Innoruuk has taken 82 damage from your Blood Draw Strike.
[Tue Aug 04 17:03:53 2026] You healed Primitive for 82 hit points by Blood Draw Strike.
[Tue Aug 04 17:03:53 2026] You hurt yourself for 5 points.
[Tue Aug 04 17:03:53 2026] You bash a Champion of Innoruuk for 83 points of damage.
[Tue Aug 04 17:03:53 2026] You try to bash a Champion of Innoruuk, but miss!
[Tue Aug 04 17:03:53 2026] You hurt yourself for 1 points.
[Tue Aug 04 17:03:53 2026] You gain a rune for 6 points of absorption.
[Tue Aug 04 17:03:53 2026] You kick a Champion of Innoruuk for 46 points of damage. (Critical)
[Tue Aug 04 17:03:53 2026] You gain a rune for 20 points of absorption.
[Tue Aug 04 17:03:53 2026] You slash a Champion of Innoruuk for 136 points of damage. (Critical)
[Tue Aug 04 17:03:53 2026] You slash a Champion of Innoruuk for 62 points of damage.
[Tue Aug 04 17:03:53 2026] You slash a Champion of Innoruuk for 73 points of damage.
[Tue Aug 04 17:03:54 2026] You can't use that command right now...
[Tue Aug 04 17:03:54 2026] You try to pierce a Champion of Innoruuk, but miss!
[Tue Aug 04 17:03:54 2026] You try to pierce a Champion of Innoruuk, but miss!
[Tue Aug 04 17:03:54 2026] Your Djarn's Amethyst Ring (Exaltation) shimmers briefly.
[Tue Aug 04 17:03:54 2026] You begin casting Superior Healing IV.
[Tue Aug 04 17:03:54 2026] You can't use that command right now...
[Tue Aug 04 17:03:54 2026] You can't use that command right now...
[Tue Aug 04 17:03:55 2026] You regain your concentration and continue your casting.
[Tue Aug 04 17:03:55 2026] Your Idol of the Underking (Exaltation) feels alive with power.
[Tue Aug 04 17:03:55 2026] You feel much better.
[Tue Aug 04 17:03:55 2026] You healed Primitive for 846 hit points by Superior Healing.
[Tue Aug 04 17:03:55 2026] You try to pierce a Champion of Innoruuk, but miss!
[Tue Aug 04 17:03:55 2026] You slash a Champion of Innoruuk for 77 points of damage.
[Tue Aug 04 17:03:55 2026] You gain a rune for 11 points of absorption.
[Tue Aug 04 17:03:55 2026] You slash a Champion of Innoruuk for 77 points of damage. (Critical)
[Tue Aug 04 17:03:55 2026] You slash a Champion of Innoruuk for 68 points of damage.
[Tue Aug 04 17:03:55 2026] A Champion of Innoruuk tries to punch YOU, but misses!
[Tue Aug 04 17:03:55 2026] A Champion of Innoruuk tries to punch YOU, but misses!
[Tue Aug 04 17:03:56 2026] You try to pierce a Champion of Innoruuk, but miss!
[Tue Aug 04 17:03:56 2026] You pierce a Champion of Innoruuk for 30 points of damage.
[Tue Aug 04 17:03:56 2026] You try to backstab a Champion of Innoruuk, but miss!
[Tue Aug 04 17:03:56 2026] You try to backstab a Champion of Innoruuk, but a Champion of Innoruuk parries!
[Tue Aug 04 17:03:56 2026] You try to bash a Champion of Innoruuk, but miss!
[Tue Aug 04 17:03:56 2026] You try to bash a Champion of Innoruuk, but miss!
[Tue Aug 04 17:03:56 2026] You hurt yourself for 2 points.
[Tue Aug 04 17:03:56 2026] You kick a Champion of Innoruuk for 36 points of damage.
[Tue Aug 04 17:03:56 2026] You slash a Champion of Innoruuk for 80 points of damage.
[Tue Aug 04 17:03:56 2026] You hit a Champion of Innoruuk for 48 points of poison damage by Blood Draw Strike.
[Tue Aug 04 17:03:56 2026] A Champion of Innoruuk begins to bleed profusely!
[Tue Aug 04 17:03:56 2026] You pierce a Champion of Innoruuk for 5 points of damage.
[Tue Aug 04 17:03:56 2026] You try to pierce a Champion of Innoruuk, but miss!
[Tue Aug 04 17:03:56 2026] A Champion of Innoruuk punches YOU for 73 points of damage. (Riposte)
[Tue Aug 04 17:03:56 2026] You punch a Champion of Innoruuk for 27 points of damage.
[Tue Aug 04 17:03:57 2026] You gain a rune for 16 points of absorption.
[Tue Aug 04 17:03:57 2026] You slash a Champion of Innoruuk for 109 points of damage. (Critical)
[Tue Aug 04 17:03:57 2026] You try to slash a Champion of Innoruuk, but miss!
[Tue Aug 04 17:03:57 2026] You try to frenzy on a Champion of Innoruuk, but miss!
[Tue Aug 04 17:03:57 2026] You try to frenzy on a Champion of Innoruuk, but a Champion of Innoruuk dodges!
[Tue Aug 04 17:03:57 2026] You try to frenzy on a Champion of Innoruuk, but miss!
[Tue Aug 04 17:03:57 2026] You hurt yourself for 3 points.
[Tue Aug 04 17:03:57 2026] You frenzy on a Champion of Innoruuk for 57 points of damage.
[Tue Aug 04 17:03:57 2026] You pierce a Champion of Innoruuk for 12 points of damage.
[Tue Aug 04 17:03:57 2026] You pierce a Champion of Innoruuk for 30 points of damage.
[Tue Aug 04 17:03:58 2026] A Champion of Innoruuk punches YOU for 10 points of damage. (Riposte)
[Tue Aug 04 17:03:58 2026] You try to slash a Champion of Innoruuk, but miss!
[Tue Aug 04 17:03:58 2026] You pierce a Champion of Innoruuk for 64 points of damage.
[Tue Aug 04 17:03:58 2026] A Champion of Innoruuk tries to punch YOU, but misses! (Riposte)
[Tue Aug 04 17:03:58 2026] You can't use that command right now...
[Tue Aug 04 17:03:58 2026] Your Djarn's Amethyst Ring (Exaltation) shimmers briefly.
[Tue Aug 04 17:03:58 2026] You begin casting Superior Healing IV.
[Tue Aug 04 17:03:58 2026] You can't use that command right now...
[Tue Aug 04 17:03:58 2026] A Champion of Innoruuk tries to punch YOU, but misses!
[Tue Aug 04 17:03:58 2026] You can't use that command right now...
[Tue Aug 04 17:03:59 2026] Your Idol of the Underking (Exaltation) feels alive with power.
[Tue Aug 04 17:03:59 2026] You feel much better.
[Tue Aug 04 17:03:59 2026] You healed Primitive for 789 hit points by Superior Healing.
[Tue Aug 04 17:03:59 2026] A Champion of Innoruuk punches YOU for 67 points of damage. (Riposte)
[Tue Aug 04 17:03:59 2026] A Champion of Innoruuk tries to punch YOU, but misses! (Riposte)
[Tue Aug 04 17:03:59 2026] You try to slash a Champion of Innoruuk, but miss!
[Tue Aug 04 17:03:59 2026] You slash a Champion of Innoruuk for 73 points of damage.
[Tue Aug 04 17:03:59 2026] You try to backstab a Champion of Innoruuk, but miss!
[Tue Aug 04 17:03:59 2026] You try to backstab a Champion of Innoruuk, but miss!
[Tue Aug 04 17:03:59 2026] You try to backstab a Champion of Innoruuk, but miss!
[Tue Aug 04 17:03:59 2026] You try to bash a Champion of Innoruuk, but miss!
[Tue Aug 04 17:03:59 2026] You hurt yourself for 1 points.
[Tue Aug 04 17:03:59 2026] You kick a Champion of Innoruuk for 25 points of damage.
[Tue Aug 04 17:03:59 2026] A Champion of Innoruuk has taken 82 damage from your Blood Draw Strike.
[Tue Aug 04 17:03:59 2026] You healed Primitive for 82 hit points by Blood Draw Strike.
[Tue Aug 04 17:04:00 2026] You try to slash a Champion of Innoruuk, but a Champion of Innoruuk parries!
[Tue Aug 04 17:04:01 2026] You slash a Champion of Innoruuk for 42 points of damage.
[Tue Aug 04 17:04:01 2026] You try to slash a Champion of Innoruuk, but miss!
[Tue Aug 04 17:04:01 2026] You try to smite a Champion of Innoruuk, but miss!
[Tue Aug 04 17:04:01 2026] You smite a Champion of Innoruuk for 28 points of damage. (Critical)
[Tue Aug 04 17:04:01 2026] You hit a Champion of Innoruuk for 154 points of magic damage by Smiting Strike.
[Tue Aug 04 17:04:01 2026] A Champion of Innoruuk staggers.
[Tue Aug 04 17:04:01 2026] You try to pierce a Champion of Innoruuk, but a Champion of Innoruuk parries!
[Tue Aug 04 17:04:01 2026] You try to pierce a Champion of Innoruuk, but miss!
[Tue Aug 04 17:04:02 2026] You try to slash a Champion of Innoruuk, but a Champion of Innoruuk parries!
[Tue Aug 04 17:04:02 2026] You try to slash a Champion of Innoruuk, but miss!
[Tue Aug 04 17:04:02 2026] A Champion of Innoruuk tries to punch YOU, but misses!
[Tue Aug 04 17:04:02 2026] A Champion of Innoruuk punches YOU for 51 points of damage.
[Tue Aug 04 17:04:02 2026] You hurt yourself for 5 points.
[Tue Aug 04 17:04:02 2026] You frenzy on a Champion of Innoruuk for 83 points of damage.
[Tue Aug 04 17:04:02 2026] You hurt yourself for 5 points.
[Tue Aug 04 17:04:02 2026] You frenzy on a Champion of Innoruuk for 82 points of damage.
[Tue Aug 04 17:04:02 2026] You try to frenzy on a Champion of Innoruuk, but miss!
[Tue Aug 04 17:04:02 2026] You hurt yourself for 2 points.
[Tue Aug 04 17:04:02 2026] You bash a Champion of Innoruuk for 37 points of damage.
[Tue Aug 04 17:04:02 2026] You kick a Champion of Innoruuk for 2 points of damage.
[Tue Aug 04 17:04:02 2026] You try to kick a Champion of Innoruuk, but miss!
[Tue Aug 04 17:04:02 2026] A Champion of Innoruuk resisted your Stunning Strike!
[Tue Aug 04 17:04:02 2026] You pierce a Champion of Innoruuk for 33 points of damage.
[Tue Aug 04 17:04:02 2026] A Champion of Innoruuk resisted your Weakening Strike!
[Tue Aug 04 17:04:02 2026] You gain a rune for 16 points of absorption.
[Tue Aug 04 17:04:02 2026] You slash a Champion of Innoruuk for 107 points of damage. (Critical)
[Tue Aug 04 17:04:02 2026] You try to slash a Champion of Innoruuk, but miss!
[Tue Aug 04 17:04:02 2026] You hurt yourself for 22 points.
[Tue Aug 04 17:04:02 2026] You gain a rune for 82 points of absorption.
[Tue Aug 04 17:04:02 2026] You backstab a Champion of Innoruuk for 547 points of damage. (Critical)
[Tue Aug 04 17:04:03 2026] You try to slash a Champion of Innoruuk, but miss!
[Tue Aug 04 17:04:04 2026] You pierce a Champion of Innoruuk for 30 points of damage.
[Tue Aug 04 17:04:04 2026] You pierce a Champion of Innoruuk for 12 points of damage.
[Tue Aug 04 17:04:04 2026] You try to slash a Champion of Innoruuk, but miss!
[Tue Aug 04 17:04:04 2026] A Champion of Innoruuk tries to bash YOU, but misses!
[Tue Aug 04 17:04:04 2026] A Champion of Innoruuk bashes YOU for 34 points of damage.
[Tue Aug 04 17:04:04 2026] You hurt yourself for 1 points.
[Tue Aug 04 17:04:04 2026] You gain a rune for 7 points of absorption.
[Tue Aug 04 17:04:04 2026] You bash a Champion of Innoruuk for 50 points of damage. (Critical)
[Tue Aug 04 17:04:04 2026] You hurt yourself for 7 points.
[Tue Aug 04 17:04:04 2026] You bash a Champion of Innoruuk for 117 points of damage.
[Tue Aug 04 17:04:04 2026] You try to kick a Champion of Innoruuk, but miss!
[Tue Aug 04 17:04:04 2026] You hurt yourself for 2 points.
[Tue Aug 04 17:04:04 2026] You kick a Champion of Innoruuk for 42 points of damage.
[Tue Aug 04 17:04:04 2026] You pierce a Champion of Innoruuk for 23 points of damage.
[Tue Aug 04 17:04:04 2026] You try to pierce a Champion of Innoruuk, but miss!
[Tue Aug 04 17:04:04 2026] A Champion of Innoruuk punches YOU for 44 points of damage.
[Tue Aug 04 17:04:05 2026] You slash a Champion of Innoruuk for 42 points of damage.
[Tue Aug 04 17:04:05 2026] A Champion of Innoruuk has taken 82 damage from your Blood Draw Strike.
[Tue Aug 04 17:04:05 2026] You healed Primitive for 82 hit points by Blood Draw Strike.
[Tue Aug 04 17:04:05 2026] You try to pierce a Champion of Innoruuk, but miss!
[Tue Aug 04 17:04:05 2026] You slash a Champion of Innoruuk for 55 points of damage.
[Tue Aug 04 17:04:05 2026] You slash a Champion of Innoruuk for 80 points of damage.
[Tue Aug 04 17:04:05 2026] A Champion of Innoruuk cleaves YOU for 51 points of damage.
[Tue Aug 04 17:04:05 2026] A Champion of Innoruuk cleaves YOU for 76 points of damage.
[Tue Aug 04 17:04:05 2026] A Champion of Innoruuk kicks YOU for 51 points of damage.
[Tue Aug 04 17:04:05 2026] A Champion of Innoruuk tries to kick YOU, but misses!
[Tue Aug 04 17:04:06 2026] You try to backstab a Champion of Innoruuk, but miss!
[Tue Aug 04 17:04:06 2026] You smite a Champion of Innoruuk for 17 points of damage.
[Tue Aug 04 17:04:06 2026] You hit a Champion of Innoruuk for 154 points of magic damage by Smiting Strike.
[Tue Aug 04 17:04:06 2026] A Champion of Innoruuk staggers.
[Tue Aug 04 17:04:06 2026] You try to pierce a Champion of Innoruuk, but miss!
[Tue Aug 04 17:04:06 2026] You pierce a Champion of Innoruuk for 21 points of damage.
[Tue Aug 04 17:04:06 2026] You slash a Champion of Innoruuk for 19 points of damage.
[Tue Aug 04 17:04:06 2026] You try to slash a Champion of Innoruuk, but miss!
[Tue Aug 04 17:04:06 2026] You hurt yourself for 3 points.
[Tue Aug 04 17:04:06 2026] You frenzy on a Champion of Innoruuk for 51 points of damage.
[Tue Aug 04 17:04:06 2026] You hurt yourself for 3 points.
[Tue Aug 04 17:04:06 2026] You gain a rune for 14 points of absorption.
[Tue Aug 04 17:04:06 2026] You frenzy on a Champion of Innoruuk for 97 points of damage. (Critical)
[Tue Aug 04 17:04:07 2026] You try to bash a Champion of Innoruuk, but miss!
[Tue Aug 04 17:04:07 2026] You hurt yourself for 2 points.
[Tue Aug 04 17:04:07 2026] You kick a Champion of Innoruuk for 42 points of damage.
[Tue Aug 04 17:04:07 2026] You pierce a Champion of Innoruuk for 64 points of damage.
[Tue Aug 04 17:04:07 2026] You gain a rune for 6 points of absorption.
[Tue Aug 04 17:04:07 2026] You pierce a Champion of Innoruuk for 44 points of damage. (Critical)
[Tue Aug 04 17:04:07 2026] You gain a rune for 16 points of absorption.
[Tue Aug 04 17:04:07 2026] You slash a Champion of Innoruuk for 107 points of damage. (Critical)
[Tue Aug 04 17:04:08 2026] This spell only works on the undead.
[Tue Aug 04 17:04:08 2026] You slash a Champion of Innoruuk for 63 points of damage.
[Tue Aug 04 17:04:08 2026] You try to slash a Champion of Innoruuk, but miss!
[Tue Aug 04 17:04:08 2026] A Champion of Innoruuk punches YOU for 41 points of damage.
[Tue Aug 04 17:04:08 2026] A Champion of Innoruuk tries to punch YOU, but YOU riposte!
[Tue Aug 04 17:04:08 2026] You slash a Champion of Innoruuk for 80 points of damage. (Riposte)
[Tue Aug 04 17:04:08 2026] You gain a rune for 8 points of absorption.
[Tue Aug 04 17:04:08 2026] You pierce a Champion of Innoruuk for 59 points of damage. (Critical)
[Tue Aug 04 17:04:08 2026] You try to pierce a Champion of Innoruuk, but miss!
[Tue Aug 04 17:04:09 2026] You try to slash a Champion of Innoruuk, but a Champion of Innoruuk parries!
[Tue Aug 04 17:04:09 2026] You hurt yourself for 11 points.
[Tue Aug 04 17:04:09 2026] You backstab a Champion of Innoruuk for 173 points of damage.
[Tue Aug 04 17:04:09 2026] You hurt yourself for 12 points.
[Tue Aug 04 17:04:09 2026] You backstab a Champion of Innoruuk for 193 points of damage.
[Tue Aug 04 17:04:09 2026] a Champion of Innoruuk's fingers slow down.
[Tue Aug 04 17:04:09 2026] You slash a Champion of Innoruuk for 80 points of damage.
[Tue Aug 04 17:04:09 2026] You hurt yourself for 3 points.
[Tue Aug 04 17:04:09 2026] You bash a Champion of Innoruuk for 57 points of damage.
[Tue Aug 04 17:04:09 2026] You try to kick a Champion of Innoruuk, but miss!
[Tue Aug 04 17:04:09 2026] You try to pierce a Champion of Innoruuk, but miss!
[Tue Aug 04 17:04:09 2026] You try to pierce a Champion of Innoruuk, but miss!
[Tue Aug 04 17:04:10 2026] You try to slash a Champion of Innoruuk, but miss!
[Tue Aug 04 17:04:10 2026] You slash a Champion of Innoruuk for 48 points of damage.
[Tue Aug 04 17:04:10 2026] You try to pierce a Champion of Innoruuk, but miss!
[Tue Aug 04 17:04:10 2026] You try to pierce a Champion of Innoruuk, but miss!
[Tue Aug 04 17:04:11 2026] You smite a Champion of Innoruuk for 13 points of damage.
[Tue Aug 04 17:04:11 2026] You hit a Champion of Innoruuk for 154 points of magic damage by Smiting Strike.
[Tue Aug 04 17:04:11 2026] A Champion of Innoruuk staggers.
[Tue Aug 04 17:04:11 2026] You try to smite a Champion of Innoruuk, but miss!
[Tue Aug 04 17:04:11 2026] A Champion of Innoruuk punches YOU for 110 points of damage.
[Tue Aug 04 17:04:11 2026] You try to slash a Champion of Innoruuk, but miss!
[Tue Aug 04 17:04:11 2026] You slash a Champion of Innoruuk for 50 points of damage.
[Tue Aug 04 17:04:11 2026] You try to frenzy on a Champion of Innoruuk, but miss!
[Tue Aug 04 17:04:11 2026] You try to frenzy on a Champion of Innoruuk, but miss!
[Tue Aug 04 17:04:11 2026] You hurt yourself for 2 points.
[Tue Aug 04 17:04:11 2026] You frenzy on a Champion of Innoruuk for 43 points of damage.
[Tue Aug 04 17:04:11 2026] You hurt yourself for 5 points.
[Tue Aug 04 17:04:11 2026] You gain a rune for 19 points of absorption.
[Tue Aug 04 17:04:11 2026] You frenzy on a Champion of Innoruuk for 132 points of damage. (Critical)
[Tue Aug 04 17:04:11 2026] You try to frenzy on a Champion of Innoruuk, but a Champion of Innoruuk dodges!
[Tue Aug 04 17:04:11 2026] A Champion of Innoruuk has taken 82 damage from your Blood Draw Strike.
[Tue Aug 04 17:04:11 2026] You healed Primitive for 82 hit points by Blood Draw Strike.
[Tue Aug 04 17:04:12 2026] You try to slash a Champion of Innoruuk, but miss!
[Tue Aug 04 17:04:12 2026] You hit a Champion of Innoruuk for 82 points of poison damage by Cobra Venom Strike.
[Tue Aug 04 17:04:12 2026] A Champion of Innoruuk screams as poison burns their veins!
[Tue Aug 04 17:04:12 2026] You try to pierce a Champion of Innoruuk, but miss!
[Tue Aug 04 17:04:12 2026] You try to backstab a Champion of Innoruuk, but a Champion of Innoruuk parries!
[Tue Aug 04 17:04:12 2026] You try to backstab a Champion of Innoruuk, but miss!
[Tue Aug 04 17:04:12 2026] You hurt yourself for 6 points.
[Tue Aug 04 17:04:12 2026] You bash a Champion of Innoruuk for 102 points of damage.
[Tue Aug 04 17:04:12 2026] You hurt yourself for 6 points.
[Tue Aug 04 17:04:12 2026] You bash a Champion of Innoruuk for 103 points of damage.
[Tue Aug 04 17:04:12 2026] You try to kick a Champion of Innoruuk, but miss!
[Tue Aug 04 17:04:12 2026] Your target is immune to the stun portion of this effect.
[Tue Aug 04 17:04:12 2026] a Champion of Innoruuk begins to sway!
[Tue Aug 04 17:04:12 2026] You slash a Champion of Innoruuk for 104 points of damage.
[Tue Aug 04 17:04:13 2026] You try to pierce a Champion of Innoruuk, but miss!
[Tue Aug 04 17:04:13 2026] You gain a rune for 5 points of absorption.
[Tue Aug 04 17:04:13 2026] You pierce a Champion of Innoruuk for 34 points of damage. (Critical)
[Tue Aug 04 17:04:13 2026] You slash a Champion of Innoruuk for 48 points of damage.
[Tue Aug 04 17:04:14 2026] You try to pierce a Champion of Innoruuk, but miss!
[Tue Aug 04 17:04:14 2026] A Champion of Innoruuk punches YOU for 50 points of damage.
[Tue Aug 04 17:04:14 2026] A Champion of Innoruuk punches YOU for 109 points of damage.
[Tue Aug 04 17:04:14 2026] You slash a Champion of Innoruuk for 80 points of damage.
[Tue Aug 04 17:04:14 2026] You slash a Champion of Innoruuk for 52 points of damage.
[Tue Aug 04 17:04:15 2026] You try to pierce a Champion of Innoruuk, but miss!
[Tue Aug 04 17:04:15 2026] You try to slash a Champion of Innoruuk, but miss!
[Tue Aug 04 17:04:15 2026] You slash a Champion of Innoruuk for 45 points of damage.
[Tue Aug 04 17:04:15 2026] You hurt yourself for 3 points.
[Tue Aug 04 17:04:15 2026] You gain a rune for 14 points of absorption.
[Tue Aug 04 17:04:15 2026] You bash a Champion of Innoruuk for 97 points of damage. (Critical)
[Tue Aug 04 17:04:15 2026] You hurt yourself for 2 points.
[Tue Aug 04 17:04:15 2026] You kick a Champion of Innoruuk for 40 points of damage.
[Tue Aug 04 17:04:15 2026] You hurt yourself for 12 points.
[Tue Aug 04 17:04:15 2026] You backstab a Champion of Innoruuk for 193 points of damage.
[Tue Aug 04 17:04:16 2026] You smite a Champion of Innoruuk for 22 points of damage.
[Tue Aug 04 17:04:16 2026] You hit a Champion of Innoruuk for 154 points of magic damage by Smiting Strike.
[Tue Aug 04 17:04:16 2026] A Champion of Innoruuk staggers.
[Tue Aug 04 17:04:16 2026] You try to smite a Champion of Innoruuk, but miss!
[Tue Aug 04 17:04:16 2026] You try to slash a Champion of Innoruuk, but miss!
[Tue Aug 04 17:04:16 2026] You hurt yourself for 4 points.
[Tue Aug 04 17:04:16 2026] You frenzy on a Champion of Innoruuk for 65 points of damage.
[Tue Aug 04 17:04:16 2026] You try to frenzy on a Champion of Innoruuk, but miss!
[Tue Aug 04 17:04:16 2026] You hurt yourself for 3 points.
[Tue Aug 04 17:04:16 2026] You gain a rune for 12 points of absorption.
[Tue Aug 04 17:04:16 2026] You frenzy on a Champion of Innoruuk for 80 points of damage. (Critical)
[Tue Aug 04 17:04:16 2026] You try to frenzy on a Champion of Innoruuk, but miss!
[Tue Aug 04 17:04:16 2026] You try to frenzy on a Champion of Innoruuk, but miss!
[Tue Aug 04 17:04:16 2026] A Champion of Innoruuk tries to punch YOU, but YOU parry!
[Tue Aug 04 17:04:16 2026] You try to pierce a Champion of Innoruuk, but miss!
[Tue Aug 04 17:04:16 2026] A Champion of Innoruuk tries to bash YOU, but YOU block!
[Tue Aug 04 17:04:16 2026] A Champion of Innoruuk tries to bash YOU, but misses!
[Tue Aug 04 17:04:17 2026] You gain a rune for 20 points of absorption.
[Tue Aug 04 17:04:17 2026] You slash a Champion of Innoruuk for 136 points of damage. (Critical)
[Tue Aug 04 17:04:17 2026] A Champion of Innoruuk punches YOU for 10 points of damage. (Riposte)
[Tue Aug 04 17:04:17 2026] You try to pierce a Champion of Innoruuk, but a Champion of Innoruuk dodges!
[Tue Aug 04 17:04:17 2026] A Champion of Innoruuk punches YOU for 51 points of damage.
[Tue Aug 04 17:04:17 2026] A Champion of Innoruuk punches YOU for 85 points of damage.
[Tue Aug 04 17:04:17 2026] A Champion of Innoruuk has taken 82 damage from your Blood Draw Strike.
[Tue Aug 04 17:04:17 2026] You healed Primitive for 82 hit points by Blood Draw Strike.
[Tue Aug 04 17:04:17 2026] You slash a Champion of Innoruuk for 132 points of damage.
[Tue Aug 04 17:04:17 2026] You try to slash a Champion of Innoruuk, but miss!
[Tue Aug 04 17:04:18 2026] You cannot see your target.
[Tue Aug 04 17:04:18 2026] You try to slash a Champion of Innoruuk, but miss!
[Tue Aug 04 17:04:18 2026] A Champion of Innoruuk kicks YOU for 62 points of damage.
[Tue Aug 04 17:04:19 2026] You hurt yourself for 16 points.
[Tue Aug 04 17:04:19 2026] You backstab a Champion of Innoruuk for 250 points of damage.
[Tue Aug 04 17:04:19 2026] You try to pierce a Champion of Innoruuk, but a Champion of Innoruuk parries!
[Tue Aug 04 17:04:19 2026] You pierce a Champion of Innoruuk for 8 points of damage.
[Tue Aug 04 17:04:19 2026] You slash a Champion of Innoruuk for 77 points of damage.
[Tue Aug 04 17:04:19 2026] You try to slash a Champion of Innoruuk, but miss!
[Tue Aug 04 17:04:20 2026] You try to pierce a Champion of Innoruuk, but miss!
[Tue Aug 04 17:04:20 2026] You pierce a Champion of Innoruuk for 30 points of damage.
[Tue Aug 04 17:04:20 2026] This spell only works on the undead.
[Tue Aug 04 17:04:20 2026] You slash a Champion of Innoruuk for 59 points of damage.
[Tue Aug 04 17:04:20 2026] You kick a Champion of Innoruuk for 12 points of damage.
[Tue Aug 04 17:04:20 2026] You try to kick a Champion of Innoruuk, but miss!
[Tue Aug 04 17:04:20 2026] You try to bash a Champion of Innoruuk, but miss!
[Tue Aug 04 17:04:20 2026] A Champion of Innoruuk punches YOU for 209 points of damage.
[Tue Aug 04 17:04:20 2026] You try to smite a Champion of Innoruuk, but miss!
[Tue Aug 04 17:04:20 2026] You try to smite a Champion of Innoruuk, but miss!
[Tue Aug 04 17:04:20 2026] You gain a rune for 26 points of absorption.
[Tue Aug 04 17:04:20 2026] You slash a Champion of Innoruuk for 177 points of damage. (Critical)
[Tue Aug 04 17:04:21 2026] A Champion of Innoruuk tries to punch YOU, but misses! (Riposte)
[Tue Aug 04 17:04:21 2026] You gain a rune for 8 points of absorption.
[Tue Aug 04 17:04:21 2026] You punch a Champion of Innoruuk for 56 points of damage. (Critical)
[Tue Aug 04 17:04:21 2026] You gain a rune for 8 points of absorption.
[Tue Aug 04 17:04:21 2026] You pierce a Champion of Innoruuk for 59 points of damage. (Critical)
[Tue Aug 04 17:04:21 2026] You try to slash a Champion of Innoruuk, but miss!
[Tue Aug 04 17:04:22 2026] You try to backstab a Champion of Innoruuk, but miss!
[Tue Aug 04 17:04:22 2026] You hurt yourself for 20 points.
[Tue Aug 04 17:04:22 2026] You backstab a Champion of Innoruuk for 303 points of damage.
[Tue Aug 04 17:04:22 2026] You pierce a Champion of Innoruuk for 30 points of damage.
[Tue Aug 04 17:04:22 2026] You slash a Champion of Innoruuk for 96 points of damage.
[Tue Aug 04 17:04:23 2026] You pierce a Champion of Innoruuk for 5 points of damage.
[Tue Aug 04 17:04:23 2026] You pierce a Champion of Innoruuk for 30 points of damage.
[Tue Aug 04 17:04:23 2026] You hurt yourself for 3 points.
[Tue Aug 04 17:04:23 2026] You kick a Champion of Innoruuk for 48 points of damage.
[Tue Aug 04 17:04:23 2026] You hurt yourself for 2 points.
[Tue Aug 04 17:04:23 2026] You kick a Champion of Innoruuk for 38 points of damage.
[Tue Aug 04 17:04:23 2026] You try to bash a Champion of Innoruuk, but miss!
[Tue Aug 04 17:04:23 2026] You hurt yourself for 3 points.
[Tue Aug 04 17:04:23 2026] You bash a Champion of Innoruuk for 57 points of damage.
[Tue Aug 04 17:04:23 2026] You try to bash a Champion of Innoruuk, but miss!
[Tue Aug 04 17:04:23 2026] You try to slash a Champion of Innoruuk, but a Champion of Innoruuk parries!
[Tue Aug 04 17:04:23 2026] You gain a rune for 11 points of absorption.
[Tue Aug 04 17:04:23 2026] You slash a Champion of Innoruuk for 77 points of damage. (Critical)
[Tue Aug 04 17:04:23 2026] A Champion of Innoruuk has taken 82 damage from your Blood Draw Strike.
[Tue Aug 04 17:04:23 2026] You healed Primitive for 82 hit points by Blood Draw Strike.
[Tue Aug 04 17:04:23 2026] A Champion of Innoruuk tries to punch YOU, but misses!
[Tue Aug 04 17:04:24 2026] You pierce a Champion of Innoruuk for 36 points of damage.
[Tue Aug 04 17:04:24 2026] You try to slash a Champion of Innoruuk, but a Champion of Innoruuk dodges!
[Tue Aug 04 17:04:24 2026] You try to slash a Champion of Innoruuk, but miss!
[Tue Aug 04 17:04:24 2026] A Champion of Innoruuk cleaves YOU for 41 points of damage.
[Tue Aug 04 17:04:25 2026] You slash a Champion of Innoruuk for 45 points of damage.
[Tue Aug 04 17:04:25 2026] You try to slash a Champion of Innoruuk, but miss!
[Tue Aug 04 17:04:25 2026] You hurt yourself for 9 points.
[Tue Aug 04 17:04:25 2026] You backstab a Champion of Innoruuk for 145 points of damage.
[Tue Aug 04 17:04:25 2026] You try to smite a Champion of Innoruuk, but miss!
[Tue Aug 04 17:04:25 2026] You smite a Champion of Innoruuk for 10 points of damage.
[Tue Aug 04 17:04:25 2026] You hit a Champion of Innoruuk for 154 points of magic damage by Smiting Strike.
[Tue Aug 04 17:04:25 2026] A Champion of Innoruuk staggers.
[Tue Aug 04 17:04:25 2026] You pierce a Champion of Innoruuk for 27 points of damage.
[Tue Aug 04 17:04:25 2026] You slash a Champion of Innoruuk for 124 points of damage.
[Tue Aug 04 17:04:25 2026] You slash a Champion of Innoruuk for 155 points of damage.
[Tue Aug 04 17:04:26 2026] You try to kick a Champion of Innoruuk, but miss!
[Tue Aug 04 17:04:26 2026] You hurt yourself for 2 points.
[Tue Aug 04 17:04:26 2026] You kick a Champion of Innoruuk for 36 points of damage.
[Tue Aug 04 17:04:26 2026] You try to frenzy on a Champion of Innoruuk, but miss!
[Tue Aug 04 17:04:26 2026] You try to frenzy on a Champion of Innoruuk, but miss!
[Tue Aug 04 17:04:26 2026] You hurt yourself for 4 points.
[Tue Aug 04 17:04:26 2026] You bash a Champion of Innoruuk for 71 points of damage.
[Tue Aug 04 17:04:26 2026] You bash a Champion of Innoruuk for 2 points of damage.
[Tue Aug 04 17:04:26 2026] You try to pierce a Champion of Innoruuk, but miss!
[Tue Aug 04 17:04:26 2026] You gain a rune for 9 points of absorption.
[Tue Aug 04 17:04:26 2026] You pierce a Champion of Innoruuk for 61 points of damage. (Critical)
[Tue Aug 04 17:04:26 2026] A Champion of Innoruuk punches YOU for 11 points of damage. (Riposte)
[Tue Aug 04 17:04:27 2026] A Champion of Innoruuk punches YOU for 126 points of damage.
[Tue Aug 04 17:04:27 2026] You try to pierce a Champion of Innoruuk, but a Champion of Innoruuk parries!
[Tue Aug 04 17:04:27 2026] a Champion of Innoruuk's limbs move slower!
[Tue Aug 04 17:04:27 2026] You try to slash a Champion of Innoruuk, but miss!
[Tue Aug 04 17:04:28 2026] You try to slash a Champion of Innoruuk, but miss!
[Tue Aug 04 17:04:28 2026] You slash a Champion of Innoruuk for 80 points of damage.
[Tue Aug 04 17:04:28 2026] You try to kick a Champion of Innoruuk, but a Champion of Innoruuk dodges!
[Tue Aug 04 17:04:28 2026] You try to kick a Champion of Innoruuk, but miss!
[Tue Aug 04 17:04:28 2026] You try to kick a Champion of Innoruuk, but miss!
[Tue Aug 04 17:04:28 2026] You hurt yourself for 1 points.
[Tue Aug 04 17:04:28 2026] You bash a Champion of Innoruuk for 26 points of damage.
[Tue Aug 04 17:04:28 2026] You try to backstab a Champion of Innoruuk, but miss!
[Tue Aug 04 17:04:28 2026] You try to backstab a Champion of Innoruuk, but miss!
[Tue Aug 04 17:04:28 2026] You pierce a Champion of Innoruuk for 29 points of damage.
[Tue Aug 04 17:04:28 2026] You pierce a Champion of Innoruuk for 6 points of damage.
[Tue Aug 04 17:04:28 2026] You gain a rune for 20 points of absorption.
[Tue Aug 04 17:04:28 2026] You slash a Champion of Innoruuk for 136 points of damage. (Critical)
[Tue Aug 04 17:04:29 2026] A Champion of Innoruuk bashes YOU for 34 points of damage.
[Tue Aug 04 17:04:29 2026] A Champion of Innoruuk bashes YOU for 44 points of damage.
[Tue Aug 04 17:04:29 2026] You slash a Champion of Innoruuk for 28 points of damage.
[Tue Aug 04 17:04:29 2026] A Champion of Innoruuk tries to punch YOU, but YOU parry!
[Tue Aug 04 17:04:29 2026] A Champion of Innoruuk has taken 82 damage from your Blood Draw Strike.
[Tue Aug 04 17:04:29 2026] You healed Primitive for 82 hit points by Blood Draw Strike.
[Tue Aug 04 17:04:30 2026] A Champion of Innoruuk tries to punch YOU, but misses!
[Tue Aug 04 17:04:30 2026] A Champion of Innoruuk punches YOU for 143 points of damage.
[Tue Aug 04 17:04:30 2026] You smite a Champion of Innoruuk for 24 points of damage.
[Tue Aug 04 17:04:30 2026] You hit a Champion of Innoruuk for 154 points of magic damage by Smiting Strike.
[Tue Aug 04 17:04:30 2026] A Champion of Innoruuk staggers.
[Tue Aug 04 17:04:30 2026] You smite a Champion of Innoruuk for 14 points of damage.
[Tue Aug 04 17:04:30 2026] You hit a Champion of Innoruuk for 154 points of magic damage by Smiting Strike.
[Tue Aug 04 17:04:30 2026] A Champion of Innoruuk staggers.
[Tue Aug 04 17:04:30 2026] You try to slash a Champion of Innoruuk, but miss!
[Tue Aug 04 17:04:30 2026] You hurt yourself for 2 points.
[Tue Aug 04 17:04:30 2026] You gain a rune for 8 points of absorption.
[Tue Aug 04 17:04:30 2026] You frenzy on a Champion of Innoruuk for 57 points of damage. (Critical)
[Tue Aug 04 17:04:30 2026] You hurt yourself for 7 points.
[Tue Aug 04 17:04:30 2026] You frenzy on a Champion of Innoruuk for 107 points of damage.
[Tue Aug 04 17:04:30 2026] You hurt yourself for 2 points.
[Tue Aug 04 17:04:30 2026] You frenzy on a Champion of Innoruuk for 31 points of damage.
[Tue Aug 04 17:04:30 2026] You hurt yourself for 2 points.
[Tue Aug 04 17:04:30 2026] You frenzy on a Champion of Innoruuk for 30 points of damage.
[Tue Aug 04 17:04:30 2026] You try to frenzy on a Champion of Innoruuk, but miss!
[Tue Aug 04 17:04:31 2026] A Champion of Innoruuk tries to kick YOU, but YOU block!
[Tue Aug 04 17:04:31 2026] You gain a rune for 5 points of absorption.
[Tue Aug 04 17:04:31 2026] You kick a Champion of Innoruuk for 39 points of damage. (Critical)
[Tue Aug 04 17:04:31 2026] You try to bash a Champion of Innoruuk, but miss!
[Tue Aug 04 17:04:31 2026] You try to bash a Champion of Innoruuk, but miss!
[Tue Aug 04 17:04:31 2026] You try to slash a Champion of Innoruuk, but miss!
[Tue Aug 04 17:04:31 2026] You try to pierce a Champion of Innoruuk, but a Champion of Innoruuk parries!
[Tue Aug 04 17:04:32 2026] You try to backstab a Champion of Innoruuk, but miss!
[Tue Aug 04 17:04:32 2026] You try to slash a Champion of Innoruuk, but miss!
[Tue Aug 04 17:04:32 2026] You try to pierce a Champion of Innoruuk, but miss!
[Tue Aug 04 17:04:32 2026] You try to pierce a Champion of Innoruuk, but miss!
[Tue Aug 04 17:04:32 2026] You hit a Champion of Innoruuk for 82 points of poison damage by Cobra Venom Strike.
[Tue Aug 04 17:04:32 2026] A Champion of Innoruuk screams as poison burns their veins!
[Tue Aug 04 17:04:32 2026] A Champion of Innoruuk resisted your Blood Draw Strike!
[Tue Aug 04 17:04:32 2026] You slash a Champion of Innoruuk for 80 points of damage.
[Tue Aug 04 17:04:33 2026] You try to pierce a Champion of Innoruuk, but miss!
[Tue Aug 04 17:04:33 2026] You gain a rune for 9 points of absorption.
[Tue Aug 04 17:04:33 2026] You pierce a Champion of Innoruuk for 61 points of damage. (Critical)
[Tue Aug 04 17:04:33 2026] A Champion of Innoruuk tries to punch YOU, but YOU block!
[Tue Aug 04 17:04:33 2026] You slash a Champion of Innoruuk for 81 points of damage.
[Tue Aug 04 17:04:33 2026] You try to bash a Champion of Innoruuk, but miss!
[Tue Aug 04 17:04:33 2026] You try to kick a Champion of Innoruuk, but miss!
[Tue Aug 04 17:04:33 2026] a Champion of Innoruuk's fingers slow down.
[Tue Aug 04 17:04:33 2026] You try to pierce a Champion of Innoruuk, but miss!
[Tue Aug 04 17:04:34 2026] A Champion of Innoruuk punches YOU for 20 points of damage. (Riposte)
[Tue Aug 04 17:04:34 2026] You hit a Champion of Innoruuk for 82 points of poison damage by Cobra Venom Strike.
[Tue Aug 04 17:04:34 2026] A Champion of Innoruuk screams as poison burns their veins!
[Tue Aug 04 17:04:34 2026] You pierce a Champion of Innoruuk for 64 points of damage.
[Tue Aug 04 17:04:34 2026] You pierce a Champion of Innoruuk for 30 points of damage.
[Tue Aug 04 17:04:35 2026] You smite a Champion of Innoruuk for 22 points of damage.
[Tue Aug 04 17:04:35 2026] You hit a Champion of Innoruuk for 154 points of magic damage by Smiting Strike.
[Tue Aug 04 17:04:35 2026] A Champion of Innoruuk staggers.
[Tue Aug 04 17:04:35 2026] You smite a Champion of Innoruuk for 46 points of damage.
[Tue Aug 04 17:04:35 2026] You hit a Champion of Innoruuk for 154 points of magic damage by Smiting Strike.
[Tue Aug 04 17:04:35 2026] A Champion of Innoruuk staggers.
[Tue Aug 04 17:04:35 2026] You slash a Champion of Innoruuk for 66 points of damage.
[Tue Aug 04 17:04:35 2026] You try to backstab a Champion of Innoruuk, but miss!
[Tue Aug 04 17:04:35 2026] You try to pierce a Champion of Innoruuk, but miss!
[Tue Aug 04 17:04:35 2026] You try to pierce a Champion of Innoruuk, but miss!
[Tue Aug 04 17:04:35 2026] You hurt yourself for 3 points.
[Tue Aug 04 17:04:35 2026] You frenzy on a Champion of Innoruuk for 46 points of damage.
[Tue Aug 04 17:04:35 2026] You try to frenzy on a Champion of Innoruuk, but miss!
[Tue Aug 04 17:04:35 2026] A Champion of Innoruuk has taken 82 damage from your Blood Draw Strike.
[Tue Aug 04 17:04:35 2026] You healed Primitive for 82 hit points by Blood Draw Strike.
[Tue Aug 04 17:04:36 2026] You slash a Champion of Innoruuk for 81 points of damage.
[Tue Aug 04 17:04:36 2026] You try to kick a Champion of Innoruuk, but a Champion of Innoruuk dodges!
[Tue Aug 04 17:04:36 2026] You hurt yourself for 3 points.
[Tue Aug 04 17:04:36 2026] You kick a Champion of Innoruuk for 46 points of damage.
[Tue Aug 04 17:04:36 2026] You hit a Champion of Innoruuk for 82 points of poison damage by Cobra Venom Strike.
[Tue Aug 04 17:04:36 2026] A Champion of Innoruuk screams as poison burns their veins!
[Tue Aug 04 17:04:36 2026] You gain a rune for 5 points of absorption.
[Tue Aug 04 17:04:36 2026] You pierce a Champion of Innoruuk for 34 points of damage. (Critical)
[Tue Aug 04 17:04:36 2026] You pierce a Champion of Innoruuk for 15 points of damage.
[Tue Aug 04 17:04:36 2026] A Champion of Innoruuk punches YOU for 96 points of damage.
[Tue Aug 04 17:04:36 2026] A Champion of Innoruuk tries to punch YOU, but YOU riposte!
[Tue Aug 04 17:04:36 2026] You try to slash a Champion of Innoruuk, but miss! (Riposte)
[Tue Aug 04 17:04:36 2026] You hurt yourself for 2 points.
[Tue Aug 04 17:04:36 2026] You bash a Champion of Innoruuk for 37 points of damage.
[Tue Aug 04 17:04:36 2026] You try to bash a Champion of Innoruuk, but miss!
[Tue Aug 04 17:04:36 2026] You try to slash a Champion of Innoruuk, but a Champion of Innoruuk parries!
[Tue Aug 04 17:04:36 2026] A Champion of Innoruuk punches YOU for 67 points of damage. (Riposte)
[Tue Aug 04 17:04:37 2026] You pierce a Champion of Innoruuk for 12 points of damage.
[Tue Aug 04 17:04:37 2026] You gain a rune for 20 points of absorption.
[Tue Aug 04 17:04:37 2026] You slash a Champion of Innoruuk for 136 points of damage. (Critical)
[Tue Aug 04 17:04:38 2026] You pierce a Champion of Innoruuk for 34 points of damage.
[Tue Aug 04 17:04:38 2026] You slash a Champion of Innoruuk for 45 points of damage.
[Tue Aug 04 17:04:38 2026] You try to backstab a Champion of Innoruuk, but miss!
[Tue Aug 04 17:04:39 2026] You try to pierce a Champion of Innoruuk, but a Champion of Innoruuk dodges!
[Tue Aug 04 17:04:39 2026] You try to pierce a Champion of Innoruuk, but miss!
[Tue Aug 04 17:04:39 2026] You hurt yourself for 2 points.
[Tue Aug 04 17:04:39 2026] You kick a Champion of Innoruuk for 30 points of damage.
[Tue Aug 04 17:04:39 2026] You hurt yourself for 3 points.
[Tue Aug 04 17:04:39 2026] You kick a Champion of Innoruuk for 53 points of damage.
[Tue Aug 04 17:04:39 2026] You hurt yourself for 3 points.
[Tue Aug 04 17:04:39 2026] You bash a Champion of Innoruuk for 57 points of damage.
[Tue Aug 04 17:04:39 2026] You slash a Champion of Innoruuk for 89 points of damage.
[Tue Aug 04 17:04:39 2026] You try to slash a Champion of Innoruuk, but miss!
[Tue Aug 04 17:04:39 2026] A Champion of Innoruuk punches YOU for 191 points of damage.
[Tue Aug 04 17:04:39 2026] You smite a Champion of Innoruuk for 24 points of damage.
[Tue Aug 04 17:04:39 2026] You hit a Champion of Innoruuk for 154 points of magic damage by Smiting Strike.
[Tue Aug 04 17:04:39 2026] A Champion of Innoruuk staggers.
[Tue Aug 04 17:04:39 2026] You try to smite a Champion of Innoruuk, but a Champion of Innoruuk parries!
[Tue Aug 04 17:04:40 2026] You try to slash a Champion of Innoruuk, but miss!
[Tue Aug 04 17:04:40 2026] You hurt yourself for 3 points.
[Tue Aug 04 17:04:40 2026] You gain a rune for 13 points of absorption.
[Tue Aug 04 17:04:40 2026] You frenzy on a Champion of Innoruuk for 88 points of damage. (Critical)
[Tue Aug 04 17:04:40 2026] You hurt yourself for 1 points.
[Tue Aug 04 17:04:40 2026] You frenzy on a Champion of Innoruuk for 20 points of damage.
[Tue Aug 04 17:04:40 2026] You hurt yourself for 6 points.
[Tue Aug 04 17:04:40 2026] You frenzy on a Champion of Innoruuk for 92 points of damage.
[Tue Aug 04 17:04:40 2026] You try to frenzy on a Champion of Innoruuk, but miss!
[Tue Aug 04 17:04:40 2026] You hurt yourself for 4 points.
[Tue Aug 04 17:04:40 2026] You frenzy on a Champion of Innoruuk for 66 points of damage.
[Tue Aug 04 17:04:40 2026] You try to frenzy on a Champion of Innoruuk, but a Champion of Innoruuk dodges!
[Tue Aug 04 17:04:40 2026] You frenzy on a Champion of Innoruuk for 10 points of damage.
[Tue Aug 04 17:04:40 2026] You pierce a Champion of Innoruuk for 64 points of damage.
[Tue Aug 04 17:04:40 2026] You try to slash a Champion of Innoruuk, but miss!
[Tue Aug 04 17:04:40 2026] You gain a rune for 30 points of absorption.
[Tue Aug 04 17:04:40 2026] You slash a Champion of Innoruuk for 204 points of damage. (Critical)
[Tue Aug 04 17:04:41 2026] A Champion of Innoruuk tries to bash YOU, but misses!
[Tue Aug 04 17:04:41 2026] You try to slash a Champion of Innoruuk, but miss!
[Tue Aug 04 17:04:41 2026] You gain a rune for 13 points of absorption.
[Tue Aug 04 17:04:41 2026] You slash a Champion of Innoruuk for 89 points of damage. (Critical)
[Tue Aug 04 17:04:41 2026] You hurt yourself for 2 points.
[Tue Aug 04 17:04:41 2026] You kick a Champion of Innoruuk for 42 points of damage.
[Tue Aug 04 17:04:41 2026] You kick a Champion of Innoruuk for 5 points of damage.
[Tue Aug 04 17:04:41 2026] You hurt yourself for 2 points.
[Tue Aug 04 17:04:41 2026] You kick a Champion of Innoruuk for 32 points of damage.
[Tue Aug 04 17:04:41 2026] A Champion of Innoruuk has taken 82 damage from your Blood Draw Strike.
[Tue Aug 04 17:04:41 2026] You healed Primitive for 82 hit points by Blood Draw Strike.
[Tue Aug 04 17:04:42 2026] You try to bash a Champion of Innoruuk, but miss!
[Tue Aug 04 17:04:42 2026] You hurt yourself for 22 points.
[Tue Aug 04 17:04:42 2026] You backstab a Champion of Innoruuk for 332 points of damage.
[Tue Aug 04 17:04:42 2026] You try to backstab a Champion of Innoruuk, but miss!
[Tue Aug 04 17:04:42 2026] You slash a Champion of Innoruuk for 25 points of damage.
[Tue Aug 04 17:04:42 2026] You try to slash a Champion of Innoruuk, but a Champion of Innoruuk parries!
[Tue Aug 04 17:04:42 2026] A Champion of Innoruuk cleaves YOU for 174 points of damage.
[Tue Aug 04 17:04:42 2026] A Champion of Innoruuk tries to punch YOU, but misses!
[Tue Aug 04 17:04:42 2026] A Champion of Innoruuk tries to punch YOU, but misses!
[Tue Aug 04 17:04:43 2026] You pierce a Champion of Innoruuk for 25 points of damage.
[Tue Aug 04 17:04:43 2026] You pierce a Champion of Innoruuk for 55 points of damage.
[Tue Aug 04 17:04:43 2026] You slash a Champion of Innoruuk for 66 points of damage.
[Tue Aug 04 17:04:43 2026] A Champion of Innoruuk kicks YOU for 60 points of damage.
[Tue Aug 04 17:04:43 2026] A Champion of Innoruuk tries to kick YOU, but misses!
[Tue Aug 04 17:04:44 2026] You gain a rune for 5 points of absorption.
[Tue Aug 04 17:04:44 2026] You pierce a Champion of Innoruuk for 37 points of damage. (Critical)
[Tue Aug 04 17:04:44 2026] You try to pierce a Champion of Innoruuk, but miss!
[Tue Aug 04 17:04:44 2026] You slash a Champion of Innoruuk for 90 points of damage.
[Tue Aug 04 17:04:44 2026] You slash a Champion of Innoruuk for 133 points of damage.
[Tue Aug 04 17:04:44 2026] You try to kick a Champion of Innoruuk, but miss!
[Tue Aug 04 17:04:44 2026] You bash a Champion of Innoruuk for 5 points of damage.
[Tue Aug 04 17:04:44 2026] You try to smite a Champion of Innoruuk, but miss!
[Tue Aug 04 17:04:44 2026] You try to pierce a Champion of Innoruuk, but miss!
[Tue Aug 04 17:04:44 2026] A Champion of Innoruuk resisted your Clumsiness Strike!
[Tue Aug 04 17:04:44 2026] You gain a rune for 11 points of absorption.
[Tue Aug 04 17:04:44 2026] You slash a Champion of Innoruuk for 77 points of damage. (Critical)
[Tue Aug 04 17:04:44 2026] You try to slash a Champion of Innoruuk, but miss!
[Tue Aug 04 17:04:45 2026] You hurt yourself for 1 points.
[Tue Aug 04 17:04:45 2026] You frenzy on a Champion of Innoruuk for 15 points of damage.
[Tue Aug 04 17:04:45 2026] You frenzy on a Champion of Innoruuk for 10 points of damage.
[Tue Aug 04 17:04:45 2026] You try to backstab a Champion of Innoruuk, but a Champion of Innoruuk dodges!
[Tue Aug 04 17:04:45 2026] You try to pierce a Champion of Innoruuk, but miss!
[Tue Aug 04 17:04:45 2026] You try to pierce a Champion of Innoruuk, but miss!
[Tue Aug 04 17:04:45 2026] You slash a Champion of Innoruuk for 91 points of damage.
[Tue Aug 04 17:04:45 2026] You try to slash a Champion of Innoruuk, but miss!
[Tue Aug 04 17:04:46 2026] A Champion of Innoruuk tries to punch YOU, but misses!
[Tue Aug 04 17:04:46 2026] A Champion of Innoruuk punches YOU for 116 points of damage.
[Tue Aug 04 17:04:46 2026] You try to pierce a Champion of Innoruuk, but miss!
[Tue Aug 04 17:04:46 2026] You pierce a Champion of Innoruuk for 64 points of damage.
[Tue Aug 04 17:04:46 2026] You try to slash a Champion of Innoruuk, but miss!
[Tue Aug 04 17:04:46 2026] You slash a Champion of Innoruuk for 80 points of damage.
[Tue Aug 04 17:04:47 2026] Your target is immune to the stun portion of this effect.
[Tue Aug 04 17:04:47 2026] a Champion of Innoruuk begins to sway!
[Tue Aug 04 17:04:47 2026] You try to kick a Champion of Innoruuk, but miss!
[Tue Aug 04 17:04:47 2026] You hurt yourself for 1 points.
[Tue Aug 04 17:04:47 2026] You kick a Champion of Innoruuk for 17 points of damage.
[Tue Aug 04 17:04:47 2026] You slash a Champion of Innoruuk for 83 points of damage.
[Tue Aug 04 17:04:47 2026] You hurt yourself for 3 points.
[Tue Aug 04 17:04:47 2026] You bash a Champion of Innoruuk for 57 points of damage.
[Tue Aug 04 17:04:48 2026] You try to pierce a Champion of Innoruuk, but miss!
[Tue Aug 04 17:04:48 2026] You try to slash a Champion of Innoruuk, but miss!
[Tue Aug 04 17:04:48 2026] You try to backstab a Champion of Innoruuk, but miss!
[Tue Aug 04 17:04:48 2026] You slash a Champion of Innoruuk for 147 points of damage.
[Tue Aug 04 17:04:49 2026] A Champion of Innoruuk punches YOU for 159 points of damage.
[Tue Aug 04 17:04:49 2026] A Champion of Innoruuk punches YOU for 143 points of damage.
[Tue Aug 04 17:04:49 2026] You try to smite a Champion of Innoruuk, but miss!
[Tue Aug 04 17:04:49 2026] You try to smite a Champion of Innoruuk, but miss!
[Tue Aug 04 17:04:49 2026] You slash a Champion of Innoruuk for 80 points of damage.
[Tue Aug 04 17:04:49 2026] You try to pierce a Champion of Innoruuk, but a Champion of Innoruuk dodges!
[Tue Aug 04 17:04:49 2026] You try to pierce a Champion of Innoruuk, but miss!
[Tue Aug 04 17:04:50 2026] You try to kick a Champion of Innoruuk, but a Champion of Innoruuk parries!
[Tue Aug 04 17:04:50 2026] You try to bash a Champion of Innoruuk, but miss!
[Tue Aug 04 17:04:50 2026] You hurt yourself for 4 points.
[Tue Aug 04 17:04:50 2026] You frenzy on a Champion of Innoruuk for 61 points of damage.
[Tue Aug 04 17:04:50 2026] You try to frenzy on a Champion of Innoruuk, but miss!
[Tue Aug 04 17:04:50 2026] A Champion of Innoruuk punches YOU for 27 points of damage. (Riposte)
[Tue Aug 04 17:04:50 2026] You slash a Champion of Innoruuk for 80 points of damage.
[Tue Aug 04 17:04:50 2026] You slash a Champion of Innoruuk for 155 points of damage.
[Tue Aug 04 17:04:50 2026] You pierce a Champion of Innoruuk for 30 points of damage.
[Tue Aug 04 17:04:50 2026] You pierce a Champion of Innoruuk for 61 points of damage.
[Tue Aug 04 17:04:51 2026] You slash a Champion of Innoruuk for 116 points of damage.
[Tue Aug 04 17:04:51 2026] You pierce a Champion of Innoruuk for 39 points of damage.
[Tue Aug 04 17:04:51 2026] You try to backstab a Champion of Innoruuk, but miss!
[Tue Aug 04 17:04:52 2026] You try to slash a Champion of Innoruuk, but miss!
[Tue Aug 04 17:04:52 2026] You try to slash a Champion of Innoruuk, but miss!
[Tue Aug 04 17:04:52 2026] You try to pierce a Champion of Innoruuk, but miss!
[Tue Aug 04 17:04:52 2026] A Champion of Innoruuk tries to punch YOU, but misses!
[Tue Aug 04 17:04:52 2026] A Champion of Innoruuk tries to punch YOU, but misses!
[Tue Aug 04 17:04:52 2026] You hurt yourself for 4 points.
[Tue Aug 04 17:04:52 2026] You kick a Champion of Innoruuk for 61 points of damage.
[Tue Aug 04 17:04:52 2026] You hurt yourself for 3 points.
[Tue Aug 04 17:04:52 2026] You bash a Champion of Innoruuk for 46 points of damage.
[Tue Aug 04 17:04:52 2026] You hurt yourself for 5 points.
[Tue Aug 04 17:04:52 2026] You bash a Champion of Innoruuk for 80 points of damage.
[Tue Aug 04 17:04:52 2026] You slash a Champion of Innoruuk for 80 points of damage.
[Tue Aug 04 17:04:53 2026] You slash a Champion of Innoruuk for 106 points of damage.
[Tue Aug 04 17:04:53 2026] A Champion of Innoruuk bashes YOU for 44 points of damage.
[Tue Aug 04 17:04:53 2026] You gain a rune for 7 points of absorption.
[Tue Aug 04 17:04:53 2026] You pierce a Champion of Innoruuk for 52 points of damage. (Critical)
[Tue Aug 04 17:04:53 2026] You try to pierce a Champion of Innoruuk, but a Champion of Innoruuk parries!
[Tue Aug 04 17:04:54 2026] You try to smite a Champion of Innoruuk, but a Champion of Innoruuk parries!
[Tue Aug 04 17:04:54 2026] You smite a Champion of Innoruuk for 31 points of damage.
[Tue Aug 04 17:04:54 2026] You hit a Champion of Innoruuk for 154 points of magic damage by Smiting Strike.
[Tue Aug 04 17:04:54 2026] A Champion of Innoruuk staggers.
[Tue Aug 04 17:04:54 2026] You try to slash a Champion of Innoruuk, but miss!
[Tue Aug 04 17:04:54 2026] You pierce a Champion of Innoruuk for 20 points of damage.
[Tue Aug 04 17:04:55 2026] You try to frenzy on a Champion of Innoruuk, but miss!
[Tue Aug 04 17:04:55 2026] You try to frenzy on a Champion of Innoruuk, but miss!
[Tue Aug 04 17:04:55 2026] You hurt yourself for 8 points.
[Tue Aug 04 17:04:55 2026] You backstab a Champion of Innoruuk for 125 points of damage.
[Tue Aug 04 17:04:55 2026] You hurt yourself for 13 points.
[Tue Aug 04 17:04:55 2026] You gain a rune for 48 points of absorption.
[Tue Aug 04 17:04:55 2026] You backstab a Champion of Innoruuk for 323 points of damage. (Critical)
[Tue Aug 04 17:04:55 2026] You try to kick a Champion of Innoruuk, but a Champion of Innoruuk dodges!
[Tue Aug 04 17:04:55 2026] You slash a Champion of Innoruuk for 155 points of damage.
[Tue Aug 04 17:04:55 2026] You hurt yourself for 4 points.
[Tue Aug 04 17:04:55 2026] You bash a Champion of Innoruuk for 60 points of damage.
[Tue Aug 04 17:04:55 2026] You try to bash a Champion of Innoruuk, but miss!
[Tue Aug 04 17:04:55 2026] A Champion of Innoruuk punches YOU for 141 points of damage.
[Tue Aug 04 17:04:55 2026] You try to pierce a Champion of Innoruuk, but miss!
[Tue Aug 04 17:04:55 2026] You pierce a Champion of Innoruuk for 24 points of damage.
[Tue Aug 04 17:04:56 2026] A Champion of Innoruuk tries to kick YOU, but misses!
[Tue Aug 04 17:04:56 2026] You try to slash a Champion of Innoruuk, but miss!
[Tue Aug 04 17:04:56 2026] You try to slash a Champion of Innoruuk, but miss!
[Tue Aug 04 17:04:56 2026] You try to pierce a Champion of Innoruuk, but miss!
[Tue Aug 04 17:04:56 2026] You pierce a Champion of Innoruuk for 30 points of damage.
[Tue Aug 04 17:04:56 2026] You gain a rune for 20 points of absorption.
[Tue Aug 04 17:04:56 2026] You slash a Champion of Innoruuk for 136 points of damage. (Critical)
[Tue Aug 04 17:04:57 2026] You pierce a Champion of Innoruuk for 30 points of damage.
[Tue Aug 04 17:04:57 2026] You try to pierce a Champion of Innoruuk, but miss!
[Tue Aug 04 17:04:57 2026] You try to slash a Champion of Innoruuk, but miss!
[Tue Aug 04 17:04:57 2026] You gain a rune for 20 points of absorption.
[Tue Aug 04 17:04:57 2026] You slash a Champion of Innoruuk for 136 points of damage. (Critical)
[Tue Aug 04 17:04:57 2026] You try to kick a Champion of Innoruuk, but miss!
[Tue Aug 04 17:04:58 2026] You try to pierce a Champion of Innoruuk, but miss!
[Tue Aug 04 17:04:58 2026] You hurt yourself for 4 points.
[Tue Aug 04 17:04:58 2026] You bash a Champion of Innoruuk for 60 points of damage.
[Tue Aug 04 17:04:58 2026] You try to bash a Champion of Innoruuk, but miss!
[Tue Aug 04 17:04:58 2026] You hit a Champion of Innoruuk for 10 points of poison damage by Cobra Venom Strike.
[Tue Aug 04 17:04:58 2026] A Champion of Innoruuk screams as poison burns their veins!
[Tue Aug 04 17:04:58 2026] You try to slash a Champion of Innoruuk, but miss!
[Tue Aug 04 17:04:58 2026] You try to slash a Champion of Innoruuk, but miss!
[Tue Aug 04 17:04:58 2026] You try to backstab a Champion of Innoruuk, but miss!
[Tue Aug 04 17:04:58 2026] A Champion of Innoruuk punches YOU for 83 points of damage.
[Tue Aug 04 17:04:58 2026] You hit a Champion of Innoruuk for 82 points of poison damage by Cobra Venom Strike.
[Tue Aug 04 17:04:58 2026] A Champion of Innoruuk screams as poison burns their veins!
[Tue Aug 04 17:04:58 2026] You try to pierce a Champion of Innoruuk, but miss!
[Tue Aug 04 17:04:58 2026] You pierce a Champion of Innoruuk for 17 points of damage.
[Tue Aug 04 17:04:59 2026] You smite a Champion of Innoruuk for 28 points of damage.
[Tue Aug 04 17:04:59 2026] You hit a Champion of Innoruuk for 154 points of magic damage by Smiting Strike.
[Tue Aug 04 17:04:59 2026] A Champion of Innoruuk staggers.
[Tue Aug 04 17:04:59 2026] You try to slash a Champion of Innoruuk, but miss!
[Tue Aug 04 17:04:59 2026] You try to slash a Champion of Innoruuk, but miss!
[Tue Aug 04 17:04:59 2026] You begin casting Lay on Hands X.
[Tue Aug 04 17:04:59 2026] You feel a healing touch.
[Tue Aug 04 17:04:59 2026] You healed Primitive for 3798 (16225) hit points by Lay on Hands X.
[Tue Aug 04 17:04:59 2026] You pierce a Champion of Innoruuk for 30 points of damage.
[Tue Aug 04 17:04:59 2026] You pierce a Champion of Innoruuk for 21 points of damage.
[Tue Aug 04 17:04:59 2026] You try to frenzy on a Champion of Innoruuk, but miss!
[Tue Aug 04 17:04:59 2026] You try to frenzy on a Champion of Innoruuk, but miss!
[Tue Aug 04 17:04:59 2026] You hurt yourself for 3 points.
[Tue Aug 04 17:04:59 2026] You frenzy on a Champion of Innoruuk for 57 points of damage.
[Tue Aug 04 17:04:59 2026] You try to frenzy on a Champion of Innoruuk, but miss!
[Tue Aug 04 17:04:59 2026] You try to frenzy on a Champion of Innoruuk, but miss!
[Tue Aug 04 17:04:59 2026] You try to frenzy on a Champion of Innoruuk, but miss!
[Tue Aug 04 17:05:00 2026] You try to slash a Champion of Innoruuk, but miss!
[Tue Aug 04 17:05:00 2026] You try to pierce a Champion of Innoruuk, but miss!
[Tue Aug 04 17:05:00 2026] You try to kick a Champion of Innoruuk, but miss!
[Tue Aug 04 17:05:00 2026] You hurt yourself for 4 points.
[Tue Aug 04 17:05:00 2026] You kick a Champion of Innoruuk for 70 points of damage.
[Tue Aug 04 17:05:00 2026] You hurt yourself for 1 points.
[Tue Aug 04 17:05:00 2026] You bash a Champion of Innoruuk for 20 points of damage.
[Tue Aug 04 17:05:00 2026] You hurt yourself for 7 points.
[Tue Aug 04 17:05:00 2026] You bash a Champion of Innoruuk for 110 points of damage.
[Tue Aug 04 17:05:00 2026] You slash a Champion of Innoruuk for 17 points of damage.
[Tue Aug 04 17:05:01 2026] A Champion of Innoruuk cleaves YOU for 209 points of damage.
[Tue Aug 04 17:05:01 2026] You try to pierce a Champion of Innoruuk, but miss!
[Tue Aug 04 17:05:01 2026] A Champion of Innoruuk resisted your Stunning Strike!
[Tue Aug 04 17:05:01 2026] You try to slash a Champion of Innoruuk, but miss!
[Tue Aug 04 17:05:01 2026] A Champion of Innoruuk tries to punch YOU, but misses!
[Tue Aug 04 17:05:01 2026] A Champion of Innoruuk tries to punch YOU, but YOU riposte!
[Tue Aug 04 17:05:01 2026] You try to slash a Champion of Innoruuk, but miss! (Riposte)
[Tue Aug 04 17:05:01 2026] You hurt yourself for 19 points.
[Tue Aug 04 17:05:01 2026] You backstab a Champion of Innoruuk for 285 points of damage.
[Tue Aug 04 17:05:02 2026] A Champion of Innoruuk punches YOU for 50 points of damage. (Riposte)
[Tue Aug 04 17:05:02 2026] a Champion of Innoruuk's fingers slow down.
[Tue Aug 04 17:05:02 2026] You slash a Champion of Innoruuk for 25 points of damage.
[Tue Aug 04 17:05:02 2026] You try to slash a Champion of Innoruuk, but miss!
[Tue Aug 04 17:05:03 2026] You try to pierce a Champion of Innoruuk, but miss!
[Tue Aug 04 17:05:03 2026] You try to pierce a Champion of Innoruuk, but miss!
[Tue Aug 04 17:05:03 2026] You hurt yourself for 1 points.
[Tue Aug 04 17:05:03 2026] You kick a Champion of Innoruuk for 25 points of damage.
[Tue Aug 04 17:05:03 2026] You try to slash a Champion of Innoruuk, but miss!
[Tue Aug 04 17:05:03 2026] You slash a Champion of Innoruuk for 92 points of damage.
[Tue Aug 04 17:05:03 2026] You hurt yourself for 8 points.
[Tue Aug 04 17:05:03 2026] You bash a Champion of Innoruuk for 121 points of damage.
[Tue Aug 04 17:05:03 2026] You pierce a Champion of Innoruuk for 64 points of damage.
[Tue Aug 04 17:05:04 2026] You try to slash a Champion of Innoruuk, but miss!
[Tue Aug 04 17:05:04 2026] You smite a Champion of Innoruuk for 34 points of damage. (Critical)
[Tue Aug 04 17:05:04 2026] You hit a Champion of Innoruuk for 154 points of magic damage by Smiting Strike.
[Tue Aug 04 17:05:04 2026] A Champion of Innoruuk staggers.
[Tue Aug 04 17:05:04 2026] You smite a Champion of Innoruuk for 16 points of damage.
[Tue Aug 04 17:05:04 2026] You hit a Champion of Innoruuk for 154 points of magic damage by Smiting Strike.
[Tue Aug 04 17:05:04 2026] A Champion of Innoruuk staggers.
[Tue Aug 04 17:05:04 2026] You hurt yourself for 1 points.
[Tue Aug 04 17:05:04 2026] You frenzy on a Champion of Innoruuk for 26 points of damage.
[Tue Aug 04 17:05:04 2026] You slash a Champion of Innoruuk for 100 points of damage.
[Tue Aug 04 17:05:04 2026] You slash a Champion of Innoruuk for 80 points of damage.
[Tue Aug 04 17:05:05 2026] A Champion of Innoruuk punches YOU for 176 points of damage.
[Tue Aug 04 17:05:05 2026] A Champion of Innoruuk punches YOU for 51 points of damage.
[Tue Aug 04 17:05:05 2026] You try to backstab a Champion of Innoruuk, but miss!
[Tue Aug 04 17:05:05 2026] You try to pierce a Champion of Innoruuk, but miss!
[Tue Aug 04 17:05:05 2026] You try to slash a Champion of Innoruuk, but miss!
[Tue Aug 04 17:05:05 2026] You slash a Champion of Innoruuk for 44 points of damage.
[Tue Aug 04 17:05:05 2026] You hurt yourself for 1 points.
[Tue Aug 04 17:05:05 2026] You gain a rune for 6 points of absorption.
[Tue Aug 04 17:05:05 2026] You kick a Champion of Innoruuk for 41 points of damage. (Critical)
[Tue Aug 04 17:05:06 2026] You try to bash a Champion of Innoruuk, but miss!
[Tue Aug 04 17:05:06 2026] A Champion of Innoruuk tries to bash YOU, but YOU riposte!
[Tue Aug 04 17:05:06 2026] You slash a Champion of Innoruuk for 101 points of damage. (Riposte Critical)
[Tue Aug 04 17:05:06 2026] You slash a Champion of Innoruuk for 66 points of damage. (Riposte)
[Tue Aug 04 17:05:06 2026] A Champion of Innoruuk tries to bash YOU, but misses!
[Tue Aug 04 17:05:06 2026] You try to slash a Champion of Innoruuk, but miss!
[Tue Aug 04 17:05:07 2026] You try to pierce a Champion of Innoruuk, but miss!
[Tue Aug 04 17:05:07 2026] You try to slash a Champion of Innoruuk, but a Champion of Innoruuk dodges!
[Tue Aug 04 17:05:08 2026] You try to slash a Champion of Innoruuk, but a Champion of Innoruuk dodges!
[Tue Aug 04 17:05:08 2026] A Champion of Innoruuk tries to punch YOU, but YOU block!
[Tue Aug 04 17:05:08 2026] You hurt yourself for 13 points.
[Tue Aug 04 17:05:08 2026] You backstab a Champion of Innoruuk for 205 points of damage.
[Tue Aug 04 17:05:08 2026] You try to kick a Champion of Innoruuk, but miss!
[Tue Aug 04 17:05:08 2026] You hurt yourself for 2 points.
[Tue Aug 04 17:05:08 2026] You kick a Champion of Innoruuk for 3 points of damage.
[Tue Aug 04 17:05:08 2026] Your faction standing with Inhabitants of Hate could not possibly get any worse.
[Tue Aug 04 17:05:08 2026] You gain experience! (1.595%)
[Tue Aug 04 17:05:08 2026] You receive 12 platinum, 8 gold, 6 silver and 9 copper from the corpse.
[Tue Aug 04 17:05:08 2026] You have slain a Champion of Innoruuk!
[Tue Aug 04 17:05:08 2026] You looted a Crystallized Sulfur from a Champion of Innoruuk's corpse and sold it for 1 gold, 1 silver and 8 copper.
