[Tue Aug 04 22:30:45 2026] You try to frenzy on King Tranix, but miss!
[Tue Aug 04 22:30:45 2026] You hurt yourself for 3 points.
[Tue Aug 04 22:30:45 2026] You frenzy on King Tranix for 55 points of damage.
[Tue Aug 04 22:30:45 2026] You hurt yourself for 2 points.
[Tue Aug 04 22:30:45 2026] You frenzy on King Tranix for 35 points of damage.
[Tue Aug 04 22:30:45 2026] You try to frenzy on King Tranix, but miss!
[Tue Aug 04 22:30:45 2026] You hurt yourself for 1 points.
[Tue Aug 04 22:30:45 2026] You frenzy on King Tranix for 23 points of damage.
[Tue Aug 04 22:30:45 2026] You smite King Tranix for 13 points of damage.
[Tue Aug 04 22:30:45 2026] You hit King Tranix for 154 points of magic damage by Smiting Strike.
[Tue Aug 04 22:30:45 2026] King Tranix staggers.
[Tue Aug 04 22:30:45 2026] You try to smite King Tranix, but miss!
[Tue Aug 04 22:30:45 2026] You try to smite King Tranix, but miss!
[Tue Aug 04 22:30:45 2026] You try to slash King Tranix, but King Tranix blocks!
[Tue Aug 04 22:30:45 2026] You gain a rune for 11 points of absorption.
[Tue Aug 04 22:30:45 2026] You slash King Tranix for 79 points of damage. (Critical)
[Tue Aug 04 22:30:45 2026] King Tranix pet's body pulses with energy.
[Tue Aug 04 22:30:45 2026] a fire giant warrior pet healed King Tranix pet for 20 hit points by Inner Fire.
[Tue Aug 04 22:30:45 2026] A fire giant warrior hits YOU for 108 points of damage.
[Tue Aug 04 22:30:45 2026] A fire giant warrior tries to hit YOU, but YOU dodge!
[Tue Aug 04 22:30:45 2026] A fire giant warrior pet begins casting Spirit of Wolf.
[Tue Aug 04 22:30:45 2026] You begin to change your invocation.
[Tue Aug 04 22:30:45 2026] You try to kick King Tranix, but miss!
[Tue Aug 04 22:30:45 2026] You try to kick King Tranix, but miss!
[Tue Aug 04 22:30:45 2026] You begin reciting the inversion invocation.
[Tue Aug 04 22:30:45 2026] King Tranix pet punches YOU for 32 points of damage.
[Tue Aug 04 22:30:45 2026] King Tranix pet tries to punch YOU, but misses!
[Tue Aug 04 22:30:46 2026] Your target is immune to the stun portion of this effect.
[Tue Aug 04 22:30:46 2026] King Tranix begins to sway!
[Tue Aug 04 22:30:46 2026] You try to slash King Tranix, but miss!
[Tue Aug 04 22:30:46 2026] You slash King Tranix for 128 points of damage.
[Tue Aug 04 22:30:46 2026] You hurt yourself for 6 points.
[Tue Aug 04 22:30:46 2026] You bash King Tranix for 98 points of damage.
[Tue Aug 04 22:30:46 2026] You pierce King Tranix for 4 points of damage.
[Tue Aug 04 22:30:46 2026] You gain a rune for 8 points of absorption.
[Tue Aug 04 22:30:46 2026] You pierce King Tranix for 59 points of damage. (Critical)
[Tue Aug 04 22:30:46 2026] You slash King Tranix for 82 points of damage.
[Tue Aug 04 22:30:47 2026] You pierce King Tranix for 51 points of damage.
[Tue Aug 04 22:30:47 2026] A fire giant warrior tries to bash YOU, but misses!
[Tue Aug 04 22:30:47 2026] A fire giant warrior bashes YOU for 19 points of damage.
[Tue Aug 04 22:30:47 2026] Your Calm spell has worn off of a fire giant warrior.
[Tue Aug 04 22:30:47 2026] You slash King Tranix for 19 points of damage.
[Tue Aug 04 22:30:47 2026] A fire giant warrior tries to kick YOU, but misses!
[Tue Aug 04 22:30:47 2026] King Tranix has taken 84 damage from your Blood Draw Strike.
[Tue Aug 04 22:30:47 2026] You healed Primitive for 84 hit points by Blood Draw Strike.
[Tue Aug 04 22:30:47 2026] A fire giant warrior begins casting Malaria.
[Tue Aug 04 22:30:47 2026] The divine flame leaves.
[Tue Aug 04 22:30:47 2026] You cough and choke.
[Tue Aug 04 22:30:48 2026] A fire giant warrior tries to hit YOU, but misses!
[Tue Aug 04 22:30:48 2026] King Tranix pet tries to punch YOU, but misses!
[Tue Aug 04 22:30:48 2026] King Tranix pet tries to punch YOU, but misses!
[Tue Aug 04 22:30:48 2026] You try to slash King Tranix, but King Tranix blocks!
[Tue Aug 04 22:30:48 2026] You feel your life force drain away.
[Tue Aug 04 22:30:48 2026] King Tranix tries to hit YOU, but YOU block!
[Tue Aug 04 22:30:48 2026] King Tranix hits YOU for 166 points of damage.
[Tue Aug 04 22:30:48 2026] You try to backstab King Tranix, but miss!
[Tue Aug 04 22:30:48 2026] You hurt yourself for 8 points.
[Tue Aug 04 22:30:48 2026] You backstab King Tranix for 123 points of damage.
[Tue Aug 04 22:30:48 2026] You try to backstab King Tranix, but miss!
[Tue Aug 04 22:30:48 2026] You try to kick King Tranix, but miss!
[Tue Aug 04 22:30:48 2026] You kick King Tranix for 8 points of damage.
[Tue Aug 04 22:30:49 2026] You hurt yourself for 8 points.
[Tue Aug 04 22:30:49 2026] You bash King Tranix for 127 points of damage.
[Tue Aug 04 22:30:49 2026] You try to pierce King Tranix, but miss!
[Tue Aug 04 22:30:49 2026] You slash King Tranix for 27 points of damage.
[Tue Aug 04 22:30:49 2026] You gain a rune for 7 points of absorption.
[Tue Aug 04 22:30:49 2026] You pierce King Tranix for 49 points of damage. (Critical)
[Tue Aug 04 22:30:49 2026] You hurt yourself for 2 points.
[Tue Aug 04 22:30:49 2026] You frenzy on King Tranix for 32 points of damage.
[Tue Aug 04 22:30:49 2026] You hurt yourself for 3 points.
[Tue Aug 04 22:30:49 2026] You frenzy on King Tranix for 56 points of damage.
[Tue Aug 04 22:30:49 2026] You try to frenzy on King Tranix, but miss!
[Tue Aug 04 22:30:49 2026] You try to frenzy on King Tranix, but miss!
[Tue Aug 04 22:30:49 2026] You hurt yourself for 3 points.
[Tue Aug 04 22:30:49 2026] You frenzy on King Tranix for 57 points of damage.
[Tue Aug 04 22:30:49 2026] You smite King Tranix for 48 points of damage.
[Tue Aug 04 22:30:49 2026] You hit King Tranix for 154 points of magic damage by Smiting Strike.
[Tue Aug 04 22:30:49 2026] King Tranix staggers.
[Tue Aug 04 22:30:50 2026] You try to slash King Tranix, but miss!
[Tue Aug 04 22:30:50 2026] You slash King Tranix for 79 points of damage.
[Tue Aug 04 22:30:50 2026] King Tranix hits YOU for 159 points of damage.
[Tue Aug 04 22:30:50 2026] King Tranix tries to hit YOU, but misses!
[Tue Aug 04 22:30:50 2026] King Tranix pet is surrounded by a brief lupine aura.
[Tue Aug 04 22:30:50 2026] King Tranix pet kicks YOU for 17 points of damage.
[Tue Aug 04 22:30:50 2026] King Tranix pet tries to kick YOU, but misses!
[Tue Aug 04 22:30:50 2026] King Tranix pet tries to bash YOU, but YOU block!
[Tue Aug 04 22:30:50 2026] King Tranix pet tries to bash YOU, but misses!
[Tue Aug 04 22:30:50 2026] You have taken 80 damage from Bond of Death by King Tranix.
[Tue Aug 04 22:30:50 2026] King Tranix staggers.
[Tue Aug 04 22:30:50 2026] King Tranix healed itself for 80 hit points by Bond of Death.
[Tue Aug 04 22:30:50 2026] You have taken 125 damage from Ignite Blood by King Tranix.
[Tue Aug 04 22:30:50 2026] You have taken 72 damage from Malaria by a fire giant warrior.
[Tue Aug 04 22:30:50 2026] You try to pierce King Tranix, but miss!
[Tue Aug 04 22:30:50 2026] A fire giant warrior tries to hit YOU, but misses!
[Tue Aug 04 22:30:50 2026] King Tranix pet tries to punch YOU, but misses!
[Tue Aug 04 22:30:50 2026] King Tranix pet punches YOU for 29 points of damage.
[Tue Aug 04 22:30:50 2026] You feel your life force drain away.
[Tue Aug 04 22:30:50 2026] King Tranix pet healed itself for 0 (58) hit points by Specter Lifetap.
[Tue Aug 04 22:30:50 2026] King Tranix pet tries to punch YOU, but misses!
[Tue Aug 04 22:30:50 2026] A fire giant warrior cleaves YOU for 34 points of damage.
[Tue Aug 04 22:30:50 2026] A fire giant warrior tries to cleave YOU, but misses!
[Tue Aug 04 22:30:51 2026] You try to slash King Tranix, but King Tranix dodges!
[Tue Aug 04 22:30:51 2026] You try to kick King Tranix, but miss!
[Tue Aug 04 22:30:51 2026] You hurt yourself for 5 points.
[Tue Aug 04 22:30:51 2026] You gain a rune for 22 points of absorption.
[Tue Aug 04 22:30:51 2026] You bash King Tranix for 147 points of damage. (Critical)
[Tue Aug 04 22:30:51 2026] You try to bash King Tranix, but miss!
[Tue Aug 04 22:30:51 2026] You pierce King Tranix for 30 points of damage.
[Tue Aug 04 22:30:51 2026] You hurt yourself for 5 points.
[Tue Aug 04 22:30:51 2026] You backstab King Tranix for 75 points of damage.
[Tue Aug 04 22:30:51 2026] You hurt yourself for 15 points.
[Tue Aug 04 22:30:51 2026] You backstab King Tranix for 238 points of damage.
[Tue Aug 04 22:30:51 2026] You slash King Tranix for 44 points of damage.
[Tue Aug 04 22:30:51 2026] King Tranix tries to hit YOU, but YOU block!
[Tue Aug 04 22:30:51 2026] King Tranix tries to hit YOU, but misses!
[Tue Aug 04 22:30:52 2026] A fire giant warrior begins casting Drowsy.
[Tue Aug 04 22:30:52 2026] You begin casting Lay on Hands X.
[Tue Aug 04 22:30:52 2026] You feel a healing touch.
[Tue Aug 04 22:30:52 2026] You healed Primitive for 2758 (17226) hit points by Lay on Hands X.
[Tue Aug 04 22:30:52 2026] King Tranix's fingers slow down.
[Tue Aug 04 22:30:52 2026] You gain a rune for 8 points of absorption.
[Tue Aug 04 22:30:52 2026] You pierce King Tranix for 59 points of damage. (Critical)
[Tue Aug 04 22:30:52 2026] A fire giant warrior pet begins casting Inner Fire.
[Tue Aug 04 22:30:52 2026] You slash King Tranix for 157 points of damage.
[Tue Aug 04 22:30:53 2026] You pierce King Tranix for 18 points of damage.
[Tue Aug 04 22:30:53 2026] You gain a rune for 5 points of absorption.
[Tue Aug 04 22:30:53 2026] You pierce King Tranix for 39 points of damage. (Critical)
[Tue Aug 04 22:30:53 2026] You try to slash King Tranix, but miss!
[Tue Aug 04 22:30:53 2026] King Tranix pet punches YOU for 31 points of damage.
[Tue Aug 04 22:30:53 2026] King Tranix pet tries to punch YOU, but YOU block!
[Tue Aug 04 22:30:53 2026] King Tranix tries to hit YOU, but misses!
[Tue Aug 04 22:30:53 2026] Your Calm spell has worn off of a fire giant warrior.
[Tue Aug 04 22:30:53 2026] You try to kick King Tranix, but miss!
[Tue Aug 04 22:30:53 2026] You try to kick King Tranix, but miss!
[Tue Aug 04 22:30:54 2026] King Tranix has taken 84 damage from your Blood Draw Strike.
[Tue Aug 04 22:30:54 2026] You healed Primitive for 31 (84) hit points by Blood Draw Strike.
[Tue Aug 04 22:30:54 2026] You try to slash King Tranix, but King Tranix parries!
[Tue Aug 04 22:30:54 2026] You try to bash King Tranix, but miss!
[Tue Aug 04 22:30:54 2026] You resist a fire giant warrior's Drowsy!
[Tue Aug 04 22:30:54 2026] A fire giant warrior hits YOU for 93 points of damage.
[Tue Aug 04 22:30:54 2026] A fire giant warrior tries to bash YOU, but misses!
[Tue Aug 04 22:30:54 2026] A fire giant warrior bashes YOU for 27 points of damage.
[Tue Aug 04 22:30:54 2026] You try to frenzy on King Tranix, but miss!
[Tue Aug 04 22:30:54 2026] You hurt yourself for 2 points.
[Tue Aug 04 22:30:54 2026] You frenzy on King Tranix for 35 points of damage.
[Tue Aug 04 22:30:54 2026] You hurt yourself for 4 points.
[Tue Aug 04 22:30:54 2026] You frenzy on King Tranix for 71 points of damage.
[Tue Aug 04 22:30:54 2026] You try to frenzy on King Tranix, but miss!
[Tue Aug 04 22:30:54 2026] A fire giant warrior tries to kick YOU, but misses!
[Tue Aug 04 22:30:54 2026] You try to smite King Tranix, but miss!
[Tue Aug 04 22:30:54 2026] You smite King Tranix for 24 points of damage.
[Tue Aug 04 22:30:54 2026] You hit King Tranix for 154 points of magic damage by Smiting Strike.
[Tue Aug 04 22:30:54 2026] King Tranix staggers.
[Tue Aug 04 22:30:54 2026] You pierce King Tranix for 18 points of damage.
[Tue Aug 04 22:30:54 2026] You pierce King Tranix for 15 points of damage.
[Tue Aug 04 22:30:55 2026] King Tranix tries to hit YOU, but misses! (Riposte)
[Tue Aug 04 22:30:55 2026] You hurt yourself for 4 points.
[Tue Aug 04 22:30:55 2026] You backstab King Tranix for 63 points of damage.
[Tue Aug 04 22:30:55 2026] You try to backstab King Tranix, but miss!
[Tue Aug 04 22:30:55 2026] King Tranix hits YOU for 124 points of damage.
[Tue Aug 04 22:30:55 2026] King Tranix tries to hit YOU, but misses!
[Tue Aug 04 22:30:55 2026] King Tranix's fingers slow down.
[Tue Aug 04 22:30:55 2026] You gain a rune for 5 points of absorption.
[Tue Aug 04 22:30:55 2026] You pierce King Tranix for 37 points of damage. (Critical)
[Tue Aug 04 22:30:55 2026] King Tranix's body pulses with energy.
[Tue Aug 04 22:30:55 2026] a fire giant warrior pet healed King Tranix for 20 hit points by Inner Fire.
[Tue Aug 04 22:30:55 2026] You slash King Tranix for 115 points of damage.
[Tue Aug 04 22:30:55 2026] King Tranix pet tries to punch YOU, but misses!
[Tue Aug 04 22:30:55 2026] King Tranix pet tries to punch YOU, but misses!
[Tue Aug 04 22:30:55 2026] King Tranix pet tries to punch YOU, but misses!
[Tue Aug 04 22:30:55 2026] A fire giant warrior pet begins casting Spirit of Wolf.
[Tue Aug 04 22:30:56 2026] King Tranix begins casting Insidious Retrogression.
[Tue Aug 04 22:30:56 2026] A fire giant warrior hits YOU for 147 points of damage.
[Tue Aug 04 22:30:56 2026] A fire giant warrior hits YOU for 93 points of damage.
[Tue Aug 04 22:30:56 2026] You pierce King Tranix for 15 points of damage.
[Tue Aug 04 22:30:56 2026] You slash King Tranix for 98 points of damage.
[Tue Aug 04 22:30:56 2026] You try to slash King Tranix, but miss!
[Tue Aug 04 22:30:56 2026] You hurt yourself for 1 points.
[Tue Aug 04 22:30:56 2026] You kick King Tranix for 28 points of damage.
[Tue Aug 04 22:30:56 2026] You try to kick King Tranix, but miss!
[Tue Aug 04 22:30:56 2026] Your feet come free.
[Tue Aug 04 22:30:56 2026] You have taken 80 damage from Bond of Death by King Tranix.
[Tue Aug 04 22:30:56 2026] King Tranix staggers.
[Tue Aug 04 22:30:56 2026] King Tranix healed itself for 80 hit points by Bond of Death.
[Tue Aug 04 22:30:56 2026] You have taken 125 damage from Ignite Blood by King Tranix.
[Tue Aug 04 22:30:56 2026] You have taken 72 damage from Malaria by a fire giant warrior.
[Tue Aug 04 22:30:57 2026] You hurt yourself for 3 points.
[Tue Aug 04 22:30:57 2026] You bash King Tranix for 51 points of damage.
[Tue Aug 04 22:30:57 2026] You pierce King Tranix for 29 points of damage.
[Tue Aug 04 22:30:57 2026] You gain a rune for 16 points of absorption.
[Tue Aug 04 22:30:57 2026] You slash King Tranix for 108 points of damage. (Critical)
[Tue Aug 04 22:30:57 2026] You try to slash King Tranix, but miss!
[Tue Aug 04 22:30:57 2026] King Tranix pet tries to kick YOU, but YOU dodge!
[Tue Aug 04 22:30:57 2026] King Tranix pet tries to kick YOU, but YOU parry!
[Tue Aug 04 22:30:57 2026] King Tranix pet tries to bash YOU, but misses!
[Tue Aug 04 22:30:57 2026] King Tranix pet tries to bash YOU, but misses!
[Tue Aug 04 22:30:58 2026] Your target is immune to the stun portion of this effect.
[Tue Aug 04 22:30:58 2026] King Tranix begins to sway!
[Tue Aug 04 22:30:58 2026] You slash King Tranix for 68 points of damage.
[Tue Aug 04 22:30:58 2026] You pierce King Tranix for 30 points of damage.
[Tue Aug 04 22:30:58 2026] You pierce King Tranix for 57 points of damage.
[Tue Aug 04 22:30:58 2026] King Tranix pet tries to punch YOU, but YOU parry!
[Tue Aug 04 22:30:58 2026] King Tranix pet tries to punch YOU, but misses!
[Tue Aug 04 22:30:58 2026] King Tranix pet punches YOU for 53 points of damage.
[Tue Aug 04 22:30:58 2026] You feel your life force drain away.
[Tue Aug 04 22:30:58 2026] King Tranix pet healed itself for 0 (58) hit points by Specter Lifetap.
[Tue Aug 04 22:30:58 2026] You try to backstab King Tranix, but miss!
[Tue Aug 04 22:30:58 2026] You try to backstab King Tranix, but miss!
[Tue Aug 04 22:30:58 2026] A fire giant warrior tries to hit YOU, but misses!
[Tue Aug 04 22:30:58 2026] You gain a rune for 11 points of absorption.
[Tue Aug 04 22:30:58 2026] You slash King Tranix for 79 points of damage. (Critical)
[Tue Aug 04 22:30:58 2026] You pierce King Tranix for 9 points of damage.
[Tue Aug 04 22:30:58 2026] You pierce King Tranix for 57 points of damage.
[Tue Aug 04 22:30:59 2026] You hurt yourself for 4 points.
[Tue Aug 04 22:30:59 2026] You kick King Tranix for 68 points of damage.
[Tue Aug 04 22:30:59 2026] You hurt yourself for 1 points.
[Tue Aug 04 22:30:59 2026] You gain a rune for 7 points of absorption.
[Tue Aug 04 22:30:59 2026] You frenzy on King Tranix for 52 points of damage. (Critical)
[Tue Aug 04 22:30:59 2026] You try to frenzy on King Tranix, but miss!
[Tue Aug 04 22:30:59 2026] You hurt yourself for 2 points.
[Tue Aug 04 22:30:59 2026] You gain a rune for 9 points of absorption.
[Tue Aug 04 22:30:59 2026] You frenzy on King Tranix for 64 points of damage. (Critical)
[Tue Aug 04 22:30:59 2026] You gain a rune for 7 points of absorption.
[Tue Aug 04 22:30:59 2026] You frenzy on King Tranix for 49 points of damage. (Critical)
[Tue Aug 04 22:30:59 2026] You hurt yourself for 3 points.
[Tue Aug 04 22:30:59 2026] You frenzy on King Tranix for 55 points of damage.
[Tue Aug 04 22:30:59 2026] You try to frenzy on King Tranix, but miss!
[Tue Aug 04 22:30:59 2026] You hurt yourself for 5 points.
[Tue Aug 04 22:30:59 2026] You gain a rune for 21 points of absorption.
[Tue Aug 04 22:30:59 2026] You frenzy on King Tranix for 146 points of damage. (Critical)
[Tue Aug 04 22:30:59 2026] You smite King Tranix for 43 points of damage.
[Tue Aug 04 22:30:59 2026] You hit King Tranix for 154 points of magic damage by Smiting Strike.
[Tue Aug 04 22:30:59 2026] King Tranix staggers.
[Tue Aug 04 22:30:59 2026] You slash King Tranix for 157 points of damage.
[Tue Aug 04 22:30:59 2026] You try to bash King Tranix, but miss!
[Tue Aug 04 22:30:59 2026] You hurt yourself for 3 points.
[Tue Aug 04 22:30:59 2026] You bash King Tranix for 53 points of damage.
[Tue Aug 04 22:30:59 2026] You pierce King Tranix for 28 points of damage.
[Tue Aug 04 22:30:59 2026] You pierce King Tranix for 14 points of damage.
[Tue Aug 04 22:31:00 2026] King Tranix has taken 84 damage from your Blood Draw Strike.
[Tue Aug 04 22:31:00 2026] You healed Primitive for 84 hit points by Blood Draw Strike.
[Tue Aug 04 22:31:00 2026] King Tranix hit you for 624 points of disease damage by Insidious Retrogression.
[Tue Aug 04 22:31:00 2026] Your body is pelted by spores.
[Tue Aug 04 22:31:00 2026] King Tranix tries to hit YOU, but misses!
[Tue Aug 04 22:31:00 2026] King Tranix tries to hit YOU, but misses!
[Tue Aug 04 22:31:00 2026] King Tranix is surrounded by a brief lupine aura.
[Tue Aug 04 22:31:00 2026] You slash King Tranix for 82 points of damage.
[Tue Aug 04 22:31:00 2026] You try to slash King Tranix, but King Tranix dodges!
[Tue Aug 04 22:31:00 2026] You gain a rune for 5 points of absorption.
[Tue Aug 04 22:31:00 2026] You pierce King Tranix for 39 points of damage. (Critical)
[Tue Aug 04 22:31:00 2026] King Tranix pet tries to punch YOU, but misses!
[Tue Aug 04 22:31:00 2026] King Tranix pet punches YOU for 51 points of damage.
[Tue Aug 04 22:31:01 2026] A fire giant warrior tries to hit YOU, but misses!
[Tue Aug 04 22:31:01 2026] You try to slash King Tranix, but King Tranix dodges!
[Tue Aug 04 22:31:01 2026] You try to slash King Tranix, but miss!
[Tue Aug 04 22:31:01 2026] A fire giant warrior cleaves YOU for 110 points of damage.
[Tue Aug 04 22:31:01 2026] A fire giant warrior cleaves YOU for 43 points of damage.
[Tue Aug 04 22:31:01 2026] You hurt yourself for 4 points.
[Tue Aug 04 22:31:01 2026] You backstab King Tranix for 63 points of damage.
[Tue Aug 04 22:31:01 2026] A fire giant warrior tries to bash YOU, but misses!
[Tue Aug 04 22:31:01 2026] You try to kick King Tranix, but miss!
[Tue Aug 04 22:31:01 2026] King Tranix hits YOU for 161 points of damage.
[Tue Aug 04 22:31:01 2026] King Tranix hits YOU for 111 points of damage.
[Tue Aug 04 22:31:01 2026] A fire giant warrior tries to kick YOU, but misses!
[Tue Aug 04 22:31:01 2026] A fire giant warrior tries to kick YOU, but misses!
[Tue Aug 04 22:31:02 2026] You slash King Tranix for 82 points of damage.
[Tue Aug 04 22:31:02 2026] You slash King Tranix for 54 points of damage.
[Tue Aug 04 22:31:02 2026] You try to pierce King Tranix, but miss!
[Tue Aug 04 22:31:02 2026] You try to pierce King Tranix, but miss!
[Tue Aug 04 22:31:02 2026] You try to bash King Tranix, but miss!
[Tue Aug 04 22:31:02 2026] You have taken 80 damage from Bond of Death by King Tranix.
[Tue Aug 04 22:31:02 2026] King Tranix staggers.
[Tue Aug 04 22:31:02 2026] King Tranix healed itself for 80 hit points by Bond of Death.
[Tue Aug 04 22:31:02 2026] You have taken 125 damage from Ignite Blood by King Tranix.
[Tue Aug 04 22:31:02 2026] You have taken 72 damage from Malaria by a fire giant warrior.
[Tue Aug 04 22:31:02 2026] You slash King Tranix for 60 points of damage.
[Tue Aug 04 22:31:02 2026] You slash King Tranix for 26 points of damage.
[Tue Aug 04 22:31:03 2026] You pierce King Tranix for 27 points of damage.
[Tue Aug 04 22:31:03 2026] King Tranix pet punches YOU for 63 points of damage.
[Tue Aug 04 22:31:03 2026] King Tranix pet tries to punch YOU, but misses!
[Tue Aug 04 22:31:03 2026] King Tranix pet tries to punch YOU, but misses!
[Tue Aug 04 22:31:03 2026] King Tranix pet tries to punch YOU, but misses!
[Tue Aug 04 22:31:03 2026] King Tranix tries to hit YOU, but misses!
[Tue Aug 04 22:31:03 2026] King Tranix tries to hit YOU, but misses!
[Tue Aug 04 22:31:03 2026] You slash King Tranix for 82 points of damage.
[Tue Aug 04 22:31:03 2026] You try to slash King Tranix, but King Tranix blocks!
[Tue Aug 04 22:31:03 2026] A fire giant warrior hits YOU for 34 points of damage.
[Tue Aug 04 22:31:03 2026] You gain a rune for 7 points of absorption.
[Tue Aug 04 22:31:03 2026] You pierce King Tranix for 49 points of damage. (Critical)
[Tue Aug 04 22:31:04 2026] King Tranix pet begins casting Engulfing Darkness.
[Tue Aug 04 22:31:04 2026] King Tranix begins casting Paralyzing Earth.
[Tue Aug 04 22:31:04 2026] You try to frenzy on King Tranix, but miss!
[Tue Aug 04 22:31:04 2026] You hurt yourself for 2 points.
[Tue Aug 04 22:31:04 2026] You gain a rune for 8 points of absorption.
[Tue Aug 04 22:31:04 2026] You frenzy on King Tranix for 57 points of damage. (Critical)
[Tue Aug 04 22:31:04 2026] You try to frenzy on King Tranix, but miss!
[Tue Aug 04 22:31:04 2026] You hurt yourself for 2 points.
[Tue Aug 04 22:31:04 2026] You frenzy on King Tranix for 35 points of damage.
[Tue Aug 04 22:31:04 2026] You gain a rune for 11 points of absorption.
[Tue Aug 04 22:31:04 2026] You slash King Tranix for 79 points of damage. (Critical)
[Tue Aug 04 22:31:04 2026] You hurt yourself for 3 points.
[Tue Aug 04 22:31:04 2026] You gain a rune for 14 points of absorption.
[Tue Aug 04 22:31:04 2026] You kick King Tranix for 97 points of damage. (Critical)
[Tue Aug 04 22:31:04 2026] You try to backstab King Tranix, but miss!
[Tue Aug 04 22:31:04 2026] You hurt yourself for 8 points.
[Tue Aug 04 22:31:04 2026] You backstab King Tranix for 125 points of damage.
[Tue Aug 04 22:31:05 2026] You try to bash King Tranix, but miss!
[Tue Aug 04 22:31:05 2026] You slash King Tranix for 79 points of damage.
[Tue Aug 04 22:31:05 2026] You gain a rune for 16 points of absorption.
[Tue Aug 04 22:31:05 2026] You slash King Tranix for 108 points of damage. (Critical)
[Tue Aug 04 22:31:05 2026] You pierce King Tranix for 30 points of damage.
[Tue Aug 04 22:31:05 2026] You resist King Tranix's Paralyzing Earth!
[Tue Aug 04 22:31:05 2026] King Tranix hits YOU for 71 points of damage.
[Tue Aug 04 22:31:06 2026] You slash King Tranix for 143 points of damage.
[Tue Aug 04 22:31:06 2026] You are engulfed by darkness.
[Tue Aug 04 22:31:06 2026] King Tranix pet punches YOU for 63 points of damage.
[Tue Aug 04 22:31:06 2026] King Tranix pet tries to punch YOU, but misses!
[Tue Aug 04 22:31:06 2026] King Tranix pet punches YOU for 41 points of damage.
[Tue Aug 04 22:31:06 2026] King Tranix pet tries to bash YOU, but misses!
[Tue Aug 04 22:31:06 2026] King Tranix pet tries to bash YOU, but misses!
[Tue Aug 04 22:31:06 2026] King Tranix has taken 84 damage from your Blood Draw Strike.
[Tue Aug 04 22:31:06 2026] You healed Primitive for 84 hit points by Blood Draw Strike.
[Tue Aug 04 22:31:06 2026] A fire giant warrior tries to hit YOU, but misses!
[Tue Aug 04 22:31:06 2026] A fire giant warrior tries to hit YOU, but misses!
[Tue Aug 04 22:31:06 2026] King Tranix pet tries to kick YOU, but misses!
[Tue Aug 04 22:31:06 2026] You slash King Tranix for 79 points of damage.
[Tue Aug 04 22:31:06 2026] You slash King Tranix for 47 points of damage.
[Tue Aug 04 22:31:06 2026] King Tranix tries to hit YOU, but misses!
[Tue Aug 04 22:31:06 2026] King Tranix tries to hit YOU, but misses!
[Tue Aug 04 22:31:07 2026] You can't use that command right now...
[Tue Aug 04 22:31:07 2026] Your Djarn's Amethyst Ring (Exaltation) shimmers briefly.
[Tue Aug 04 22:31:07 2026] You begin casting Retribution.
[Tue Aug 04 22:31:07 2026] King Tranix pet tries to punch YOU, but misses!
[Tue Aug 04 22:31:07 2026] King Tranix pet tries to punch YOU, but YOU parry!
[Tue Aug 04 22:31:07 2026] King Tranix pet punches YOU for 51 points of damage.
[Tue Aug 04 22:31:07 2026] King Tranix pet punches YOU for 41 points of damage.
[Tue Aug 04 22:31:07 2026] You feel your life force drain away.
[Tue Aug 04 22:31:07 2026] King Tranix pet healed itself for 0 (58) hit points by Specter Lifetap.
[Tue Aug 04 22:31:08 2026] You regain your concentration and continue your casting.
[Tue Aug 04 22:31:08 2026] Your Polished Mithril Mask (Exaltation) feels alive with power.
[Tue Aug 04 22:31:08 2026] You hit King Tranix for 432 points of magic damage by Retribution.
[Tue Aug 04 22:31:08 2026] King Tranix has been struck by the wrath of the gods.
[Tue Aug 04 22:31:08 2026] You try to pierce King Tranix, but miss!
[Tue Aug 04 22:31:08 2026] You slash King Tranix for 99 points of damage.
[Tue Aug 04 22:31:08 2026] You try to slash King Tranix, but miss!
[Tue Aug 04 22:31:08 2026] You hurt yourself for 4 points.
[Tue Aug 04 22:31:08 2026] You backstab King Tranix for 63 points of damage.
[Tue Aug 04 22:31:08 2026] You hurt yourself for 3 points.
[Tue Aug 04 22:31:08 2026] You gain a rune for 15 points of absorption.
[Tue Aug 04 22:31:08 2026] You bash King Tranix for 101 points of damage. (Critical)
[Tue Aug 04 22:31:08 2026] You try to kick King Tranix, but miss!
[Tue Aug 04 22:31:08 2026] You slash King Tranix for 90 points of damage.
[Tue Aug 04 22:31:08 2026] King Tranix hits YOU for 151 points of damage.
[Tue Aug 04 22:31:08 2026] You have taken 80 damage from Bond of Death by King Tranix.
[Tue Aug 04 22:31:08 2026] King Tranix staggers.
[Tue Aug 04 22:31:08 2026] King Tranix healed itself for 80 hit points by Bond of Death.
[Tue Aug 04 22:31:08 2026] You have taken 125 damage from Ignite Blood by King Tranix.
[Tue Aug 04 22:31:08 2026] You have taken 72 damage from Malaria by a fire giant warrior.
[Tue Aug 04 22:31:08 2026] You have taken 11 damage from Engulfing Darkness by King Tranix pet.
[Tue Aug 04 22:31:08 2026] A fire giant warrior tries to bash YOU, but misses!
[Tue Aug 04 22:31:08 2026] A fire giant warrior hits YOU for 118 points of damage.
[Tue Aug 04 22:31:08 2026] A fire giant warrior hits YOU for 143 points of damage.
[Tue Aug 04 22:31:09 2026] A fire giant warrior kicks YOU for 28 points of damage.
[Tue Aug 04 22:31:09 2026] A fire giant warrior kicks YOU for 28 points of damage.
[Tue Aug 04 22:31:09 2026] You try to frenzy on King Tranix, but miss!
[Tue Aug 04 22:31:09 2026] You try to frenzy on King Tranix, but miss!
[Tue Aug 04 22:31:09 2026] You hurt yourself for 4 points.
[Tue Aug 04 22:31:09 2026] You gain a rune for 16 points of absorption.
[Tue Aug 04 22:31:09 2026] You frenzy on King Tranix for 108 points of damage. (Critical)
[Tue Aug 04 22:31:09 2026] You try to frenzy on King Tranix, but miss!
[Tue Aug 04 22:31:09 2026] You try to pierce King Tranix, but miss!
[Tue Aug 04 22:31:09 2026] You pierce King Tranix for 26 points of damage.
[Tue Aug 04 22:31:09 2026] You slash King Tranix for 79 points of damage.
[Tue Aug 04 22:31:09 2026] You slash King Tranix for 106 points of damage.
[Tue Aug 04 22:31:09 2026] You smite King Tranix for 17 points of damage.
[Tue Aug 04 22:31:09 2026] You hit King Tranix for 154 points of magic damage by Smiting Strike.
[Tue Aug 04 22:31:09 2026] King Tranix staggers.
[Tue Aug 04 22:31:09 2026] You try to smite King Tranix, but miss!
[Tue Aug 04 22:31:10 2026] You try to pierce King Tranix, but miss!
[Tue Aug 04 22:31:10 2026] You gain a rune for 16 points of absorption.
[Tue Aug 04 22:31:10 2026] You slash King Tranix for 109 points of damage. (Critical)
[Tue Aug 04 22:31:10 2026] You try to slash King Tranix, but miss!
[Tue Aug 04 22:31:10 2026] King Tranix tries to hit YOU, but misses!
[Tue Aug 04 22:31:10 2026] King Tranix hits YOU for 95 points of damage.
[Tue Aug 04 22:31:10 2026] King Tranix pet punches YOU for 17 points of damage.
[Tue Aug 04 22:31:10 2026] King Tranix pet tries to punch YOU, but misses!
[Tue Aug 04 22:31:10 2026] You pierce King Tranix for 25 points of damage.
[Tue Aug 04 22:31:10 2026] You try to slash King Tranix, but miss!
[Tue Aug 04 22:31:10 2026] You hurt yourself for 1 points.
[Tue Aug 04 22:31:10 2026] You gain a rune for 8 points of absorption.
[Tue Aug 04 22:31:10 2026] You bash King Tranix for 54 points of damage. (Critical)
[Tue Aug 04 22:31:10 2026] You hurt yourself for 6 points.
[Tue Aug 04 22:31:10 2026] You gain a rune for 24 points of absorption.
[Tue Aug 04 22:31:10 2026] You bash King Tranix for 160 points of damage. (Critical)
[Tue Aug 04 22:31:10 2026] You try to kick King Tranix, but miss!
[Tue Aug 04 22:31:10 2026] You hurt yourself for 3 points.
[Tue Aug 04 22:31:10 2026] You kick King Tranix for 45 points of damage.
[Tue Aug 04 22:31:11 2026] A fire giant warrior tries to hit YOU, but misses!
[Tue Aug 04 22:31:11 2026] You try to slash King Tranix, but miss!
[Tue Aug 04 22:31:11 2026] You slash King Tranix for 19 points of damage.
[Tue Aug 04 22:31:11 2026] You try to backstab King Tranix, but miss!
[Tue Aug 04 22:31:11 2026] You hurt yourself for 9 points.
[Tue Aug 04 22:31:11 2026] You gain a rune for 33 points of absorption.
[Tue Aug 04 22:31:11 2026] You backstab King Tranix for 224 points of damage. (Critical)
[Tue Aug 04 22:31:11 2026] A fire giant warrior tries to cleave YOU, but misses!
[Tue Aug 04 22:31:11 2026] A fire giant warrior tries to cleave YOU, but misses!
[Tue Aug 04 22:31:12 2026] King Tranix tries to hit YOU, but misses!
[Tue Aug 04 22:31:12 2026] King Tranix hits YOU for 47 points of damage.
[Tue Aug 04 22:31:12 2026] King Tranix has taken 84 damage from your Blood Draw Strike.
[Tue Aug 04 22:31:12 2026] You healed Primitive for 84 hit points by Blood Draw Strike.
[Tue Aug 04 22:31:12 2026] You can't use that command right now...
[Tue Aug 04 22:31:12 2026] You try to pierce King Tranix, but miss!
[Tue Aug 04 22:31:12 2026] You slash King Tranix for 47 points of damage.
[Tue Aug 04 22:31:12 2026] You try to slash King Tranix, but miss!
[Tue Aug 04 22:31:12 2026] Your Calm spell has worn off of a fire giant warrior.
[Tue Aug 04 22:31:12 2026] Your Djarn's Amethyst Ring (Exaltation) shimmers briefly.
[Tue Aug 04 22:31:12 2026] You begin casting Superior Healing IV.
[Tue Aug 04 22:31:12 2026] You can't use that command right now...
[Tue Aug 04 22:31:12 2026] King Tranix pet tries to punch YOU, but misses!
[Tue Aug 04 22:31:12 2026] King Tranix pet tries to punch YOU, but misses!
[Tue Aug 04 22:31:13 2026] King Tranix pet tries to bash YOU, but YOU dodge!
[Tue Aug 04 22:31:13 2026] King Tranix pet tries to bash YOU, but misses!
[Tue Aug 04 22:31:13 2026] You regain your concentration and continue your casting.
[Tue Aug 04 22:31:13 2026] Your Idol of the Underking (Exaltation) feels alive with power.
[Tue Aug 04 22:31:13 2026] You feel much better.
[Tue Aug 04 22:31:13 2026] You healed Primitive for 863 hit points by Superior Healing.
[Tue Aug 04 22:31:13 2026] You pierce King Tranix for 38 points of damage.
[Tue Aug 04 22:31:13 2026] You slash King Tranix for 44 points of damage.
[Tue Aug 04 22:31:13 2026] King Tranix pet tries to kick YOU, but misses!
[Tue Aug 04 22:31:13 2026] King Tranix hits YOU for 166 points of damage.
[Tue Aug 04 22:31:13 2026] King Tranix tries to hit YOU, but misses!
[Tue Aug 04 22:31:13 2026] You try to bash King Tranix, but King Tranix blocks!
[Tue Aug 04 22:31:13 2026] You try to kick King Tranix, but miss!
[Tue Aug 04 22:31:13 2026] You try to kick King Tranix, but miss!
[Tue Aug 04 22:31:13 2026] You hurt yourself for 1 points.
[Tue Aug 04 22:31:13 2026] You gain a rune for 7 points of absorption.
[Tue Aug 04 22:31:13 2026] You frenzy on King Tranix for 50 points of damage. (Critical)
[Tue Aug 04 22:31:13 2026] You try to frenzy on King Tranix, but miss!
[Tue Aug 04 22:31:14 2026] You slash King Tranix for 82 points of damage.
[Tue Aug 04 22:31:14 2026] You try to smite King Tranix, but miss!
[Tue Aug 04 22:31:14 2026] You smite King Tranix for 13 points of damage.
[Tue Aug 04 22:31:14 2026] You hit King Tranix for 154 points of magic damage by Smiting Strike.
[Tue Aug 04 22:31:14 2026] King Tranix staggers.
[Tue Aug 04 22:31:14 2026] You gain a rune for 6 points of absorption.
[Tue Aug 04 22:31:14 2026] You pierce King Tranix for 44 points of damage. (Critical)
[Tue Aug 04 22:31:14 2026] You try to pierce King Tranix, but miss!
[Tue Aug 04 22:31:14 2026] A fire giant warrior tries to hit YOU, but YOU parry!
[Tue Aug 04 22:31:14 2026] A fire giant warrior hits YOU for 24 points of damage.
[Tue Aug 04 22:31:14 2026] You have taken 80 damage from Bond of Death by King Tranix.
[Tue Aug 04 22:31:14 2026] King Tranix staggers.
[Tue Aug 04 22:31:14 2026] King Tranix healed itself for 80 hit points by Bond of Death.
[Tue Aug 04 22:31:14 2026] You have taken 125 damage from Ignite Blood by King Tranix.
[Tue Aug 04 22:31:14 2026] You have taken 72 damage from Malaria by a fire giant warrior.
[Tue Aug 04 22:31:14 2026] You have taken 11 damage from Engulfing Darkness by King Tranix pet.
[Tue Aug 04 22:31:14 2026] You slash King Tranix for 55 points of damage.
[Tue Aug 04 22:31:14 2026] You try to backstab King Tranix, but miss!
[Tue Aug 04 22:31:14 2026] You try to backstab King Tranix, but miss!
[Tue Aug 04 22:31:14 2026] You pierce King Tranix for 2 points of damage.
[Tue Aug 04 22:31:14 2026] You try to pierce King Tranix, but King Tranix parries!
[Tue Aug 04 22:31:15 2026] King Tranix pet tries to punch YOU, but misses!
[Tue Aug 04 22:31:15 2026] King Tranix pet tries to punch YOU, but misses!
[Tue Aug 04 22:31:15 2026] King Tranix pet tries to punch YOU, but misses!
[Tue Aug 04 22:31:15 2026] King Tranix pet punches YOU for 36 points of damage.
[Tue Aug 04 22:31:15 2026] King Tranix tries to hit YOU, but misses!
[Tue Aug 04 22:31:15 2026] You try to slash King Tranix, but miss!
[Tue Aug 04 22:31:15 2026] A fire giant warrior tries to bash YOU, but misses!
[Tue Aug 04 22:31:15 2026] A fire giant warrior tries to bash YOU, but YOU dodge!
[Tue Aug 04 22:31:15 2026] You try to pierce King Tranix, but miss!
[Tue Aug 04 22:31:15 2026] You gain a rune for 8 points of absorption.
[Tue Aug 04 22:31:15 2026] You pierce King Tranix for 59 points of damage. (Critical)
[Tue Aug 04 22:31:15 2026] A fire giant warrior tries to hit YOU, but misses!
[Tue Aug 04 22:31:15 2026] A fire giant warrior hits YOU for 85 points of damage.
[Tue Aug 04 22:31:15 2026] A fire giant warrior tries to cleave YOU, but misses!
[Tue Aug 04 22:31:15 2026] A fire giant warrior tries to cleave YOU, but misses!
[Tue Aug 04 22:31:15 2026] A fire giant warrior tries to bash YOU, but misses!
[Tue Aug 04 22:31:15 2026] A fire giant warrior bashes YOU for 27 points of damage.
[Tue Aug 04 22:31:15 2026] King Tranix pet begins casting Shadow Vortex.
[Tue Aug 04 22:31:15 2026] A fire giant warrior tries to kick YOU, but YOU block!
[Tue Aug 04 22:31:16 2026] A fire giant warrior pet begins casting Inner Fire.
[Tue Aug 04 22:31:16 2026] A fire giant warrior tries to kick YOU, but misses!
[Tue Aug 04 22:31:16 2026] A fire giant warrior kicks YOU for 70 points of damage.
[Tue Aug 04 22:31:16 2026] You hurt yourself for 2 points.
[Tue Aug 04 22:31:16 2026] You kick King Tranix for 42 points of damage.
[Tue Aug 04 22:31:16 2026] You try to bash King Tranix, but miss!
[Tue Aug 04 22:31:16 2026] You try to bash King Tranix, but miss!
[Tue Aug 04 22:31:16 2026] Your target is immune to the stun portion of this effect.
[Tue Aug 04 22:31:16 2026] King Tranix begins to sway!
[Tue Aug 04 22:31:16 2026] King Tranix's limbs move slower!
[Tue Aug 04 22:31:16 2026] You slash King Tranix for 42 points of damage.
[Tue Aug 04 22:31:16 2026] You try to slash King Tranix, but miss!
[Tue Aug 04 22:31:16 2026] You slash King Tranix for 17 points of damage.
[Tue Aug 04 22:31:16 2026] You try to pierce King Tranix, but miss!
[Tue Aug 04 22:31:16 2026] You pierce King Tranix for 5 points of damage.
[Tue Aug 04 22:31:16 2026] A fire giant warrior hits YOU for 102 points of damage.
[Tue Aug 04 22:31:16 2026] A fire giant warrior hits YOU for 110 points of damage.
[Tue Aug 04 22:31:16 2026] You can't use that command right now...
[Tue Aug 04 22:31:16 2026] Your Djarn's Amethyst Ring (Exaltation) shimmers briefly.
[Tue Aug 04 22:31:16 2026] You begin casting Superior Healing IV.
[Tue Aug 04 22:31:16 2026] You can't use that command right now...
[Tue Aug 04 22:31:17 2026] You can't use that command right now...
[Tue Aug 04 22:31:17 2026] You resist King Tranix pet's Shadow Vortex!
[Tue Aug 04 22:31:17 2026] You regain your concentration and continue your casting.
[Tue Aug 04 22:31:17 2026] Your Idol of the Underking (Exaltation) feels alive with power.
[Tue Aug 04 22:31:17 2026] You feel much better.
[Tue Aug 04 22:31:17 2026] You healed Primitive for 899 hit points by Superior Healing.
[Tue Aug 04 22:31:17 2026] You try to pierce King Tranix, but miss!
[Tue Aug 04 22:31:17 2026] You pierce King Tranix for 30 points of damage.
[Tue Aug 04 22:31:17 2026] You slash King Tranix for 82 points of damage.
[Tue Aug 04 22:31:17 2026] King Tranix pet punches YOU for 29 points of damage.
[Tue Aug 04 22:31:17 2026] King Tranix pet punches YOU for 36 points of damage.
[Tue Aug 04 22:31:17 2026] King Tranix tries to hit YOU, but misses!
[Tue Aug 04 22:31:18 2026] You try to slash King Tranix, but miss!
[Tue Aug 04 22:31:18 2026] You slash King Tranix for 82 points of damage.
[Tue Aug 04 22:31:18 2026] King Tranix has taken 84 damage from your Blood Draw Strike.
[Tue Aug 04 22:31:18 2026] You healed Primitive for 84 hit points by Blood Draw Strike.
[Tue Aug 04 22:31:18 2026] You hurt yourself for 22 points.
[Tue Aug 04 22:31:18 2026] You backstab King Tranix for 335 points of damage.
[Tue Aug 04 22:31:18 2026] You hurt yourself for 5 points.
[Tue Aug 04 22:31:18 2026] You backstab King Tranix for 88 points of damage.
[Tue Aug 04 22:31:18 2026] You gain a rune for 5 points of absorption.
[Tue Aug 04 22:31:18 2026] You pierce King Tranix for 39 points of damage. (Critical)
[Tue Aug 04 22:31:18 2026] A fire giant warrior hits YOU for 130 points of damage.
[Tue Aug 04 22:31:18 2026] A fire giant warrior hits YOU for 34 points of damage.
[Tue Aug 04 22:31:18 2026] You hurt yourself for 6 points.
[Tue Aug 04 22:31:18 2026] You frenzy on King Tranix for 98 points of damage.
[Tue Aug 04 22:31:18 2026] You try to frenzy on King Tranix, but miss!
[Tue Aug 04 22:31:18 2026] You hurt yourself for 4 points.
[Tue Aug 04 22:31:18 2026] You frenzy on King Tranix for 67 points of damage.
[Tue Aug 04 22:31:18 2026] You frenzy on King Tranix for 2 points of damage.
[Tue Aug 04 22:31:18 2026] You try to slash King Tranix, but miss!
[Tue Aug 04 22:31:18 2026] You smite King Tranix for 15 points of damage.
[Tue Aug 04 22:31:18 2026] You hit King Tranix for 154 points of magic damage by Smiting Strike.
[Tue Aug 04 22:31:18 2026] King Tranix staggers.
[Tue Aug 04 22:31:18 2026] You smite King Tranix for 38 points of damage.
[Tue Aug 04 22:31:18 2026] You hit King Tranix for 154 points of magic damage by Smiting Strike.
[Tue Aug 04 22:31:18 2026] King Tranix staggers.
[Tue Aug 04 22:31:18 2026] You hurt yourself for 8 points.
[Tue Aug 04 22:31:18 2026] You bash King Tranix for 127 points of damage.
[Tue Aug 04 22:31:18 2026] You hurt yourself for 2 points.
[Tue Aug 04 22:31:18 2026] You kick King Tranix for 31 points of damage.
[Tue Aug 04 22:31:18 2026] You hurt yourself for 3 points.
[Tue Aug 04 22:31:18 2026] You kick King Tranix for 47 points of damage.
[Tue Aug 04 22:31:19 2026] You have been summoned!
[Tue Aug 04 22:31:19 2026] a fire giant warrior's body pulses with energy.
[Tue Aug 04 22:31:19 2026] a fire giant warrior pet healed a fire giant warrior for 20 hit points by Inner Fire.
[Tue Aug 04 22:31:19 2026] A fire giant warrior tries to hit YOU, but misses!
[Tue Aug 04 22:31:19 2026] A fire giant warrior pet begins casting Spirit of Wolf.
[Tue Aug 04 22:31:19 2026] You slash King Tranix for 30 points of damage.
[Tue Aug 04 22:31:19 2026] You pierce King Tranix for 2 points of damage.
[Tue Aug 04 22:31:19 2026] You pierce King Tranix for 58 points of damage.
[Tue Aug 04 22:31:19 2026] King Tranix begins casting Paralyzing Earth.
[Tue Aug 04 22:31:19 2026] A fire giant warrior begins casting Envenomed Breath.
[Tue Aug 04 22:31:20 2026] King Tranix pet punches YOU for 17 points of damage.
[Tue Aug 04 22:31:20 2026] King Tranix pet tries to punch YOU, but misses!
[Tue Aug 04 22:31:20 2026] King Tranix pet tries to bash YOU, but misses!
[Tue Aug 04 22:31:20 2026] You slash King Tranix for 70 points of damage.
[Tue Aug 04 22:31:20 2026] You try to pierce King Tranix, but miss!
[Tue Aug 04 22:31:20 2026] You try to pierce King Tranix, but miss!
[Tue Aug 04 22:31:20 2026] King Tranix pet kicks YOU for 37 points of damage.
[Tue Aug 04 22:31:20 2026] You have taken 80 damage from Bond of Death by King Tranix.
[Tue Aug 04 22:31:20 2026] King Tranix staggers.
[Tue Aug 04 22:31:20 2026] King Tranix healed itself for 80 hit points by Bond of Death.
[Tue Aug 04 22:31:20 2026] You have taken 125 damage from Ignite Blood by King Tranix.
[Tue Aug 04 22:31:20 2026] Your blood cools.
[Tue Aug 04 22:31:20 2026] You have taken 72 damage from Malaria by a fire giant warrior.
[Tue Aug 04 22:31:20 2026] You have taken 11 damage from Engulfing Darkness by King Tranix pet.
[Tue Aug 04 22:31:20 2026] A fire giant warrior tries to hit YOU, but misses!
[Tue Aug 04 22:31:21 2026] You try to slash King Tranix, but miss!
[Tue Aug 04 22:31:21 2026] You slash King Tranix for 23 points of damage.
[Tue Aug 04 22:31:21 2026] You hurt yourself for 4 points.
[Tue Aug 04 22:31:21 2026] You backstab King Tranix for 63 points of damage.
[Tue Aug 04 22:31:21 2026] Your Djarn's Amethyst Ring (Exaltation) shimmers briefly.
[Tue Aug 04 22:31:21 2026] You begin casting Superior Healing IV.
[Tue Aug 04 22:31:21 2026] You can't use that command right now...
[Tue Aug 04 22:31:21 2026] You can't use that command right now...
[Tue Aug 04 22:31:21 2026] Your feet adhere to the ground.
[Tue Aug 04 22:31:21 2026] King Tranix tries to hit YOU, but misses!
[Tue Aug 04 22:31:21 2026] King Tranix tries to hit YOU, but misses!
[Tue Aug 04 22:31:21 2026] You can't use that command right now...
[Tue Aug 04 22:31:22 2026] Your Idol of the Underking (Exaltation) feels alive with power.
[Tue Aug 04 22:31:22 2026] You feel much better.
[Tue Aug 04 22:31:22 2026] You healed Primitive for 812 hit points by Superior Healing.
[Tue Aug 04 22:31:22 2026] You try to pierce King Tranix, but miss!
[Tue Aug 04 22:31:22 2026] You try to pierce King Tranix, but King Tranix parries!
[Tue Aug 04 22:31:22 2026] You slash King Tranix for 20 points of damage.
[Tue Aug 04 22:31:22 2026] You try to bash King Tranix, but miss!
[Tue Aug 04 22:31:22 2026] You hurt yourself for 1 points.
[Tue Aug 04 22:31:22 2026] You gain a rune for 6 points of absorption.
[Tue Aug 04 22:31:22 2026] You kick King Tranix for 42 points of damage. (Critical)
[Tue Aug 04 22:31:22 2026] You kick King Tranix for 12 points of damage.
[Tue Aug 04 22:31:22 2026] You gain a rune for 5 points of absorption.
[Tue Aug 04 22:31:22 2026] You pierce King Tranix for 34 points of damage. (Critical)
[Tue Aug 04 22:31:22 2026] You pierce King Tranix for 21 points of damage.
[Tue Aug 04 22:31:22 2026] King Tranix pet punches YOU for 7 points of damage.
[Tue Aug 04 22:31:22 2026] King Tranix hits YOU for 124 points of damage.
[Tue Aug 04 22:31:22 2026] A fire giant warrior tries to bash YOU, but YOU riposte!
[Tue Aug 04 22:31:22 2026] You try to slash a fire giant warrior, but miss! (Riposte)
[Tue Aug 04 22:31:22 2026] A fire giant warrior bashes YOU for 27 points of damage.
[Tue Aug 04 22:31:22 2026] You gain a rune for 39 points of absorption.
[Tue Aug 04 22:31:22 2026] You slash King Tranix for 266 points of damage. (Critical)
[Tue Aug 04 22:31:22 2026] You slash King Tranix for 111 points of damage.
[Tue Aug 04 22:31:22 2026] A fire giant warrior tries to kick YOU, but misses!
[Tue Aug 04 22:31:22 2026] A fire giant warrior tries to kick YOU, but YOU dodge!
[Tue Aug 04 22:31:22 2026] a fire giant warrior hit you for 14 points of poison damage by Envenomed Breath.
[Tue Aug 04 22:31:22 2026] You have been poisoned.
[Tue Aug 04 22:31:22 2026] A fire giant warrior tries to hit YOU, but misses!
[Tue Aug 04 22:31:22 2026] A fire giant warrior tries to cleave YOU, but misses!
[Tue Aug 04 22:31:22 2026] A fire giant warrior tries to bash YOU, but misses!
[Tue Aug 04 22:31:22 2026] A fire giant warrior tries to bash YOU, but misses!
[Tue Aug 04 22:31:23 2026] A fire giant warrior tries to kick YOU, but misses!
[Tue Aug 04 22:31:23 2026] You pierce King Tranix for 20 points of damage.
[Tue Aug 04 22:31:23 2026] You try to pierce King Tranix, but miss!
[Tue Aug 04 22:31:23 2026] You hurt yourself for 6 points.
[Tue Aug 04 22:31:23 2026] You gain a rune for 23 points of absorption.
[Tue Aug 04 22:31:23 2026] You frenzy on King Tranix for 155 points of damage. (Critical)
[Tue Aug 04 22:31:23 2026] You hurt yourself for 3 points.
[Tue Aug 04 22:31:23 2026] You frenzy on King Tranix for 51 points of damage.
[Tue Aug 04 22:31:23 2026] You hurt yourself for 2 points.
[Tue Aug 04 22:31:23 2026] You frenzy on King Tranix for 31 points of damage.
[Tue Aug 04 22:31:23 2026] You try to frenzy on King Tranix, but miss!
[Tue Aug 04 22:31:23 2026] A fire giant warrior hits YOU for 24 points of damage.
[Tue Aug 04 22:31:23 2026] You slash a fire giant warrior for 76 points of damage.
[Tue Aug 04 22:31:23 2026] You gain a rune for 18 points of absorption.
[Tue Aug 04 22:31:23 2026] You slash a fire giant warrior for 121 points of damage. (Critical)
[Tue Aug 04 22:31:23 2026] You smite a fire giant warrior for 34 points of damage. (Critical)
[Tue Aug 04 22:31:23 2026] You hit a fire giant warrior for 154 points of magic damage by Smiting Strike.
[Tue Aug 04 22:31:23 2026] A fire giant warrior staggers.
[Tue Aug 04 22:31:23 2026] You try to smite a fire giant warrior, but miss!
[Tue Aug 04 22:31:24 2026] a fire giant warrior is surrounded by a brief lupine aura.
[Tue Aug 04 22:31:24 2026] A fire giant warrior pet begins casting Drowsy.
[Tue Aug 04 22:31:24 2026] King Tranix begins casting Shadow Vortex.
[Tue Aug 04 22:31:24 2026] You gain a rune for 5 points of absorption.
[Tue Aug 04 22:31:24 2026] You pierce a fire giant warrior for 37 points of damage. (Critical)
[Tue Aug 04 22:31:24 2026] You gain a rune for 5 points of absorption.
[Tue Aug 04 22:31:24 2026] You pierce a fire giant warrior for 34 points of damage. (Critical)
[Tue Aug 04 22:31:24 2026] King Tranix has taken 84 damage from your Blood Draw Strike.
[Tue Aug 04 22:31:24 2026] You healed Primitive for 84 hit points by Blood Draw Strike.
[Tue Aug 04 22:31:24 2026] You hit a fire giant warrior for 49 points of poison damage by Blood Draw Strike.
[Tue Aug 04 22:31:24 2026] A fire giant warrior begins to bleed profusely!
[Tue Aug 04 22:31:24 2026] You try to slash a fire giant warrior, but miss!
[Tue Aug 04 22:31:24 2026] You try to slash a fire giant warrior, but a fire giant warrior parries!
[Tue Aug 04 22:31:24 2026] A fire giant warrior hits YOU for 167 points of damage.
[Tue Aug 04 22:31:24 2026] A fire giant warrior tries to hit YOU, but misses! (Riposte)
[Tue Aug 04 22:31:24 2026] You gain a rune for 4 points of absorption.
[Tue Aug 04 22:31:24 2026] You punch a fire giant warrior for 30 points of damage. (Critical)
[Tue Aug 04 22:31:24 2026] You try to pierce a fire giant warrior, but miss!
[Tue Aug 04 22:31:25 2026] King Tranix pet tries to punch YOU, but misses!
[Tue Aug 04 22:31:25 2026] King Tranix pet tries to punch YOU, but YOU block!
[Tue Aug 04 22:31:25 2026] You hurt yourself for 3 points.
[Tue Aug 04 22:31:25 2026] You kick a fire giant warrior for 45 points of damage.
[Tue Aug 04 22:31:25 2026] You try to kick a fire giant warrior, but miss!
[Tue Aug 04 22:31:25 2026] You hurt yourself for 4 points.
[Tue Aug 04 22:31:25 2026] You kick a fire giant warrior for 63 points of damage.
[Tue Aug 04 22:31:25 2026] You hurt yourself for 4 points.
[Tue Aug 04 22:31:25 2026] You bash a fire giant warrior for 72 points of damage.
[Tue Aug 04 22:31:25 2026] You feel a shadow pass over you.
[Tue Aug 04 22:31:25 2026] King Tranix is protected by a vortex of shadows.
[Tue Aug 04 22:31:25 2026] King Tranix hits YOU for 101 points of damage.
[Tue Aug 04 22:31:25 2026] You slash a fire giant warrior for 17 points of damage.
[Tue Aug 04 22:31:25 2026] You gain a rune for 11 points of absorption.
[Tue Aug 04 22:31:25 2026] You slash a fire giant warrior for 79 points of damage. (Critical)
[Tue Aug 04 22:31:25 2026] A fire giant warrior tries to hit YOU, but misses! (Riposte)
[Tue Aug 04 22:31:26 2026] You slash a fire giant warrior for 107 points of damage.
[Tue Aug 04 22:31:26 2026] You slash a fire giant warrior for 79 points of damage.
[Tue Aug 04 22:31:26 2026] You slash a fire giant warrior for 76 points of damage.
[Tue Aug 04 22:31:26 2026] A fire giant warrior hits YOU for 49 points of damage.
[Tue Aug 04 22:31:26 2026] A fire giant warrior tries to hit YOU, but YOU block!
[Tue Aug 04 22:31:26 2026] A fire giant warrior cleaves YOU for 143 points of damage.
[Tue Aug 04 22:31:26 2026] You pierce a fire giant warrior for 22 points of damage.
[Tue Aug 04 22:31:26 2026] You feel drowsy.
[Tue Aug 04 22:31:26 2026] A fire giant warrior pet tries to bite YOU, but misses!
[Tue Aug 04 22:31:26 2026] A fire giant warrior pet tries to bite YOU, but YOU block!
[Tue Aug 04 22:31:26 2026] A fire giant warrior pet tries to bite YOU, but misses!
[Tue Aug 04 22:31:26 2026] A fire giant warrior pet kicks YOU for 20 points of damage.
[Tue Aug 04 22:31:26 2026] A fire giant warrior pet tries to kick YOU, but misses!
[Tue Aug 04 22:31:26 2026] Your Djarn's Amethyst Ring (Exaltation) shimmers briefly.
[Tue Aug 04 22:31:26 2026] You begin casting Superior Healing IV.
[Tue Aug 04 22:31:26 2026] A fire giant warrior pet tries to bash YOU, but misses!
[Tue Aug 04 22:31:26 2026] A fire giant warrior pet bashes YOU for 9 points of damage.
[Tue Aug 04 22:31:26 2026] You have taken 80 damage from Bond of Death by King Tranix.
[Tue Aug 04 22:31:26 2026] King Tranix staggers.
[Tue Aug 04 22:31:26 2026] King Tranix healed itself for 80 hit points by Bond of Death.
[Tue Aug 04 22:31:26 2026] You have taken 72 damage from Malaria by a fire giant warrior.
[Tue Aug 04 22:31:26 2026] You have taken 11 damage from Engulfing Darkness by King Tranix pet.
[Tue Aug 04 22:31:26 2026] You have taken 90 damage from Envenomed Breath by a fire giant warrior.
[Tue Aug 04 22:31:26 2026] You can't use that command right now...
[Tue Aug 04 22:31:26 2026] You can't use that command right now...
[Tue Aug 04 22:31:27 2026] A fire giant warrior tries to hit YOU, but misses!
[Tue Aug 04 22:31:27 2026] King Tranix pet tries to bash YOU, but YOU block!
[Tue Aug 04 22:31:27 2026] King Tranix pet tries to bash YOU, but YOU riposte!
[Tue Aug 04 22:31:27 2026] King Tranix hits YOU for 118 points of damage.
[Tue Aug 04 22:31:27 2026] King Tranix hits YOU for 166 points of damage.
[Tue Aug 04 22:31:27 2026] King Tranix pet tries to punch YOU, but misses!
[Tue Aug 04 22:31:27 2026] King Tranix pet tries to punch YOU, but misses!
[Tue Aug 04 22:31:27 2026] King Tranix pet tries to punch YOU, but YOU riposte!
[Tue Aug 04 22:31:27 2026] You regain your concentration and continue your casting.
[Tue Aug 04 22:31:27 2026] Your Idol of the Underking (Exaltation) feels alive with power.
[Tue Aug 04 22:31:27 2026] You feel much better.
[Tue Aug 04 22:31:27 2026] You healed Primitive for 805 hit points by Superior Healing.
[Tue Aug 04 22:31:27 2026] You slash a fire giant warrior for 43 points of damage.
[Tue Aug 04 22:31:27 2026] You hurt yourself for 4 points.
[Tue Aug 04 22:31:27 2026] You kick a fire giant warrior for 68 points of damage.
[Tue Aug 04 22:31:27 2026] You hurt yourself for 2 points.
[Tue Aug 04 22:31:27 2026] You bash a fire giant warrior for 37 points of damage.
[Tue Aug 04 22:31:27 2026] You hurt yourself for 4 points.
[Tue Aug 04 22:31:27 2026] You backstab a fire giant warrior for 63 points of damage.
[Tue Aug 04 22:31:27 2026] You hurt yourself for 8 points.
[Tue Aug 04 22:31:27 2026] You backstab a fire giant warrior for 128 points of damage.
[Tue Aug 04 22:31:28 2026] King Tranix pet tries to kick YOU, but misses!
[Tue Aug 04 22:31:28 2026] King Tranix pet tries to kick YOU, but YOU dodge!
[Tue Aug 04 22:31:28 2026] You hurt yourself for 3 points.
[Tue Aug 04 22:31:28 2026] You gain a rune for 12 points of absorption.
[Tue Aug 04 22:31:28 2026] You frenzy on a fire giant warrior for 83 points of damage. (Critical)
[Tue Aug 04 22:31:28 2026] You try to frenzy on a fire giant warrior, but miss!
[Tue Aug 04 22:31:28 2026] You smite a fire giant warrior for 10 points of damage.
[Tue Aug 04 22:31:28 2026] You hit a fire giant warrior for 154 points of magic damage by Smiting Strike.
[Tue Aug 04 22:31:28 2026] A fire giant warrior staggers.
[Tue Aug 04 22:31:28 2026] A fire giant warrior hits YOU for 92 points of damage.
[Tue Aug 04 22:31:28 2026] A fire giant warrior hits YOU for 127 points of damage.
[Tue Aug 04 22:31:29 2026] A fire giant warrior pet tries to bite YOU, but misses!
[Tue Aug 04 22:31:29 2026] A fire giant warrior pet tries to bite YOU, but misses!
[Tue Aug 04 22:31:29 2026] A fire giant warrior tries to hit YOU, but misses! (Riposte)
[Tue Aug 04 22:31:29 2026] A fire giant warrior hits YOU for 169 points of damage.
[Tue Aug 04 22:31:29 2026] King Tranix hits YOU for 166 points of damage.
[Tue Aug 04 22:31:29 2026] King Tranix hits YOU for 154 points of damage.
[Tue Aug 04 22:31:29 2026] A fire giant warrior has taken 84 damage from your Blood Draw Strike.
[Tue Aug 04 22:31:29 2026] You healed Primitive for 84 hit points by Blood Draw Strike.
[Tue Aug 04 22:31:29 2026] A fire giant warrior bashes YOU for 27 points of damage.
[Tue Aug 04 22:31:29 2026] King Tranix pet tries to punch YOU, but YOU dodge!
[Tue Aug 04 22:31:29 2026] King Tranix pet tries to punch YOU, but misses!
[Tue Aug 04 22:31:29 2026] King Tranix pet tries to punch YOU, but misses!
[Tue Aug 04 22:31:30 2026] A fire giant warrior tries to bash YOU, but misses!
[Tue Aug 04 22:31:30 2026] King Tranix has taken 84 damage from your Blood Draw Strike.
[Tue Aug 04 22:31:30 2026] You healed Primitive for 84 hit points by Blood Draw Strike.
[Tue Aug 04 22:31:30 2026] A fire giant warrior kicks YOU for 48 points of damage.
[Tue Aug 04 22:31:30 2026] A fire giant warrior tries to kick YOU, but misses!
[Tue Aug 04 22:31:30 2026] A fire giant warrior kicks YOU for 67 points of damage.
[Tue Aug 04 22:31:30 2026] You hit a fire giant warrior for 84 points of poison damage by Cobra Venom Strike.
[Tue Aug 04 22:31:30 2026] A fire giant warrior screams as poison burns their veins!
[Tue Aug 04 22:31:30 2026] You slash a fire giant warrior for 157 points of damage.
[Tue Aug 04 22:31:30 2026] You try to slash a fire giant warrior, but miss!
[Tue Aug 04 22:31:31 2026] A fire giant warrior tries to hit YOU, but misses!
[Tue Aug 04 22:31:31 2026] A fire giant warrior hits YOU for 34 points of damage.
[Tue Aug 04 22:31:31 2026] A fire giant warrior pet bites YOU for 27 points of damage.
[Tue Aug 04 22:31:31 2026] A fire giant warrior pet tries to bite YOU, but YOU parry!
[Tue Aug 04 22:31:31 2026] A fire giant warrior pet tries to bite YOU, but misses!
[Tue Aug 04 22:31:31 2026] A fire giant warrior pet bites YOU for 10 points of damage.
[Tue Aug 04 22:31:31 2026] You can't use that command right now...
[Tue Aug 04 22:31:31 2026] Your Djarn's Amethyst Ring (Exaltation) shimmers briefly.
[Tue Aug 04 22:31:31 2026] You begin casting Superior Healing IV.
[Tue Aug 04 22:31:32 2026] King Tranix hits YOU for 161 points of damage.
[Tue Aug 04 22:31:32 2026] King Tranix tries to hit YOU, but misses!
[Tue Aug 04 22:31:32 2026] A fire giant warrior tries to hit YOU, but YOU riposte!
[Tue Aug 04 22:31:32 2026] King Tranix pet punches YOU for 24 points of damage.
[Tue Aug 04 22:31:32 2026] King Tranix pet tries to punch YOU, but misses!
[Tue Aug 04 22:31:32 2026] King Tranix pet tries to punch YOU, but YOU dodge!
[Tue Aug 04 22:31:32 2026] You regain your concentration and continue your casting.
[Tue Aug 04 22:31:32 2026] Your Idol of the Underking (Exaltation) feels alive with power.
[Tue Aug 04 22:31:32 2026] You feel much better.
[Tue Aug 04 22:31:32 2026] You healed Primitive for 928 hit points by Superior Healing.
[Tue Aug 04 22:31:32 2026] You slash a fire giant warrior for 50 points of damage.
[Tue Aug 04 22:31:32 2026] You try to bash a fire giant warrior, but miss!
[Tue Aug 04 22:31:32 2026] You hurt yourself for 3 points.
[Tue Aug 04 22:31:32 2026] You bash a fire giant warrior for 45 points of damage.
[Tue Aug 04 22:31:32 2026] You hurt yourself for 3 points.
[Tue Aug 04 22:31:32 2026] You kick a fire giant warrior for 45 points of damage.
[Tue Aug 04 22:31:32 2026] You try to kick a fire giant warrior, but miss!
[Tue Aug 04 22:31:32 2026] The spores expire.
[Tue Aug 04 22:31:32 2026] You have taken 80 damage from Bond of Death by King Tranix.
[Tue Aug 04 22:31:32 2026] King Tranix staggers.
[Tue Aug 04 22:31:32 2026] King Tranix healed itself for 80 hit points by Bond of Death.
[Tue Aug 04 22:31:32 2026] Your feet come free.
[Tue Aug 04 22:31:32 2026] You have taken 72 damage from Malaria by a fire giant warrior.
[Tue Aug 04 22:31:32 2026] You have taken 11 damage from Engulfing Darkness by King Tranix pet.
[Tue Aug 04 22:31:32 2026] You have taken 90 damage from Envenomed Breath by a fire giant warrior.
[Tue Aug 04 22:31:33 2026] A fire giant warrior tries to cleave YOU, but YOU block!
[Tue Aug 04 22:31:33 2026] A fire giant warrior pet tries to bash YOU, but misses!
[Tue Aug 04 22:31:33 2026] A fire giant warrior pet bashes YOU for 9 points of damage.
[Tue Aug 04 22:31:33 2026] A fire giant warrior pet kicks YOU for 47 points of damage.
[Tue Aug 04 22:31:33 2026] A fire giant warrior pet tries to kick YOU, but misses!
[Tue Aug 04 22:31:34 2026] A fire giant warrior tries to hit YOU, but misses!
[Tue Aug 04 22:31:34 2026] You slash a fire giant warrior for 68 points of damage.
[Tue Aug 04 22:31:34 2026] You slash a fire giant warrior for 39 points of damage.
[Tue Aug 04 22:31:34 2026] You slash a fire giant warrior for 82 points of damage.
[Tue Aug 04 22:31:34 2026] A fire giant warrior pet bites YOU for 56 points of damage.
[Tue Aug 04 22:31:34 2026] King Tranix pet tries to bash YOU, but misses!
[Tue Aug 04 22:31:34 2026] You try to backstab a fire giant warrior, but miss!
[Tue Aug 04 22:31:34 2026] You hurt yourself for 4 points.
[Tue Aug 04 22:31:34 2026] You backstab a fire giant warrior for 63 points of damage.
[Tue Aug 04 22:31:34 2026] King Tranix hits YOU for 118 points of damage.
[Tue Aug 04 22:31:34 2026] King Tranix pet punches YOU for 24 points of damage.
[Tue Aug 04 22:31:34 2026] King Tranix pet punches YOU for 32 points of damage.
[Tue Aug 04 22:31:34 2026] King Tranix pet tries to punch YOU, but misses!
[Tue Aug 04 22:31:34 2026] A fire giant warrior tries to hit YOU, but misses!
[Tue Aug 04 22:31:34 2026] You try to pierce a fire giant warrior, but miss!
[Tue Aug 04 22:31:34 2026] You pierce a fire giant warrior for 24 points of damage.
[Tue Aug 04 22:31:34 2026] King Tranix pet kicks YOU for 33 points of damage.
[Tue Aug 04 22:31:34 2026] You feel your life force drain away.
[Tue Aug 04 22:31:34 2026] King Tranix pet healed itself for 0 (58) hit points by Specter Lifetap.
[Tue Aug 04 22:31:34 2026] King Tranix pet tries to kick YOU, but YOU block!
[Tue Aug 04 22:31:35 2026] You slash a fire giant warrior for 115 points of damage.
[Tue Aug 04 22:31:35 2026] You slash a fire giant warrior for 82 points of damage.
[Tue Aug 04 22:31:35 2026] A fire giant warrior has taken 84 damage from your Blood Draw Strike.
[Tue Aug 04 22:31:35 2026] You healed Primitive for 84 hit points by Blood Draw Strike.
[Tue Aug 04 22:31:36 2026] A fire giant warrior pet bites YOU for 10 points of damage.
[Tue Aug 04 22:31:36 2026] A fire giant warrior pet tries to bite YOU, but misses!
[Tue Aug 04 22:31:36 2026] A fire giant warrior tries to hit YOU, but YOU parry!
[Tue Aug 04 22:31:36 2026] A fire giant warrior tries to hit YOU, but misses!
[Tue Aug 04 22:31:36 2026] You try to pierce a fire giant warrior, but miss!
[Tue Aug 04 22:31:36 2026] A fire giant warrior tries to cleave YOU, but misses!
[Tue Aug 04 22:31:36 2026] A fire giant warrior bashes YOU for 27 points of damage.
[Tue Aug 04 22:31:36 2026] A fire giant warrior tries to bash YOU, but misses!
[Tue Aug 04 22:31:37 2026] King Tranix hits YOU for 166 points of damage.
[Tue Aug 04 22:31:37 2026] King Tranix tries to hit YOU, but YOU parry!
[Tue Aug 04 22:31:37 2026] A fire giant warrior bashes YOU for 27 points of damage.
[Tue Aug 04 22:31:37 2026] A fire giant warrior tries to bash YOU, but misses!
[Tue Aug 04 22:31:37 2026] King Tranix pet punches YOU for 17 points of damage.
[Tue Aug 04 22:31:37 2026] King Tranix pet tries to punch YOU, but misses!
[Tue Aug 04 22:31:37 2026] King Tranix pet tries to punch YOU, but YOU dodge!
[Tue Aug 04 22:31:37 2026] You slash a fire giant warrior for 82 points of damage.
[Tue Aug 04 22:31:37 2026] You try to slash a fire giant warrior, but miss!
[Tue Aug 04 22:31:37 2026] A fire giant warrior hits YOU for 194 points of damage.
[Tue Aug 04 22:31:37 2026] A fire giant warrior tries to hit YOU, but misses!
[Tue Aug 04 22:31:37 2026] You hurt yourself for 3 points.
[Tue Aug 04 22:31:37 2026] You frenzy on a fire giant warrior for 48 points of damage.
[Tue Aug 04 22:31:37 2026] You hurt yourself for 3 points.
[Tue Aug 04 22:31:37 2026] You frenzy on a fire giant warrior for 51 points of damage.
[Tue Aug 04 22:31:37 2026] You try to frenzy on a fire giant warrior, but miss!
[Tue Aug 04 22:31:37 2026] You try to frenzy on a fire giant warrior, but a fire giant warrior dodges!
[Tue Aug 04 22:31:37 2026] A fire giant warrior tries to kick YOU, but misses!
[Tue Aug 04 22:31:37 2026] A fire giant warrior tries to kick YOU, but misses!
[Tue Aug 04 22:31:37 2026] A fire giant warrior tries to kick YOU, but misses!
[Tue Aug 04 22:31:37 2026] A fire giant warrior tries to kick YOU, but misses!
[Tue Aug 04 22:31:37 2026] You hurt yourself for 3 points.
[Tue Aug 04 22:31:37 2026] You kick a fire giant warrior for 45 points of damage.
[Tue Aug 04 22:31:37 2026] You try to kick a fire giant warrior, but a fire giant warrior parries!
[Tue Aug 04 22:31:37 2026] You try to bash a fire giant warrior, but miss!
[Tue Aug 04 22:31:38 2026] You smite a fire giant warrior for 16 points of damage.
[Tue Aug 04 22:31:38 2026] You hit a fire giant warrior for 154 points of magic damage by Smiting Strike.
[Tue Aug 04 22:31:38 2026] A fire giant warrior staggers.
[Tue Aug 04 22:31:38 2026] You smite a fire giant warrior for 28 points of damage. (Critical)
[Tue Aug 04 22:31:38 2026] You hit a fire giant warrior for 154 points of magic damage by Smiting Strike.
[Tue Aug 04 22:31:38 2026] A fire giant warrior staggers.
[Tue Aug 04 22:31:38 2026] You try to pierce a fire giant warrior, but a fire giant warrior dodges!
[Tue Aug 04 22:31:38 2026] a fire giant warrior's fingers slow down.
[Tue Aug 04 22:31:38 2026] You gain a rune for 13 points of absorption.
[Tue Aug 04 22:31:38 2026] You slash a fire giant warrior for 91 points of damage. (Critical)
[Tue Aug 04 22:31:38 2026] A fire giant warrior pet bites YOU for 46 points of damage.
[Tue Aug 04 22:31:38 2026] A fire giant warrior pet bites YOU for 10 points of damage.
[Tue Aug 04 22:31:38 2026] A fire giant warrior pet tries to bite YOU, but misses!
[Tue Aug 04 22:31:38 2026] You have taken 80 damage from Bond of Death by King Tranix.
[Tue Aug 04 22:31:38 2026] King Tranix staggers.
[Tue Aug 04 22:31:38 2026] King Tranix healed itself for 80 hit points by Bond of Death.
[Tue Aug 04 22:31:38 2026] You have taken 72 damage from Malaria by a fire giant warrior.
[Tue Aug 04 22:31:38 2026] You have taken 11 damage from Engulfing Darkness by King Tranix pet.
[Tue Aug 04 22:31:38 2026] You have taken 90 damage from Envenomed Breath by a fire giant warrior.
[Tue Aug 04 22:31:39 2026] A fire giant warrior tries to hit YOU, but YOU dodge!
[Tue Aug 04 22:31:39 2026] King Tranix tries to hit YOU, but YOU parry!
[Tue Aug 04 22:31:39 2026] King Tranix pet tries to punch YOU, but misses!
[Tue Aug 04 22:31:39 2026] King Tranix pet punches YOU for 43 points of damage.
[Tue Aug 04 22:31:39 2026] King Tranix pet tries to punch YOU, but misses!
[Tue Aug 04 22:31:40 2026] A fire giant warrior hits YOU for 194 points of damage.
[Tue Aug 04 22:31:40 2026] A fire giant warrior tries to hit YOU, but misses!
[Tue Aug 04 22:31:40 2026] King Tranix pet begins casting Negation of Life.
[Tue Aug 04 22:31:40 2026] King Tranix begins casting Insidious Retrogression.
[Tue Aug 04 22:31:40 2026] You try to slash a fire giant warrior, but miss!
[Tue Aug 04 22:31:40 2026] You try to slash a fire giant warrior, but miss!
[Tue Aug 04 22:31:40 2026] You begin to change your stance.
[Tue Aug 04 22:31:40 2026] A fire giant warrior pet bashes YOU for 9 points of damage.
[Tue Aug 04 22:31:40 2026] A fire giant warrior pet bashes YOU for 9 points of damage.
[Tue Aug 04 22:31:40 2026] You try to backstab a fire giant warrior, but miss!
[Tue Aug 04 22:31:40 2026] You assume an evasive stance.
[Tue Aug 04 22:31:40 2026] A fire giant warrior pet tries to kick YOU, but YOU dodge!
[Tue Aug 04 22:31:40 2026] A fire giant warrior pet tries to kick YOU, but misses!
[Tue Aug 04 22:31:41 2026] You can't use that command right now...
[Tue Aug 04 22:31:41 2026] A fire giant warrior pet tries to bite YOU, but YOU dodge!
[Tue Aug 04 22:31:41 2026] A fire giant warrior pet tries to bite YOU, but misses!
[Tue Aug 04 22:31:41 2026] A fire giant warrior pet tries to bite YOU, but misses!
[Tue Aug 04 22:31:41 2026] Your Djarn's Amethyst Ring (Exaltation) shimmers briefly.
[Tue Aug 04 22:31:41 2026] You begin casting Superior Healing IV.
[Tue Aug 04 22:31:41 2026] You can't use that command right now...
[Tue Aug 04 22:31:41 2026] You can't use that command right now...
[Tue Aug 04 22:31:41 2026] A fire giant warrior tries to hit YOU, but YOU parry!
[Tue Aug 04 22:31:41 2026] A fire giant warrior tries to hit YOU, but misses!
[Tue Aug 04 22:31:41 2026] A fire giant warrior has taken 84 damage from your Blood Draw Strike.
[Tue Aug 04 22:31:41 2026] You healed Primitive for 84 hit points by Blood Draw Strike.
[Tue Aug 04 22:31:42 2026] Your Idol of the Underking (Exaltation) feels alive with power.
[Tue Aug 04 22:31:42 2026] You feel much better.
[Tue Aug 04 22:31:42 2026] You healed Primitive for 819 hit points by Superior Healing.
[Tue Aug 04 22:31:42 2026] A fire giant warrior tries to hit YOU, but YOU dodge!
[Tue Aug 04 22:31:42 2026] A fire giant warrior tries to hit YOU, but YOU dodge!
[Tue Aug 04 22:31:43 2026] You resist King Tranix pet's Negation of Life!
[Tue Aug 04 22:31:43 2026] King Tranix pet tries to punch YOU, but YOU dodge!
[Tue Aug 04 22:31:43 2026] King Tranix pet tries to bash YOU, but YOU dodge!
[Tue Aug 04 22:31:43 2026] You bash a fire giant warrior for 76 points of damage.
[Tue Aug 04 22:31:43 2026] You try to bash a fire giant warrior, but miss!
[Tue Aug 04 22:31:43 2026] You try to kick a fire giant warrior, but miss!
[Tue Aug 04 22:31:43 2026] You kick a fire giant warrior for 18 points of damage.
[Tue Aug 04 22:31:43 2026] The bond fades.
[Tue Aug 04 22:31:43 2026] You pierce a fire giant warrior for 29 points of damage.
[Tue Aug 04 22:31:43 2026] King Tranix pet tries to kick YOU, but misses!
[Tue Aug 04 22:31:43 2026] King Tranix pet tries to kick YOU, but misses!
[Tue Aug 04 22:31:43 2026] You hit a fire giant warrior for 49 points of poison damage by Blood Draw Strike.
[Tue Aug 04 22:31:43 2026] A fire giant warrior begins to bleed profusely!
[Tue Aug 04 22:31:43 2026] a fire giant warrior's limbs move slower!
[Tue Aug 04 22:31:43 2026] You gain a rune for 20 points of absorption.
[Tue Aug 04 22:31:43 2026] You slash a fire giant warrior for 138 points of damage. (Critical)
[Tue Aug 04 22:31:43 2026] A fire giant warrior tries to bash YOU, but YOU dodge!
[Tue Aug 04 22:31:43 2026] A fire giant warrior tries to bash YOU, but misses!
[Tue Aug 04 22:31:43 2026] A fire giant warrior pet tries to bite YOU, but YOU riposte!
[Tue Aug 04 22:31:43 2026] You try to slash a fire giant warrior pet, but miss! (Riposte)
[Tue Aug 04 22:31:43 2026] A fire giant warrior pet tries to bite YOU, but misses!
[Tue Aug 04 22:31:44 2026] A fire giant warrior tries to cleave YOU, but misses!
[Tue Aug 04 22:31:44 2026] A fire giant warrior bashes YOU for 17 points of damage.
[Tue Aug 04 22:31:44 2026] A fire giant warrior tries to bash YOU, but YOU dodge!
[Tue Aug 04 22:31:44 2026] A fire giant warrior pet begins casting Ice Spear.
[Tue Aug 04 22:31:44 2026] A fire giant warrior tries to hit YOU, but misses!
[Tue Aug 04 22:31:44 2026] King Tranix hit you for 634 points of disease damage by Insidious Retrogression.
[Tue Aug 04 22:31:44 2026] Your body is pelted by spores.
[Tue Aug 04 22:31:44 2026] King Tranix begins casting Ignite Blood.
[Tue Aug 04 22:31:44 2026] King Tranix pet tries to punch YOU, but misses!
[Tue Aug 04 22:31:44 2026] King Tranix pet tries to punch YOU, but YOU dodge!
[Tue Aug 04 22:31:44 2026] You are stunned!
[Tue Aug 04 22:31:44 2026] You have taken 80 damage from Bond of Death by King Tranix.
[Tue Aug 04 22:31:44 2026] King Tranix staggers.
[Tue Aug 04 22:31:44 2026] King Tranix healed itself for 80 hit points by Bond of Death.
[Tue Aug 04 22:31:44 2026] You have taken 72 damage from Malaria by a fire giant warrior.
[Tue Aug 04 22:31:44 2026] You have taken 11 damage from Engulfing Darkness by King Tranix pet.
[Tue Aug 04 22:31:44 2026] You have taken 90 damage from Envenomed Breath by a fire giant warrior.
[Tue Aug 04 22:31:44 2026] A fire giant warrior tries to kick YOU, but misses!
[Tue Aug 04 22:31:44 2026] A fire giant warrior tries to kick YOU, but YOU dodge!
[Tue Aug 04 22:31:44 2026] A fire giant warrior tries to kick YOU, but misses!
[Tue Aug 04 22:31:45 2026] You can't cast spells while stunned!
[Tue Aug 04 22:31:45 2026] You can't cast spells while stunned!
[Tue Aug 04 22:31:45 2026] You are no longer stunned.
[Tue Aug 04 22:31:45 2026] Your Djarn's Amethyst Ring (Exaltation) shimmers briefly.
[Tue Aug 04 22:31:45 2026] You begin casting Cure Disease.
[Tue Aug 04 22:31:46 2026] A fire giant warrior pet tries to bite YOU, but YOU parry!
[Tue Aug 04 22:31:46 2026] A fire giant warrior pet tries to bite YOU, but misses!
[Tue Aug 04 22:31:46 2026] A fire giant warrior pet tries to bite YOU, but YOU dodge!
[Tue Aug 04 22:31:46 2026] Your blood ignites.
[Tue Aug 04 22:31:46 2026] King Tranix tries to hit YOU, but misses!
[Tue Aug 04 22:31:46 2026] King Tranix tries to hit YOU, but misses!
[Tue Aug 04 22:31:46 2026] A fire giant warrior tries to hit YOU, but YOU dodge!
[Tue Aug 04 22:31:46 2026] You regain your concentration and continue your casting.
[Tue Aug 04 22:31:46 2026] You are cured of Malaria by Primitive.
[Tue Aug 04 22:31:46 2026] You try to pierce a fire giant warrior, but miss!
[Tue Aug 04 22:31:46 2026] You try to pierce a fire giant warrior, but miss!
[Tue Aug 04 22:31:46 2026] You slash a fire giant warrior for 153 points of damage.
[Tue Aug 04 22:31:46 2026] A fire giant warrior tries to hit YOU, but YOU parry!
[Tue Aug 04 22:31:46 2026] King Tranix pet tries to punch YOU, but misses!
[Tue Aug 04 22:31:46 2026] King Tranix pet punches YOU for 21 points of damage.
[Tue Aug 04 22:31:46 2026] King Tranix pet tries to punch YOU, but misses!
[Tue Aug 04 22:31:46 2026] King Tranix pet tries to punch YOU, but YOU riposte!
[Tue Aug 04 22:31:46 2026] You slash King Tranix pet for 16 points of damage. (Riposte)
[Tue Aug 04 22:31:47 2026] You try to frenzy on a fire giant warrior, but miss!
[Tue Aug 04 22:31:47 2026] A fire giant warrior tries to hit YOU, but YOU dodge!
[Tue Aug 04 22:31:47 2026] You frenzy on a fire giant warrior for 60 points of damage.
[Tue Aug 04 22:31:47 2026] You frenzy on a fire giant warrior for 45 points of damage.
[Tue Aug 04 22:31:47 2026] You gain a rune for 27 points of absorption.
[Tue Aug 04 22:31:47 2026] You backstab a fire giant warrior for 183 points of damage. (Critical)
[Tue Aug 04 22:31:47 2026] A fire giant warrior tries to cleave YOU, but YOU dodge!
[Tue Aug 04 22:31:47 2026] A fire giant warrior tries to cleave YOU, but YOU dodge!
[Tue Aug 04 22:31:47 2026] You try to smite a fire giant warrior, but miss!
[Tue Aug 04 22:31:47 2026] You try to smite a fire giant warrior, but miss!
[Tue Aug 04 22:31:47 2026] A fire giant warrior pet tries to bash YOU, but misses!
[Tue Aug 04 22:31:47 2026] A fire giant warrior pet tries to bash YOU, but YOU dodge!
[Tue Aug 04 22:31:48 2026] A fire giant warrior pet tries to kick YOU, but misses!
[Tue Aug 04 22:31:48 2026] A fire giant warrior has taken 84 damage from your Blood Draw Strike.
[Tue Aug 04 22:31:48 2026] You healed Primitive for 84 hit points by Blood Draw Strike.
[Tue Aug 04 22:31:48 2026] King Tranix begins casting Cascading Darkness.
[Tue Aug 04 22:31:48 2026] A fire giant warrior pet tries to bite YOU, but misses!
[Tue Aug 04 22:31:49 2026] King Tranix pet tries to punch YOU, but misses!
[Tue Aug 04 22:31:49 2026] King Tranix pet tries to punch YOU, but YOU dodge!
[Tue Aug 04 22:31:49 2026] King Tranix pet tries to punch YOU, but misses!
[Tue Aug 04 22:31:49 2026] A fire giant warrior tries to hit YOU, but misses!
[Tue Aug 04 22:31:49 2026] The darkness fades.
[Tue Aug 04 22:31:49 2026] You are engulfed by darkness.
[Tue Aug 04 22:31:49 2026] King Tranix tries to hit YOU, but YOU dodge!
[Tue Aug 04 22:31:49 2026] A fire giant warrior tries to hit YOU, but misses!
[Tue Aug 04 22:31:50 2026] a fire giant warrior's limbs move slower!
[Tue Aug 04 22:31:50 2026] You gain a rune for 11 points of absorption.
[Tue Aug 04 22:31:50 2026] You slash a fire giant warrior for 79 points of damage. (Critical)
[Tue Aug 04 22:31:50 2026] King Tranix pet tries to bash YOU, but YOU riposte!
[Tue Aug 04 22:31:50 2026] You slash King Tranix pet for 148 points of damage. (Riposte)
[Tue Aug 04 22:31:50 2026] King Tranix pet tries to bash YOU, but misses!
[Tue Aug 04 22:31:50 2026] Your Djarn's Amethyst Ring (Exaltation) shimmers briefly.
[Tue Aug 04 22:31:50 2026] You begin casting Cure Disease.
[Tue Aug 04 22:31:50 2026] King Tranix pet tries to kick YOU, but YOU dodge!
[Tue Aug 04 22:31:50 2026] King Tranix pet tries to kick YOU, but misses!
[Tue Aug 04 22:31:50 2026] A fire giant warrior bashes YOU for 17 points of damage.
[Tue Aug 04 22:31:50 2026] You regain your concentration and continue your casting.
[Tue Aug 04 22:31:50 2026] You feel less drowsy.
[Tue Aug 04 22:31:50 2026] You are cured of Drowsy by Primitive.
[Tue Aug 04 22:31:50 2026] You have taken 125 damage from Ignite Blood by King Tranix.
[Tue Aug 04 22:31:50 2026] You have taken 72 damage from Cascading Darkness by King Tranix.
[Tue Aug 04 22:31:50 2026] You have taken 90 damage from Envenomed Breath by a fire giant warrior.
[Tue Aug 04 22:31:51 2026] A fire giant warrior pet tries to bite YOU, but misses!
[Tue Aug 04 22:31:51 2026] A fire giant warrior pet tries to bite YOU, but misses!
[Tue Aug 04 22:31:51 2026] King Tranix tries to hit YOU, but YOU dodge!
[Tue Aug 04 22:31:51 2026] King Tranix tries to hit YOU, but YOU dodge!
[Tue Aug 04 22:31:51 2026] You slash a fire giant warrior for 72 points of damage.
[Tue Aug 04 22:31:51 2026] You gain a rune for 11 points of absorption.
[Tue Aug 04 22:31:51 2026] You slash a fire giant warrior for 79 points of damage. (Critical)
[Tue Aug 04 22:31:51 2026] King Tranix pet tries to punch YOU, but misses!
[Tue Aug 04 22:31:51 2026] King Tranix pet tries to punch YOU, but misses!
[Tue Aug 04 22:31:52 2026] A fire giant warrior tries to kick YOU, but misses!
[Tue Aug 04 22:31:52 2026] A fire giant warrior tries to kick YOU, but misses!
[Tue Aug 04 22:31:52 2026] A fire giant warrior begins casting Malaria.
[Tue Aug 04 22:31:52 2026] You cough and choke.
[Tue Aug 04 22:31:53 2026] You try to pierce a fire giant warrior, but miss!
[Tue Aug 04 22:31:53 2026] A fire giant warrior tries to hit YOU, but misses!
[Tue Aug 04 22:31:53 2026] A fire giant warrior tries to hit YOU, but YOU dodge!
[Tue Aug 04 22:31:53 2026] You bash a fire giant warrior for 17 points of damage.
[Tue Aug 04 22:31:53 2026] You bash a fire giant warrior for 69 points of damage.
[Tue Aug 04 22:31:53 2026] You kick a fire giant warrior for 18 points of damage.
[Tue Aug 04 22:31:53 2026] You try to slash a fire giant warrior, but miss!
[Tue Aug 04 22:31:53 2026] You gain a rune for 13 points of absorption.
[Tue Aug 04 22:31:53 2026] You slash a fire giant warrior for 91 points of damage. (Critical)
[Tue Aug 04 22:31:53 2026] A fire giant warrior pet tries to bite YOU, but YOU dodge!
[Tue Aug 04 22:31:53 2026] King Tranix tries to hit YOU, but YOU dodge!
[Tue Aug 04 22:31:53 2026] King Tranix tries to hit YOU, but YOU dodge!
[Tue Aug 04 22:31:53 2026] A fire giant warrior tries to hit YOU, but YOU dodge!
[Tue Aug 04 22:31:53 2026] A fire giant warrior tries to hit YOU, but YOU dodge!
[Tue Aug 04 22:31:53 2026] Your Djarn's Amethyst Ring (Exaltation) shimmers briefly.
[Tue Aug 04 22:31:53 2026] You begin casting Superior Healing IV.
[Tue Aug 04 22:31:53 2026] You can't use that command right now...
[Tue Aug 04 22:31:53 2026] You can't use that command right now...
[Tue Aug 04 22:31:54 2026] A fire giant warrior has taken 84 damage from your Blood Draw Strike.
[Tue Aug 04 22:31:54 2026] You healed Primitive for 84 hit points by Blood Draw Strike.
[Tue Aug 04 22:31:54 2026] A fire giant warrior tries to bash YOU, but misses!
[Tue Aug 04 22:31:54 2026] You can't use that command right now...
[Tue Aug 04 22:31:54 2026] King Tranix pet tries to punch YOU, but misses!
[Tue Aug 04 22:31:54 2026] Your Idol of the Underking (Exaltation) feels alive with power.
[Tue Aug 04 22:31:54 2026] You feel much better.
[Tue Aug 04 22:31:54 2026] You healed Primitive for 805 hit points by Superior Healing.
[Tue Aug 04 22:31:54 2026] A fire giant warrior pet tries to bash YOU, but YOU dodge!
[Tue Aug 04 22:31:54 2026] A fire giant warrior pet tries to bash YOU, but YOUR magical skin absorbs the blow!
[Tue Aug 04 22:31:54 2026] You try to pierce a fire giant warrior, but a fire giant warrior dodges!
[Tue Aug 04 22:31:54 2026] A fire giant warrior tries to hit YOU, but YOU dodge!
[Tue Aug 04 22:31:54 2026] You try to slash a fire giant warrior, but miss!
[Tue Aug 04 22:31:54 2026] A fire giant warrior pet tries to kick YOU, but misses!
[Tue Aug 04 22:31:54 2026] A fire giant warrior pet tries to kick YOU, but YOU dodge!
[Tue Aug 04 22:31:55 2026] A fire giant warrior tries to kick YOU, but YOU dodge!
[Tue Aug 04 22:31:55 2026] A fire giant warrior tries to kick YOU, but YOU dodge!
[Tue Aug 04 22:31:55 2026] King Tranix tries to hit YOU, but YOU block!
[Tue Aug 04 22:31:55 2026] King Tranix tries to hit YOU, but misses!
[Tue Aug 04 22:31:55 2026] A fire giant warrior pet tries to bite YOU, but YOU dodge!
[Tue Aug 04 22:31:55 2026] A fire giant warrior pet tries to bite YOU, but YOU block!
[Tue Aug 04 22:31:55 2026] A fire giant warrior pet tries to bite YOU, but YOU block!
[Tue Aug 04 22:31:55 2026] A fire giant warrior pet begins casting Sicken.
[Tue Aug 04 22:31:55 2026] King Tranix begins casting Paralyzing Earth.
[Tue Aug 04 22:31:55 2026] A fire giant warrior begins casting Frost Shard.
[Tue Aug 04 22:31:56 2026] You try to slash a fire giant warrior, but miss!
[Tue Aug 04 22:31:56 2026] You try to pierce a fire giant warrior, but miss!
[Tue Aug 04 22:31:56 2026] You pierce a fire giant warrior for 20 points of damage.
[Tue Aug 04 22:31:56 2026] You are stunned!
[Tue Aug 04 22:31:56 2026] a fire giant warrior hit you for 322 points of cold damage by Frost Shard.
[Tue Aug 04 22:31:56 2026] You stagger as a frost shard slams against you.
[Tue Aug 04 22:31:56 2026] King Tranix pet tries to punch YOU, but misses!
[Tue Aug 04 22:31:56 2026] King Tranix pet tries to punch YOU, but YOU dodge!
[Tue Aug 04 22:31:56 2026] A fire giant warrior tries to hit YOU, but misses!
[Tue Aug 04 22:31:56 2026] A fire giant warrior tries to hit YOU, but misses!
[Tue Aug 04 22:31:57 2026] You have taken 125 damage from Ignite Blood by King Tranix.
[Tue Aug 04 22:31:57 2026] You have taken 72 damage from Malaria by a fire giant warrior.
[Tue Aug 04 22:31:57 2026] You have taken 72 damage from Cascading Darkness by King Tranix.
[Tue Aug 04 22:31:57 2026] You have taken 90 damage from Envenomed Breath by a fire giant warrior.
[Tue Aug 04 22:31:57 2026] King Tranix pet tries to bash YOU, but YOU dodge!
[Tue Aug 04 22:31:57 2026] You are no longer stunned.
[Tue Aug 04 22:31:57 2026] A fire giant warrior tries to hit YOU, but misses!
[Tue Aug 04 22:31:57 2026] A fire giant warrior tries to cleave YOU, but misses!
[Tue Aug 04 22:31:57 2026] King Tranix pet tries to kick YOU, but YOU dodge!
[Tue Aug 04 22:31:57 2026] Your feet adhere to the ground.
[Tue Aug 04 22:31:57 2026] You can't use that command right now...
[Tue Aug 04 22:31:58 2026] Your Djarn's Amethyst Ring (Exaltation) shimmers briefly.
[Tue Aug 04 22:31:58 2026] You begin casting Superior Healing IV.
[Tue Aug 04 22:31:58 2026] You can't use that command right now...
[Tue Aug 04 22:31:58 2026] King Tranix tries to hit YOU, but YOU dodge!
[Tue Aug 04 22:31:58 2026] You can't use that command right now...
[Tue Aug 04 22:31:58 2026] You can't use that command right now...
[Tue Aug 04 22:31:58 2026] You resist a fire giant warrior pet's Sicken!
[Tue Aug 04 22:31:58 2026] A fire giant warrior pet tries to bite YOU, but YOU dodge!
[Tue Aug 04 22:31:58 2026] A fire giant warrior pet tries to bite YOU, but misses!
[Tue Aug 04 22:31:58 2026] You can't use that command right now...
[Tue Aug 04 22:31:58 2026] You regain your concentration and continue your casting.
[Tue Aug 04 22:31:58 2026] Your Idol of the Underking (Exaltation) feels alive with power.
[Tue Aug 04 22:31:58 2026] You feel much better.
[Tue Aug 04 22:31:58 2026] You healed Primitive for 812 hit points by Superior Healing.
[Tue Aug 04 22:31:58 2026] Your target is immune to the stun portion of this effect.
[Tue Aug 04 22:31:58 2026] a fire giant warrior begins to sway!
[Tue Aug 04 22:31:58 2026] You pierce a fire giant warrior for 12 points of damage.
[Tue Aug 04 22:31:58 2026] You gain a rune for 12 points of absorption.
[Tue Aug 04 22:31:58 2026] You pierce a fire giant warrior for 81 points of damage. (Critical)
[Tue Aug 04 22:31:58 2026] a fire giant warrior's limbs move slower!
[Tue Aug 04 22:31:58 2026] You slash a fire giant warrior for 33 points of damage.
[Tue Aug 04 22:31:59 2026] You bash a fire giant warrior for 19 points of damage.
[Tue Aug 04 22:31:59 2026] You kick a fire giant warrior for 36 points of damage.
[Tue Aug 04 22:31:59 2026] A fire giant warrior tries to cleave YOU, but YOU dodge!
[Tue Aug 04 22:31:59 2026] King Tranix pet tries to punch YOU, but misses!
[Tue Aug 04 22:31:59 2026] King Tranix pet tries to punch YOU, but YOU dodge!
[Tue Aug 04 22:31:59 2026] King Tranix pet tries to punch YOU, but YOU dodge!
[Tue Aug 04 22:31:59 2026] You hit a fire giant warrior for 84 points of poison damage by Cobra Venom Strike.
[Tue Aug 04 22:31:59 2026] A fire giant warrior screams as poison burns their veins!
[Tue Aug 04 22:31:59 2026] A fire giant warrior tries to hit YOU, but YOU dodge!
[Tue Aug 04 22:31:59 2026] You slash a fire giant warrior for 43 points of damage.
[Tue Aug 04 22:31:59 2026] You backstab a fire giant warrior for 263 points of damage.
[Tue Aug 04 22:31:59 2026] You backstab a fire giant warrior for 51 points of damage.
[Tue Aug 04 22:31:59 2026] You try to pierce a fire giant warrior, but miss!
[Tue Aug 04 22:31:59 2026] You pierce a fire giant warrior for 63 points of damage.
[Tue Aug 04 22:32:00 2026] A fire giant warrior has taken 84 damage from your Blood Draw Strike.
[Tue Aug 04 22:32:00 2026] You healed Primitive for 84 hit points by Blood Draw Strike.
[Tue Aug 04 22:32:00 2026] A fire giant warrior begins casting Drowsy.
[Tue Aug 04 22:32:00 2026] A fire giant warrior tries to hit YOU, but misses!
[Tue Aug 04 22:32:00 2026] A fire giant warrior tries to hit YOU, but misses!
[Tue Aug 04 22:32:00 2026] King Tranix tries to hit YOU, but YOU dodge!
[Tue Aug 04 22:32:00 2026] King Tranix tries to hit YOU, but misses!
[Tue Aug 04 22:32:00 2026] A fire giant warrior pet tries to bite YOU, but YOU dodge!
[Tue Aug 04 22:32:00 2026] A fire giant warrior tries to bash YOU, but misses!
[Tue Aug 04 22:32:01 2026] You try to slash King Tranix, but miss!
[Tue Aug 04 22:32:01 2026] You slash King Tranix for 53 points of damage.
[Tue Aug 04 22:32:01 2026] You pierce King Tranix for 27 points of damage.
[Tue Aug 04 22:32:01 2026] You pierce King Tranix for 30 points of damage.
[Tue Aug 04 22:32:01 2026] King Tranix pet tries to punch YOU, but misses!
[Tue Aug 04 22:32:01 2026] King Tranix pet tries to punch YOU, but misses!
[Tue Aug 04 22:32:01 2026] King Tranix pet tries to punch YOU, but YOU dodge!
[Tue Aug 04 22:32:01 2026] A fire giant warrior pet tries to bash YOU, but misses!
[Tue Aug 04 22:32:01 2026] You can't use that command right now...
[Tue Aug 04 22:32:01 2026] Your Djarn's Amethyst Ring (Exaltation) shimmers briefly.
[Tue Aug 04 22:32:01 2026] You begin casting Superior Healing IV.
[Tue Aug 04 22:32:01 2026] A fire giant warrior tries to kick YOU, but misses!
[Tue Aug 04 22:32:01 2026] A fire giant warrior tries to kick YOU, but misses!
[Tue Aug 04 22:32:02 2026] You can't use that command right now...
[Tue Aug 04 22:32:02 2026] A fire giant warrior pet tries to kick YOU, but misses!
[Tue Aug 04 22:32:02 2026] A fire giant warrior pet tries to kick YOU, but misses!
[Tue Aug 04 22:32:02 2026] You can't use that command right now...
[Tue Aug 04 22:32:02 2026] You feel drowsy.
[Tue Aug 04 22:32:02 2026] A fire giant warrior hits YOU for 24 points of damage.
[Tue Aug 04 22:32:02 2026] A fire giant warrior tries to hit YOU, but YOU dodge!
[Tue Aug 04 22:32:02 2026] You regain your concentration and continue your casting.
[Tue Aug 04 22:32:02 2026] Your Idol of the Underking (Exaltation) feels alive with power.
[Tue Aug 04 22:32:02 2026] You feel much better.
[Tue Aug 04 22:32:02 2026] You healed Primitive for 870 hit points by Superior Healing.
[Tue Aug 04 22:32:03 2026] You have taken 125 damage from Ignite Blood by King Tranix.
[Tue Aug 04 22:32:03 2026] You have taken 72 damage from Malaria by a fire giant warrior.
[Tue Aug 04 22:32:03 2026] Your feet come free.
[Tue Aug 04 22:32:03 2026] You have taken 72 damage from Cascading Darkness by King Tranix.
[Tue Aug 04 22:32:03 2026] You have taken 90 damage from Envenomed Breath by a fire giant warrior.
[Tue Aug 04 22:32:03 2026] King Tranix hits YOU for 50 points of damage.
[Tue Aug 04 22:32:03 2026] King Tranix tries to hit YOU, but misses!
[Tue Aug 04 22:32:03 2026] A fire giant warrior pet tries to bite YOU, but YOU dodge!
[Tue Aug 04 22:32:03 2026] King Tranix pet tries to punch YOU, but YOU dodge!
[Tue Aug 04 22:32:03 2026] King Tranix pet tries to punch YOU, but YOU dodge!
[Tue Aug 04 22:32:03 2026] King Tranix pet tries to punch YOU, but misses!
[Tue Aug 04 22:32:03 2026] King Tranix pet tries to punch YOU, but YOU dodge!
[Tue Aug 04 22:32:03 2026] King Tranix begins casting Paralyzing Earth.
[Tue Aug 04 22:32:03 2026] You try to kick King Tranix, but miss!
[Tue Aug 04 22:32:03 2026] You try to kick King Tranix, but miss!
[Tue Aug 04 22:32:03 2026] You try to bash King Tranix, but miss!
[Tue Aug 04 22:32:03 2026] You bash King Tranix for 102 points of damage.
[Tue Aug 04 22:32:03 2026] A fire giant warrior tries to bash YOU, but misses!
[Tue Aug 04 22:32:03 2026] A fire giant warrior tries to bash YOU, but misses!
[Tue Aug 04 22:32:04 2026] King Tranix pet bashes YOU for 16 points of damage.
[Tue Aug 04 22:32:04 2026] King Tranix pet tries to bash YOU, but YOU dodge!
[Tue Aug 04 22:32:04 2026] A fire giant warrior tries to hit YOU, but YOU dodge!
[Tue Aug 04 22:32:04 2026] You slash King Tranix for 100 points of damage.
[Tue Aug 04 22:32:04 2026] You slash King Tranix for 44 points of damage.
[Tue Aug 04 22:32:04 2026] You try to slash King Tranix, but miss!
[Tue Aug 04 22:32:04 2026] A fire giant warrior tries to hit YOU, but YOU dodge!
[Tue Aug 04 22:32:04 2026] A fire giant warrior tries to hit YOU, but YOU dodge!
[Tue Aug 04 22:32:05 2026] King Tranix pet tries to kick YOU, but YOU dodge!
[Tue Aug 04 22:32:05 2026] King Tranix pet tries to kick YOU, but YOU dodge!
[Tue Aug 04 22:32:05 2026] A fire giant warrior tries to kick YOU, but misses!
[Tue Aug 04 22:32:05 2026] A fire giant warrior pet tries to bite YOU, but YOU block!
[Tue Aug 04 22:32:05 2026] A fire giant warrior pet tries to bite YOU, but misses!
[Tue Aug 04 22:32:05 2026] A fire giant warrior pet tries to bite YOU, but YOU parry!
[Tue Aug 04 22:32:05 2026] You resist King Tranix's Paralyzing Earth!
[Tue Aug 04 22:32:05 2026] King Tranix tries to hit YOU, but YOU riposte!
[Tue Aug 04 22:32:05 2026] You slash King Tranix for 44 points of damage. (Riposte)
[Tue Aug 04 22:32:05 2026] King Tranix tries to hit YOU, but misses!
[Tue Aug 04 22:32:05 2026] You frenzy on King Tranix for 18 points of damage.
[Tue Aug 04 22:32:05 2026] You frenzy on King Tranix for 54 points of damage.
[Tue Aug 04 22:32:05 2026] You frenzy on King Tranix for 64 points of damage.
[Tue Aug 04 22:32:05 2026] You frenzy on King Tranix for 35 points of damage.
[Tue Aug 04 22:32:05 2026] You frenzy on King Tranix for 25 points of damage.
[Tue Aug 04 22:32:05 2026] You frenzy on King Tranix for 12 points of damage.
[Tue Aug 04 22:32:06 2026] A fire giant warrior has taken 84 damage from your Blood Draw Strike.
[Tue Aug 04 22:32:06 2026] You healed Primitive for 84 hit points by Blood Draw Strike.
[Tue Aug 04 22:32:06 2026] You gain a rune for 21 points of absorption.
[Tue Aug 04 22:32:06 2026] You backstab King Tranix for 141 points of damage. (Critical)
[Tue Aug 04 22:32:06 2026] Your Djarn's Amethyst Ring (Exaltation) shimmers briefly.
[Tue Aug 04 22:32:06 2026] You begin casting Cure Disease.
[Tue Aug 04 22:32:06 2026] King Tranix pet tries to punch YOU, but misses!
[Tue Aug 04 22:32:06 2026] You are cured of Malaria by Primitive.
[Tue Aug 04 22:32:07 2026] You try to smite King Tranix, but miss!
[Tue Aug 04 22:32:07 2026] You try to smite King Tranix, but miss!
[Tue Aug 04 22:32:07 2026] You try to smite King Tranix, but miss!
[Tue Aug 04 22:32:07 2026] The poison has run its course.
[Tue Aug 04 22:32:07 2026] King Tranix tries to hit YOU, but misses!
[Tue Aug 04 22:32:07 2026] You hit King Tranix for 49 points of poison damage by Blood Draw Strike.
[Tue Aug 04 22:32:07 2026] King Tranix begins to bleed profusely!
[Tue Aug 04 22:32:07 2026] You slash King Tranix for 57 points of damage.
[Tue Aug 04 22:32:08 2026] King Tranix begins casting Paralyzing Earth.
[Tue Aug 04 22:32:08 2026] A fire giant warrior tries to hit YOU, but misses!
[Tue Aug 04 22:32:08 2026] A fire giant warrior tries to hit YOU, but misses!
[Tue Aug 04 22:32:08 2026] A fire giant warrior pet tries to bite YOU, but YOU dodge!
[Tue Aug 04 22:32:08 2026] A fire giant warrior pet tries to bite YOU, but misses!
[Tue Aug 04 22:32:08 2026] You pierce King Tranix for 4 points of damage.
[Tue Aug 04 22:32:08 2026] You pierce King Tranix for 23 points of damage.
[Tue Aug 04 22:32:08 2026] A fire giant warrior tries to hit YOU, but misses!
[Tue Aug 04 22:32:08 2026] A fire giant warrior tries to hit YOU, but YOU dodge!
[Tue Aug 04 22:32:08 2026] King Tranix pet tries to punch YOU, but misses!
[Tue Aug 04 22:32:08 2026] King Tranix pet tries to punch YOU, but misses!
[Tue Aug 04 22:32:08 2026] King Tranix pet tries to punch YOU, but misses!
[Tue Aug 04 22:32:09 2026] A fire giant warrior pet tries to bash YOU, but YOU dodge!
[Tue Aug 04 22:32:09 2026] You have taken 125 damage from Ignite Blood by King Tranix.
[Tue Aug 04 22:32:09 2026] You have taken 72 damage from Cascading Darkness by King Tranix.
[Tue Aug 04 22:32:09 2026] You have taken 90 damage from Envenomed Breath by a fire giant warrior.
[Tue Aug 04 22:32:09 2026] A fire giant warrior pet tries to kick YOU, but YOU dodge!
[Tue Aug 04 22:32:09 2026] You begin to change your stance.
[Tue Aug 04 22:32:09 2026] You assume a defensive stance.
[Tue Aug 04 22:32:09 2026] You resist King Tranix's Paralyzing Earth!
[Tue Aug 04 22:32:10 2026] King Tranix hits YOU for 55 points of damage.
[Tue Aug 04 22:32:10 2026] A fire giant warrior pet bites YOU for 28 points of damage.
[Tue Aug 04 22:32:10 2026] A fire giant warrior tries to bash YOU, but YOU block!
[Tue Aug 04 22:32:11 2026] King Tranix pet tries to bash YOU, but misses!
[Tue Aug 04 22:32:11 2026] King Tranix pet tries to bash YOU, but misses!
[Tue Aug 04 22:32:11 2026] You gain a rune for 11 points of absorption.
[Tue Aug 04 22:32:11 2026] You slash King Tranix for 79 points of damage. (Critical)
[Tue Aug 04 22:32:11 2026] You slash King Tranix for 17 points of damage.
[Tue Aug 04 22:32:11 2026] King Tranix pet tries to punch YOU, but YOUR magical skin absorbs the blow!
[Tue Aug 04 22:32:11 2026] You can't use that command right now...
[Tue Aug 04 22:32:11 2026] Your Djarn's Amethyst Ring (Exaltation) shimmers briefly.
[Tue Aug 04 22:32:11 2026] You begin casting Superior Healing IV.
[Tue Aug 04 22:32:11 2026] You can't use that command right now...
[Tue Aug 04 22:32:11 2026] A fire giant warrior tries to hit YOU, but misses!
[Tue Aug 04 22:32:12 2026] King Tranix begins casting Paralyzing Earth.
[Tue Aug 04 22:32:12 2026] A fire giant warrior tries to kick YOU, but misses!
[Tue Aug 04 22:32:12 2026] A fire giant warrior has taken 84 damage from your Blood Draw Strike.
[Tue Aug 04 22:32:12 2026] You healed Primitive for 84 hit points by Blood Draw Strike.
[Tue Aug 04 22:32:12 2026] King Tranix pet kicks YOU for 8 points of damage.
[Tue Aug 04 22:32:12 2026] King Tranix pet kicks YOU for 9 points of damage.
[Tue Aug 04 22:32:12 2026] A fire giant warrior hits YOU for 47 points of damage.
[Tue Aug 04 22:32:12 2026] You regain your concentration and continue your casting.
[Tue Aug 04 22:32:12 2026] Your Idol of the Underking (Exaltation) feels alive with power.
[Tue Aug 04 22:32:12 2026] You feel much better.
[Tue Aug 04 22:32:12 2026] You healed Primitive for 863 hit points by Superior Healing.
[Tue Aug 04 22:32:12 2026] Your target is immune to the stun portion of this effect.
[Tue Aug 04 22:32:12 2026] King Tranix begins to sway!
[Tue Aug 04 22:32:12 2026] King Tranix has taken 84 damage from your Blood Draw Strike.
[Tue Aug 04 22:32:12 2026] You healed Primitive for 84 hit points by Blood Draw Strike.
[Tue Aug 04 22:32:12 2026] A fire giant warrior cleaves YOU for 17 points of damage.
[Tue Aug 04 22:32:13 2026] A fire giant warrior pet bites YOU for 5 points of damage.
[Tue Aug 04 22:32:13 2026] A fire giant warrior pet tries to bite YOU, but misses!
[Tue Aug 04 22:32:13 2026] King Tranix pet tries to punch YOU, but misses!
[Tue Aug 04 22:32:13 2026] King Tranix pet punches YOU for 13 points of damage.
[Tue Aug 04 22:32:13 2026] King Tranix pet tries to punch YOU, but misses!
[Tue Aug 04 22:32:13 2026] Your feet adhere to the ground.
[Tue Aug 04 22:32:13 2026] King Tranix tries to hit YOU, but YOU block!
[Tue Aug 04 22:32:14 2026] A fire giant warrior tries to cleave YOU, but misses!
[Tue Aug 04 22:32:14 2026] A fire giant warrior bashes YOU for 13 points of damage.
[Tue Aug 04 22:32:14 2026] You try to kick King Tranix, but miss!
[Tue Aug 04 22:32:14 2026] You slash King Tranix for 68 points of damage.
[Tue Aug 04 22:32:14 2026] You gain a rune for 11 points of absorption.
[Tue Aug 04 22:32:14 2026] You slash King Tranix for 79 points of damage. (Critical)
[Tue Aug 04 22:32:14 2026] You bash King Tranix for 66 points of damage.
[Tue Aug 04 22:32:14 2026] You bash King Tranix for 3 points of damage.
[Tue Aug 04 22:32:15 2026] King Tranix tries to hit YOU, but misses!
[Tue Aug 04 22:32:15 2026] King Tranix tries to hit YOU, but misses!
[Tue Aug 04 22:32:15 2026] The spores expire.
[Tue Aug 04 22:32:15 2026] You have taken 125 damage from Ignite Blood by King Tranix.
[Tue Aug 04 22:32:15 2026] You have taken 72 damage from Cascading Darkness by King Tranix.
[Tue Aug 04 22:32:15 2026] A fire giant warrior tries to kick YOU, but YOU block!
[Tue Aug 04 22:32:15 2026] A fire giant warrior kicks YOU for 13 points of damage.
[Tue Aug 04 22:32:15 2026] You pierce King Tranix for 64 points of damage.
[Tue Aug 04 22:32:15 2026] A fire giant warrior pet tries to bite YOU, but YOU block!
[Tue Aug 04 22:32:15 2026] A fire giant warrior pet bites YOU for 23 points of damage.
[Tue Aug 04 22:32:15 2026] A fire giant warrior hits YOU for 17 points of damage.
[Tue Aug 04 22:32:15 2026] Your Djarn's Amethyst Ring (Exaltation) shimmers briefly.
[Tue Aug 04 22:32:15 2026] You begin casting Cure Disease.
[Tue Aug 04 22:32:16 2026] A fire giant warrior pet tries to bash YOU, but misses!
[Tue Aug 04 22:32:16 2026] A fire giant warrior pet tries to bash YOU, but misses!
[Tue Aug 04 22:32:16 2026] King Tranix begins casting Life Leech.
[Tue Aug 04 22:32:16 2026] A fire giant warrior begins casting Envenomed Breath.
[Tue Aug 04 22:32:16 2026] King Tranix pet tries to punch YOU, but YOU dodge!
[Tue Aug 04 22:32:16 2026] King Tranix pet punches YOU for 9 points of damage.
[Tue Aug 04 22:32:16 2026] You regain your concentration and continue your casting.
[Tue Aug 04 22:32:16 2026] You feel less drowsy.
[Tue Aug 04 22:32:16 2026] You are cured of Drowsy by Primitive.
[Tue Aug 04 22:32:16 2026] You gain a rune for 11 points of absorption.
[Tue Aug 04 22:32:16 2026] You slash King Tranix for 79 points of damage. (Critical)
[Tue Aug 04 22:32:16 2026] King Tranix regains concentration and continues casting.
[Tue Aug 04 22:32:16 2026] King Tranix hit you for 219 points of magic damage by Life Leech.
[Tue Aug 04 22:32:16 2026] You feel your life force drain away.
[Tue Aug 04 22:32:16 2026] King Tranix healed itself for 219 hit points by Life Leech.
[Tue Aug 04 22:32:16 2026] A fire giant warrior pet kicks YOU for 9 points of damage.
[Tue Aug 04 22:32:17 2026] King Tranix tries to hit YOU, but YOU block!
[Tue Aug 04 22:32:17 2026] You hit King Tranix for 49 points of poison damage by Blood Draw Strike.
[Tue Aug 04 22:32:17 2026] King Tranix begins to bleed profusely!
[Tue Aug 04 22:32:17 2026] You try to slash King Tranix, but miss!
[Tue Aug 04 22:32:17 2026] You slash King Tranix for 135 points of damage.
[Tue Aug 04 22:32:17 2026] You slash King Tranix for 118 points of damage.
[Tue Aug 04 22:32:17 2026] A fire giant warrior pet bites YOU for 23 points of damage.
[Tue Aug 04 22:32:17 2026] A fire giant warrior pet tries to bite YOU, but misses!
[Tue Aug 04 22:32:17 2026] A fire giant warrior pet tries to bite YOU, but misses!
[Tue Aug 04 22:32:18 2026] A fire giant warrior has taken 84 damage from your Blood Draw Strike.
[Tue Aug 04 22:32:18 2026] You healed Primitive for 84 hit points by Blood Draw Strike.
[Tue Aug 04 22:32:18 2026] King Tranix pet tries to bash YOU, but misses!
[Tue Aug 04 22:32:18 2026] King Tranix pet tries to bash YOU, but misses!
[Tue Aug 04 22:32:18 2026] King Tranix pet punches YOU for 14 points of damage.
[Tue Aug 04 22:32:18 2026] King Tranix pet tries to punch YOU, but YOU parry!
[Tue Aug 04 22:32:18 2026] King Tranix pet punches YOU for 14 points of damage.
[Tue Aug 04 22:32:18 2026] King Tranix pet tries to punch YOU, but misses!
[Tue Aug 04 22:32:18 2026] You try to pierce King Tranix, but miss!
[Tue Aug 04 22:32:18 2026] You try to pierce King Tranix, but miss!
[Tue Aug 04 22:32:18 2026] King Tranix has taken 84 damage from your Blood Draw Strike.
[Tue Aug 04 22:32:18 2026] You healed Primitive for 84 hit points by Blood Draw Strike.
[Tue Aug 04 22:32:19 2026] a fire giant warrior hit you for 19 points of poison damage by Envenomed Breath.
[Tue Aug 04 22:32:19 2026] You have been poisoned.
[Tue Aug 04 22:32:19 2026] A fire giant warrior tries to hit YOU, but misses!
[Tue Aug 04 22:32:19 2026] You backstab King Tranix for 51 points of damage.
[Tue Aug 04 22:32:19 2026] King Tranix pet tries to kick YOU, but misses!
[Tue Aug 04 22:32:19 2026] King Tranix pet tries to kick YOU, but misses!
[Tue Aug 04 22:32:19 2026] A fire giant warrior hits YOU for 17 points of damage.
[Tue Aug 04 22:32:19 2026] A fire giant warrior hits YOU for 55 points of damage.
[Tue Aug 04 22:32:19 2026] You slash King Tranix for 37 points of damage.
[Tue Aug 04 22:32:19 2026] A fire giant warrior hits YOU for 80 points of damage.
[Tue Aug 04 22:32:19 2026] King Tranix tries to hit YOU, but misses!
[Tue Aug 04 22:32:19 2026] King Tranix tries to hit YOU, but misses!
[Tue Aug 04 22:32:19 2026] A fire giant warrior begins casting Malaria.
[Tue Aug 04 22:32:19 2026] You cough and choke.
[Tue Aug 04 22:32:20 2026] Your Djarn's Amethyst Ring (Exaltation) shimmers briefly.
[Tue Aug 04 22:32:20 2026] You begin casting Cure Disease.
[Tue Aug 04 22:32:20 2026] A fire giant warrior pet bites YOU for 6 points of damage.
[Tue Aug 04 22:32:20 2026] You regain your concentration and continue your casting.
[Tue Aug 04 22:32:20 2026] You are cured of Malaria by Primitive.
[Tue Aug 04 22:32:20 2026] You pierce King Tranix for 11 points of damage.
[Tue Aug 04 22:32:20 2026] You pierce King Tranix for 30 points of damage.
[Tue Aug 04 22:32:20 2026] A fire giant warrior tries to bash YOU, but YOU parry!
[Tue Aug 04 22:32:20 2026] A fire giant warrior bashes YOU for 13 points of damage.
[Tue Aug 04 22:32:20 2026] You try to slash King Tranix, but miss!
[Tue Aug 04 22:32:20 2026] You try to slash King Tranix, but miss!
[Tue Aug 04 22:32:20 2026] You try to slash King Tranix, but miss!
[Tue Aug 04 22:32:21 2026] King Tranix pet tries to punch YOU, but misses!
[Tue Aug 04 22:32:21 2026] King Tranix pet tries to punch YOU, but YOU parry!
[Tue Aug 04 22:32:21 2026] You have taken 90 damage from Envenomed Breath by a fire giant warrior.
[Tue Aug 04 22:32:21 2026] You have taken 125 damage from Ignite Blood by King Tranix.
[Tue Aug 04 22:32:21 2026] Your feet come free.
[Tue Aug 04 22:32:21 2026] You have taken 72 damage from Cascading Darkness by King Tranix.
[Tue Aug 04 22:32:22 2026] You try to pierce King Tranix, but miss!
[Tue Aug 04 22:32:22 2026] King Tranix tries to hit YOU, but misses!
[Tue Aug 04 22:32:22 2026] King Tranix tries to hit YOU, but misses!
[Tue Aug 04 22:32:22 2026] A fire giant warrior kicks YOU for 24 points of damage.
[Tue Aug 04 22:32:22 2026] You slash King Tranix for 72 points of damage.
[Tue Aug 04 22:32:22 2026] A fire giant warrior pet bites YOU for 11 points of damage.
[Tue Aug 04 22:32:22 2026] A fire giant warrior pet bites YOU for 23 points of damage.
[Tue Aug 04 22:32:22 2026] A fire giant warrior tries to hit YOU, but misses!
[Tue Aug 04 22:32:23 2026] A fire giant warrior pet tries to bash YOU, but misses!
[Tue Aug 04 22:32:23 2026] A fire giant warrior pet tries to bash YOU, but misses!
[Tue Aug 04 22:32:23 2026] King Tranix pet tries to punch YOU, but misses!
[Tue Aug 04 22:32:23 2026] A fire giant warrior tries to hit YOU, but misses!
[Tue Aug 04 22:32:23 2026] You can't use that command right now...
[Tue Aug 04 22:32:23 2026] A fire giant warrior pet tries to kick YOU, but YOU riposte!
[Tue Aug 04 22:32:23 2026] You try to slash a fire giant warrior pet, but a fire giant warrior pet parries!
[Tue Aug 04 22:32:23 2026] You try to slash a fire giant warrior pet, but miss! (Riposte)
[Tue Aug 04 22:32:23 2026] A fire giant warrior pet kicks YOU for 5 points of damage.
[Tue Aug 04 22:32:23 2026] Your Djarn's Amethyst Ring (Exaltation) shimmers briefly.
[Tue Aug 04 22:32:23 2026] You begin casting Superior Healing IV.
[Tue Aug 04 22:32:23 2026] You can't use that command right now...
[Tue Aug 04 22:32:24 2026] You can't use that command right now...
[Tue Aug 04 22:32:24 2026] A fire giant warrior pet begins casting Greater Healing.
[Tue Aug 04 22:32:24 2026] A fire giant warrior has taken 84 damage from your Blood Draw Strike.
[Tue Aug 04 22:32:24 2026] You healed Primitive for 84 hit points by Blood Draw Strike.
[Tue Aug 04 22:32:24 2026] A fire giant warrior tries to bash YOU, but misses!
[Tue Aug 04 22:32:24 2026] You can't use that command right now...
[Tue Aug 04 22:32:24 2026] You can't use that command right now...
[Tue Aug 04 22:32:24 2026] You regain your concentration and continue your casting.
[Tue Aug 04 22:32:24 2026] Your Idol of the Underking (Exaltation) feels alive with power.
[Tue Aug 04 22:32:24 2026] You feel much better.
[Tue Aug 04 22:32:24 2026] You healed Primitive for 1741 hit points by Superior Healing. (Critical)
[Tue Aug 04 22:32:24 2026] You try to slash King Tranix, but miss!
[Tue Aug 04 22:32:24 2026] King Tranix has taken 84 damage from your Blood Draw Strike.
[Tue Aug 04 22:32:24 2026] You healed Primitive for 84 hit points by Blood Draw Strike.
[Tue Aug 04 22:32:24 2026] King Tranix tries to hit YOU, but YOU dodge!
[Tue Aug 04 22:32:25 2026] You kick King Tranix for 24 points of damage.
[Tue Aug 04 22:32:25 2026] You try to bash King Tranix, but King Tranix blocks!
[Tue Aug 04 22:32:25 2026] You try to bash King Tranix, but miss!
[Tue Aug 04 22:32:25 2026] A fire giant warrior kicks YOU for 28 points of damage.
[Tue Aug 04 22:32:25 2026] A fire giant warrior kicks YOU for 33 points of damage.
[Tue Aug 04 22:32:25 2026] You try to pierce King Tranix, but miss!
[Tue Aug 04 22:32:25 2026] You pierce King Tranix for 39 points of damage.
[Tue Aug 04 22:32:25 2026] You try to frenzy on King Tranix, but miss!
[Tue Aug 04 22:32:25 2026] You try to frenzy on King Tranix, but miss!
[Tue Aug 04 22:32:25 2026] You try to frenzy on King Tranix, but miss!
[Tue Aug 04 22:32:25 2026] You try to frenzy on King Tranix, but miss!
[Tue Aug 04 22:32:25 2026] You try to frenzy on King Tranix, but miss!
[Tue Aug 04 22:32:25 2026] King Tranix pet bashes YOU for 8 points of damage.
[Tue Aug 04 22:32:25 2026] You feel your life force drain away.
[Tue Aug 04 22:32:25 2026] King Tranix pet healed itself for 47 hit points by Specter Lifetap.
[Tue Aug 04 22:32:25 2026] King Tranix pet tries to bash YOU, but misses!
[Tue Aug 04 22:32:25 2026] You try to backstab King Tranix, but miss!
[Tue Aug 04 22:32:25 2026] You try to slash King Tranix, but miss!
[Tue Aug 04 22:32:25 2026] You gain a rune for 11 points of absorption.
[Tue Aug 04 22:32:25 2026] You slash King Tranix for 79 points of damage. (Critical)
[Tue Aug 04 22:32:25 2026] King Tranix pet punches YOU for 8 points of damage.
[Tue Aug 04 22:32:25 2026] King Tranix pet tries to punch YOU, but YOU dodge!
[Tue Aug 04 22:32:25 2026] King Tranix pet punches YOU for 14 points of damage.
[Tue Aug 04 22:32:25 2026] King Tranix pet punches YOU for 20 points of damage.
[Tue Aug 04 22:32:26 2026] King Tranix pet kicks YOU for 17 points of damage.
[Tue Aug 04 22:32:26 2026] King Tranix pet tries to kick YOU, but misses!
[Tue Aug 04 22:32:26 2026] You try to smite King Tranix, but miss!
[Tue Aug 04 22:32:26 2026] A fire giant warrior tries to hit YOU, but YOU block!
[Tue Aug 04 22:32:27 2026] King Tranix feels much better.
[Tue Aug 04 22:32:27 2026] a fire giant warrior pet healed King Tranix for 350 hit points by Greater Healing.
[Tue Aug 04 22:32:27 2026] A fire giant warrior pet bites YOU for 24 points of damage.
[Tue Aug 04 22:32:27 2026] A fire giant warrior pet tries to bite YOU, but misses!
[Tue Aug 04 22:32:27 2026] A fire giant warrior pet tries to bite YOU, but misses!
[Tue Aug 04 22:32:27 2026] King Tranix tries to hit YOU, but misses!
[Tue Aug 04 22:32:27 2026] King Tranix hits YOU for 37 points of damage.
[Tue Aug 04 22:32:27 2026] A fire giant warrior tries to hit YOU, but misses!
[Tue Aug 04 22:32:27 2026] You have taken 90 damage from Envenomed Breath by a fire giant warrior.
[Tue Aug 04 22:32:27 2026] You have taken 125 damage from Ignite Blood by King Tranix.
[Tue Aug 04 22:32:27 2026] You have taken 72 damage from Cascading Darkness by King Tranix.
[Tue Aug 04 22:32:27 2026] You hit King Tranix for 49 points of poison damage by Blood Draw Strike.
[Tue Aug 04 22:32:27 2026] King Tranix begins to bleed profusely!
[Tue Aug 04 22:32:27 2026] You slash King Tranix for 98 points of damage.
[Tue Aug 04 22:32:27 2026] You gain a rune for 11 points of absorption.
[Tue Aug 04 22:32:27 2026] You slash King Tranix for 79 points of damage. (Critical)
[Tue Aug 04 22:32:27 2026] A fire giant warrior pet tries to bite YOU, but misses!
[Tue Aug 04 22:32:27 2026] A fire giant warrior pet tries to bite YOU, but YOUR magical skin absorbs the blow!
[Tue Aug 04 22:32:27 2026] A fire giant warrior tries to cleave YOU, but misses!
[Tue Aug 04 22:32:28 2026] A fire giant warrior pet begins casting Ice Spear.
[Tue Aug 04 22:32:28 2026] A fire giant warrior begins casting Greater Healing.
[Tue Aug 04 22:32:28 2026] King Tranix pet tries to punch YOU, but misses!
[Tue Aug 04 22:32:28 2026] King Tranix pet tries to punch YOU, but YOU riposte!
[Tue Aug 04 22:32:28 2026] You try to slash King Tranix pet, but miss! (Riposte)
[Tue Aug 04 22:32:28 2026] Your Djarn's Amethyst Ring (Exaltation) shimmers briefly.
[Tue Aug 04 22:32:28 2026] You begin casting Cure Disease.
[Tue Aug 04 22:32:28 2026] Your Cure Disease spell is interrupted.
[Tue Aug 04 22:32:28 2026] You are stunned!
[Tue Aug 04 22:32:28 2026] You can't cast spells while stunned!
[Tue Aug 04 22:32:29 2026] You can't cast spells while stunned!
[Tue Aug 04 22:32:29 2026] You can't cast spells while stunned!
[Tue Aug 04 22:32:29 2026] You are no longer stunned.
[Tue Aug 04 22:32:29 2026] King Tranix tries to hit YOU, but YOU block!
[Tue Aug 04 22:32:29 2026] You pierce King Tranix for 14 points of damage.
[Tue Aug 04 22:32:29 2026] You gain a rune for 17 points of absorption.
[Tue Aug 04 22:32:29 2026] You pierce King Tranix for 117 points of damage. (Critical)
[Tue Aug 04 22:32:29 2026] You try to slash King Tranix, but miss!
[Tue Aug 04 22:32:29 2026] A fire giant warrior pet bites YOU for 17 points of damage.
[Tue Aug 04 22:32:29 2026] A fire giant warrior pet tries to bite YOU, but misses!
[Tue Aug 04 22:32:29 2026] A fire giant warrior pet tries to bite YOU, but misses!
[Tue Aug 04 22:32:29 2026] A fire giant warrior pet bashes YOU for 4 points of damage.
[Tue Aug 04 22:32:29 2026] A fire giant warrior pet tries to bash YOU, but misses!
[Tue Aug 04 22:32:30 2026] You try to kick King Tranix, but miss!
[Tue Aug 04 22:32:30 2026] You try to pierce King Tranix, but miss!
[Tue Aug 04 22:32:30 2026] You try to pierce King Tranix, but miss!
[Tue Aug 04 22:32:30 2026] A fire giant warrior has taken 84 damage from your Blood Draw Strike.
[Tue Aug 04 22:32:30 2026] You healed Primitive for 84 hit points by Blood Draw Strike.
[Tue Aug 04 22:32:30 2026] You try to bash King Tranix, but miss!
[Tue Aug 04 22:32:30 2026] You try to bash King Tranix, but miss!
[Tue Aug 04 22:32:30 2026] A fire giant warrior hits YOU for 51 points of damage.
[Tue Aug 04 22:32:30 2026] You try to slash King Tranix, but miss!
[Tue Aug 04 22:32:30 2026] You slash King Tranix for 121 points of damage.
[Tue Aug 04 22:32:30 2026] You try to slash King Tranix, but miss!
[Tue Aug 04 22:32:30 2026] King Tranix pet tries to punch YOU, but misses!
[Tue Aug 04 22:32:30 2026] King Tranix pet tries to punch YOU, but YOU block!
[Tue Aug 04 22:32:30 2026] King Tranix has taken 84 damage from your Blood Draw Strike.
[Tue Aug 04 22:32:30 2026] You healed Primitive for 84 hit points by Blood Draw Strike.
[Tue Aug 04 22:32:30 2026] A fire giant warrior pet tries to kick YOU, but YOU dodge!
[Tue Aug 04 22:32:30 2026] A fire giant warrior pet tries to kick YOU, but YOU block!
[Tue Aug 04 22:32:30 2026] A fire giant warrior tries to bash YOU, but misses!
[Tue Aug 04 22:32:30 2026] A fire giant warrior tries to bash YOU, but misses!
[Tue Aug 04 22:32:30 2026] Your Djarn's Amethyst Ring (Exaltation) shimmers briefly.
[Tue Aug 04 22:32:30 2026] You begin casting Cure Disease.
[Tue Aug 04 22:32:30 2026] King Tranix feels much better.
[Tue Aug 04 22:32:30 2026] a fire giant warrior healed King Tranix for 350 hit points by Greater Healing.
[Tue Aug 04 22:32:30 2026] A fire giant warrior hits YOU for 17 points of damage.
[Tue Aug 04 22:32:30 2026] A fire giant warrior tries to hit YOU, but misses!
[Tue Aug 04 22:32:31 2026] Your blood cools.
[Tue Aug 04 22:32:31 2026] You regain your concentration and continue your casting.
[Tue Aug 04 22:32:31 2026] A fire giant warrior cleaves YOU for 97 points of damage.
[Tue Aug 04 22:32:31 2026] A fire giant warrior tries to cleave YOU, but misses!
[Tue Aug 04 22:32:31 2026] You pierce King Tranix for 9 points of damage.
[Tue Aug 04 22:32:31 2026] King Tranix tries to hit YOU, but misses!
[Tue Aug 04 22:32:31 2026] You try to backstab King Tranix, but miss!
[Tue Aug 04 22:32:31 2026] You try to backstab King Tranix, but miss!
[Tue Aug 04 22:32:32 2026] A fire giant warrior pet begins casting Sicken.
[Tue Aug 04 22:32:32 2026] You try to slash King Tranix, but miss!
[Tue Aug 04 22:32:32 2026] You slash King Tranix for 65 points of damage.
[Tue Aug 04 22:32:32 2026] You try to slash King Tranix, but miss!
[Tue Aug 04 22:32:32 2026] You try to slash King Tranix, but miss! (Flurry)
[Tue Aug 04 22:32:32 2026] King Tranix pet tries to bash YOU, but misses!
[Tue Aug 04 22:32:32 2026] A fire giant warrior kicks YOU for 25 points of damage.
[Tue Aug 04 22:32:32 2026] A fire giant warrior kicks YOU for 31 points of damage.
[Tue Aug 04 22:32:33 2026] King Tranix pet tries to punch YOU, but misses!
[Tue Aug 04 22:32:33 2026] King Tranix pet kicks YOU for 9 points of damage.
[Tue Aug 04 22:32:33 2026] King Tranix pet tries to kick YOU, but YOU dodge!
[Tue Aug 04 22:32:33 2026] You have taken 90 damage from Envenomed Breath by a fire giant warrior.
[Tue Aug 04 22:32:33 2026] You have taken 125 damage from Ignite Blood by King Tranix.
[Tue Aug 04 22:32:33 2026] You have taken 72 damage from Cascading Darkness by King Tranix.
[Tue Aug 04 22:32:33 2026] You gain a rune for 5 points of absorption.
[Tue Aug 04 22:32:33 2026] You pierce King Tranix for 39 points of damage. (Critical)
[Tue Aug 04 22:32:33 2026] You try to pierce King Tranix, but miss!
[Tue Aug 04 22:32:33 2026] You try to slash King Tranix, but miss!
[Tue Aug 04 22:32:33 2026] You slash King Tranix for 157 points of damage.
[Tue Aug 04 22:32:34 2026] A fire giant warrior hits YOU for 34 points of damage.
[Tue Aug 04 22:32:34 2026] A fire giant warrior tries to hit YOU, but YOU dodge!
[Tue Aug 04 22:32:34 2026] A fire giant warrior tries to bash YOU, but misses!
[Tue Aug 04 22:32:34 2026] King Tranix tries to hit YOU, but misses!
[Tue Aug 04 22:32:34 2026] King Tranix hits YOU for 83 points of damage.
[Tue Aug 04 22:32:34 2026] Your Djarn's Amethyst Ring (Exaltation) shimmers briefly.
[Tue Aug 04 22:32:34 2026] You begin casting Counteract Poison.
[Tue Aug 04 22:32:34 2026] You feel feverish.
[Tue Aug 04 22:32:34 2026] A fire giant warrior pet tries to bite YOU, but misses!
[Tue Aug 04 22:32:34 2026] A fire giant warrior pet tries to bite YOU, but misses!
[Tue Aug 04 22:32:34 2026] A fire giant warrior pet tries to bite YOU, but YOU block!
[Tue Aug 04 22:32:34 2026] A fire giant warrior hits YOU for 39 points of damage.
[Tue Aug 04 22:32:34 2026] A fire giant warrior pet bites YOU for 18 points of damage.
[Tue Aug 04 22:32:35 2026] A fire giant warrior tries to kick YOU, but YOU dodge!
[Tue Aug 04 22:32:35 2026] A fire giant warrior tries to kick YOU, but misses!
[Tue Aug 04 22:32:35 2026] You regain your concentration and continue your casting.
[Tue Aug 04 22:32:35 2026] The poison has run its course.
[Tue Aug 04 22:32:35 2026] You are cured of Envenomed Breath by Primitive.
[Tue Aug 04 22:32:35 2026] You try to pierce King Tranix, but miss!
[Tue Aug 04 22:32:35 2026] You try to pierce King Tranix, but King Tranix blocks!
[Tue Aug 04 22:32:35 2026] King Tranix's limbs move slower!
[Tue Aug 04 22:32:35 2026] You try to slash King Tranix, but miss!
[Tue Aug 04 22:32:35 2026] King Tranix pet punches YOU for 9 points of damage.
[Tue Aug 04 22:32:35 2026] King Tranix pet tries to punch YOU, but misses!
[Tue Aug 04 22:32:35 2026] King Tranix pet punches YOU for 23 points of damage.
[Tue Aug 04 22:32:35 2026] King Tranix pet tries to punch YOU, but misses!
[Tue Aug 04 22:32:35 2026] You try to bash King Tranix, but miss!
[Tue Aug 04 22:32:35 2026] You bash King Tranix for 53 points of damage.
[Tue Aug 04 22:32:35 2026] You frenzy on King Tranix for 41 points of damage.
[Tue Aug 04 22:32:35 2026] You try to frenzy on King Tranix, but miss!
[Tue Aug 04 22:32:35 2026] You frenzy on King Tranix for 64 points of damage.
[Tue Aug 04 22:32:35 2026] You try to kick King Tranix, but miss!
[Tue Aug 04 22:32:35 2026] You try to kick King Tranix, but King Tranix dodges!
[Tue Aug 04 22:32:35 2026] You smite King Tranix for 12 points of damage.
[Tue Aug 04 22:32:35 2026] You hit King Tranix for 154 points of magic damage by Smiting Strike.
[Tue Aug 04 22:32:35 2026] King Tranix staggers.
[Tue Aug 04 22:32:35 2026] You smite King Tranix for 8 points of damage.
[Tue Aug 04 22:32:35 2026] You hit King Tranix for 154 points of magic damage by Smiting Strike.
[Tue Aug 04 22:32:35 2026] King Tranix staggers.
[Tue Aug 04 22:32:36 2026] A fire giant warrior pet begins casting Drowsy.
[Tue Aug 04 22:32:36 2026] King Tranix hits YOU for 52 points of damage.
[Tue Aug 04 22:32:36 2026] King Tranix tries to hit YOU, but YOU riposte!
[Tue Aug 04 22:32:36 2026] You try to slash King Tranix, but miss! (Riposte)
[Tue Aug 04 22:32:36 2026] King Tranix has taken 84 damage from your Blood Draw Strike.
[Tue Aug 04 22:32:36 2026] You healed Primitive for 84 hit points by Blood Draw Strike.
[Tue Aug 04 22:32:36 2026] You try to pierce King Tranix, but miss!
[Tue Aug 04 22:32:36 2026] You try to pierce King Tranix, but miss!
[Tue Aug 04 22:32:36 2026] You try to slash King Tranix, but miss!
[Tue Aug 04 22:32:36 2026] You try to slash King Tranix, but miss!
[Tue Aug 04 22:32:37 2026] A fire giant warrior hits YOU for 29 points of damage.
[Tue Aug 04 22:32:37 2026] A fire giant warrior tries to hit YOU, but misses!
[Tue Aug 04 22:32:37 2026] King Tranix pet punches YOU for 14 points of damage.
[Tue Aug 04 22:32:37 2026] You feel your life force drain away.
[Tue Aug 04 22:32:37 2026] King Tranix pet healed itself for 47 hit points by Specter Lifetap.
[Tue Aug 04 22:32:37 2026] King Tranix pet tries to punch YOU, but YOU parry!
[Tue Aug 04 22:32:37 2026] King Tranix pet punches YOU for 20 points of damage.
[Tue Aug 04 22:32:38 2026] You try to backstab King Tranix, but miss!
[Tue Aug 04 22:32:38 2026] You try to backstab King Tranix, but King Tranix parries!
[Tue Aug 04 22:32:38 2026] A fire giant warrior tries to hit YOU, but YOU parry!
[Tue Aug 04 22:32:38 2026] A fire giant warrior tries to hit YOU, but misses!
[Tue Aug 04 22:32:38 2026] You try to pierce King Tranix, but King Tranix blocks!
[Tue Aug 04 22:32:38 2026] You pierce King Tranix for 30 points of damage.
[Tue Aug 04 22:32:38 2026] You try to slash King Tranix, but King Tranix dodges!
[Tue Aug 04 22:32:38 2026] You slash King Tranix for 65 points of damage.
[Tue Aug 04 22:32:38 2026] You feel drowsy.
[Tue Aug 04 22:32:38 2026] A fire giant warrior pet bites YOU for 28 points of damage.
[Tue Aug 04 22:32:38 2026] A fire giant warrior pet tries to bite YOU, but misses!
[Tue Aug 04 22:32:38 2026] A fire giant warrior pet tries to bite YOU, but misses!
[Tue Aug 04 22:32:38 2026] A fire giant warrior pet tries to bash YOU, but misses!
[Tue Aug 04 22:32:38 2026] A fire giant warrior pet bashes YOU for 4 points of damage.
[Tue Aug 04 22:32:38 2026] A fire giant warrior pet kicks YOU for 26 points of damage.
[Tue Aug 04 22:32:38 2026] A fire giant warrior pet tries to kick YOU, but misses!
[Tue Aug 04 22:32:39 2026] King Tranix tries to hit YOU, but misses!
[Tue Aug 04 22:32:39 2026] You have taken 11 damage from Sicken by a fire giant warrior pet.
[Tue Aug 04 22:32:39 2026] You have taken 72 damage from Cascading Darkness by King Tranix.
[Tue Aug 04 22:32:39 2026] King Tranix pet tries to bash YOU, but YOU parry!
[Tue Aug 04 22:32:39 2026] King Tranix pet tries to bash YOU, but misses!
[Tue Aug 04 22:32:39 2026] A fire giant warrior pet bites YOU for 19 points of damage.
[Tue Aug 04 22:32:39 2026] A fire giant warrior pet tries to bite YOU, but misses!
[Tue Aug 04 22:32:40 2026] A fire giant warrior pet begins casting Ice Spear.
[Tue Aug 04 22:32:40 2026] King Tranix pet kicks YOU for 9 points of damage.
[Tue Aug 04 22:32:40 2026] King Tranix pet tries to punch YOU, but YOU dodge!
[Tue Aug 04 22:32:40 2026] King Tranix pet punches YOU for 12 points of damage.
[Tue Aug 04 22:32:40 2026] You are stunned!
[Tue Aug 04 22:32:40 2026] You begin to change your stance.
[Tue Aug 04 22:32:41 2026] A fire giant warrior bashes YOU for 13 points of damage.
[Tue Aug 04 22:32:41 2026] A fire giant warrior tries to bash YOU, but misses!
[Tue Aug 04 22:32:41 2026] You assume a berserker stance.
[Tue Aug 04 22:32:41 2026] You are no longer stunned.
[Tue Aug 04 22:32:41 2026] King Tranix tries to hit YOU, but misses!
[Tue Aug 04 22:32:41 2026] A fire giant warrior hits YOU for 186 points of damage.
[Tue Aug 04 22:32:41 2026] A fire giant warrior tries to hit YOU, but misses!
[Tue Aug 04 22:32:41 2026] You pierce King Tranix for 14 points of damage.
[Tue Aug 04 22:32:41 2026] You pierce King Tranix for 26 points of damage.
[Tue Aug 04 22:32:41 2026] You slash King Tranix for 44 points of damage.
[Tue Aug 04 22:32:41 2026] You hit King Tranix pet for 246 points of magic damage by Earthquake.
[Tue Aug 04 22:32:41 2026] King Tranix pet is smashed by the heaving ground.
[Tue Aug 04 22:32:41 2026] You hit a fire giant warrior pet for 246 points of magic damage by Earthquake.
[Tue Aug 04 22:32:41 2026] A fire giant warrior pet is smashed by the heaving ground.
[Tue Aug 04 22:32:41 2026] You hit King Tranix for 32 points of magic damage by Earthquake.
[Tue Aug 04 22:32:41 2026] King Tranix is smashed by the heaving ground.
[Tue Aug 04 22:32:41 2026] You hit a fire giant warrior for 246 points of magic damage by Earthquake.
[Tue Aug 04 22:32:41 2026] A fire giant warrior is smashed by the heaving ground.
[Tue Aug 04 22:32:41 2026] You hit a fire giant warrior for 246 points of magic damage by Earthquake.
[Tue Aug 04 22:32:41 2026] A fire giant warrior is smashed by the heaving ground.
[Tue Aug 04 22:32:41 2026] King Tranix's limbs move slower!
[Tue Aug 04 22:32:41 2026] You try to slash King Tranix, but miss!
[Tue Aug 04 22:32:41 2026] You try to bash King Tranix, but miss!
[Tue Aug 04 22:32:41 2026] You hurt yourself for 3 points.
[Tue Aug 04 22:32:41 2026] You bash King Tranix for 53 points of damage.
[Tue Aug 04 22:32:41 2026] You hurt yourself for 3 points.
[Tue Aug 04 22:32:41 2026] You kick King Tranix for 45 points of damage.
[Tue Aug 04 22:32:41 2026] You hurt yourself for 2 points.
[Tue Aug 04 22:32:41 2026] You kick King Tranix for 38 points of damage.
[Tue Aug 04 22:32:41 2026] You pierce King Tranix for 30 points of damage.
[Tue Aug 04 22:32:41 2026] You pierce King Tranix for 23 points of damage.
[Tue Aug 04 22:32:42 2026] A fire giant warrior hits YOU for 69 points of damage.
[Tue Aug 04 22:32:42 2026] A fire giant warrior pet tries to bite YOU, but YOU parry!
[Tue Aug 04 22:32:42 2026] A fire giant warrior pet tries to bite YOU, but misses!
[Tue Aug 04 22:32:42 2026] A fire giant warrior pet tries to bite YOU, but misses!
[Tue Aug 04 22:32:42 2026] A fire giant warrior kicks YOU for 28 points of damage.
[Tue Aug 04 22:32:42 2026] A fire giant warrior tries to kick YOU, but misses!
[Tue Aug 04 22:32:42 2026] A fire giant warrior tries to cleave YOU, but misses!
[Tue Aug 04 22:32:42 2026] King Tranix has taken 84 damage from your Blood Draw Strike.
[Tue Aug 04 22:32:42 2026] You healed Primitive for 84 hit points by Blood Draw Strike.
[Tue Aug 04 22:32:42 2026] King Tranix pet tries to punch YOU, but misses!
[Tue Aug 04 22:32:42 2026] King Tranix pet tries to punch YOU, but misses!
[Tue Aug 04 22:32:42 2026] King Tranix pet tries to punch YOU, but YOU block!
[Tue Aug 04 22:32:43 2026] You slash King Tranix for 35 points of damage.
[Tue Aug 04 22:32:43 2026] You pierce King Tranix for 30 points of damage.
[Tue Aug 04 22:32:44 2026] King Tranix tries to hit YOU, but YOU riposte!
[Tue Aug 04 22:32:44 2026] You slash King Tranix for 108 points of damage. (Riposte Critical)
[Tue Aug 04 22:32:44 2026] A fire giant warrior tries to bash YOU, but YOU block!
[Tue Aug 04 22:32:44 2026] You try to backstab King Tranix, but King Tranix blocks!
[Tue Aug 04 22:32:44 2026] You try to backstab King Tranix, but miss!
[Tue Aug 04 22:32:44 2026] A fire giant warrior pet bites YOU for 17 points of damage.
[Tue Aug 04 22:32:44 2026] A fire giant warrior pet tries to bite YOU, but misses!
[Tue Aug 04 22:32:44 2026] A fire giant warrior pet tries to bite YOU, but misses!
[Tue Aug 04 22:32:44 2026] You try to slash King Tranix, but miss!
[Tue Aug 04 22:32:44 2026] You slash King Tranix for 89 points of damage.
[Tue Aug 04 22:32:44 2026] You try to frenzy on King Tranix, but King Tranix blocks!
[Tue Aug 04 22:32:44 2026] You try to frenzy on King Tranix, but miss!
[Tue Aug 04 22:32:44 2026] You hurt yourself for 4 points.
[Tue Aug 04 22:32:44 2026] You frenzy on King Tranix for 67 points of damage.
[Tue Aug 04 22:32:45 2026] King Tranix's limbs move slower!
[Tue Aug 04 22:32:45 2026] You pierce King Tranix for 4 points of damage.
[Tue Aug 04 22:32:45 2026] You pierce King Tranix for 30 points of damage.
[Tue Aug 04 22:32:45 2026] You smite King Tranix for 39 points of damage.
[Tue Aug 04 22:32:45 2026] You hit King Tranix for 154 points of magic damage by Smiting Strike.
[Tue Aug 04 22:32:45 2026] King Tranix staggers.
[Tue Aug 04 22:32:45 2026] A fire giant warrior tries to hit YOU, but YOU block!
[Tue Aug 04 22:32:45 2026] King Tranix pet tries to punch YOU, but misses!
[Tue Aug 04 22:32:45 2026] King Tranix pet tries to punch YOU, but YOU dodge!
[Tue Aug 04 22:32:45 2026] A fire giant warrior tries to kick YOU, but misses!
[Tue Aug 04 22:32:45 2026] You have taken 11 damage from Sicken by a fire giant warrior pet.
[Tue Aug 04 22:32:45 2026] You have taken 72 damage from Cascading Darkness by King Tranix.
[Tue Aug 04 22:32:45 2026] A fire giant warrior pet bashes YOU for 9 points of damage.
[Tue Aug 04 22:32:45 2026] A fire giant warrior pet kicks YOU for 10 points of damage.
[Tue Aug 04 22:32:45 2026] A fire giant warrior pet kicks YOU for 10 points of damage.
[Tue Aug 04 22:32:45 2026] A fire giant warrior hits YOU for 34 points of damage.
[Tue Aug 04 22:32:46 2026] King Tranix hits YOU for 111 points of damage.
[Tue Aug 04 22:32:46 2026] You try to slash King Tranix, but miss!
[Tue Aug 04 22:32:46 2026] King Tranix pet tries to bash YOU, but misses!
[Tue Aug 04 22:32:46 2026] King Tranix pet tries to bash YOU, but misses!
[Tue Aug 04 22:32:46 2026] A fire giant warrior cleaves YOU for 127 points of damage.
[Tue Aug 04 22:32:46 2026] A fire giant warrior cleaves YOU for 152 points of damage.
[Tue Aug 04 22:32:46 2026] You hit King Tranix for 84 points of poison damage by Cobra Venom Strike.
[Tue Aug 04 22:32:46 2026] King Tranix screams as poison burns their veins!
[Tue Aug 04 22:32:46 2026] You pierce King Tranix for 61 points of damage.
[Tue Aug 04 22:32:46 2026] You bash King Tranix for 12 points of damage.
[Tue Aug 04 22:32:46 2026] You hurt yourself for 2 points.
[Tue Aug 04 22:32:46 2026] You kick King Tranix for 40 points of damage.
[Tue Aug 04 22:32:46 2026] You try to kick King Tranix, but miss!
[Tue Aug 04 22:32:47 2026] A fire giant warrior pet tries to bite YOU, but misses!
[Tue Aug 04 22:32:47 2026] A fire giant warrior pet tries to bite YOU, but misses!
[Tue Aug 04 22:32:47 2026] King Tranix pet kicks YOU for 35 points of damage.
[Tue Aug 04 22:32:47 2026] King Tranix pet tries to kick YOU, but misses!
[Tue Aug 04 22:32:47 2026] King Tranix pet punches YOU for 17 points of damage.
[Tue Aug 04 22:32:47 2026] King Tranix pet tries to punch YOU, but misses!
[Tue Aug 04 22:32:47 2026] King Tranix pet punches YOU for 17 points of damage.
[Tue Aug 04 22:32:47 2026] King Tranix pet tries to punch YOU, but YOU riposte!
[Tue Aug 04 22:32:47 2026] You slash King Tranix pet for 82 points of damage. (Riposte)
[Tue Aug 04 22:32:48 2026] A fire giant warrior pet begins casting Envenomed Breath.
[Tue Aug 04 22:32:48 2026] You slash King Tranix for 44 points of damage.
[Tue Aug 04 22:32:48 2026] You try to slash King Tranix, but miss!
[Tue Aug 04 22:32:48 2026] You pierce King Tranix for 23 points of damage.
[Tue Aug 04 22:32:48 2026] King Tranix tries to hit YOU, but misses!
[Tue Aug 04 22:32:48 2026] King Tranix has taken 84 damage from your Blood Draw Strike.
[Tue Aug 04 22:32:48 2026] You healed Primitive for 84 hit points by Blood Draw Strike.
[Tue Aug 04 22:32:49 2026] A fire giant warrior hits YOU for 161 points of damage.
[Tue Aug 04 22:32:49 2026] A fire giant warrior hits YOU for 102 points of damage.
[Tue Aug 04 22:32:49 2026] You slash King Tranix for 128 points of damage.
[Tue Aug 04 22:32:49 2026] You can't use that command right now...
[Tue Aug 04 22:32:50 2026] Your Djarn's Amethyst Ring (Exaltation) shimmers briefly.
[Tue Aug 04 22:32:50 2026] You begin casting Superior Healing IV.
[Tue Aug 04 22:32:50 2026] You can't use that command right now...
[Tue Aug 04 22:32:50 2026] King Tranix pet punches YOU for 32 points of damage.
[Tue Aug 04 22:32:50 2026] King Tranix pet tries to punch YOU, but misses!
[Tue Aug 04 22:32:50 2026] King Tranix pet tries to punch YOU, but YOU dodge!
[Tue Aug 04 22:32:50 2026] King Tranix pet tries to punch YOU, but misses!
[Tue Aug 04 22:32:50 2026] You regain your concentration and continue your casting.
[Tue Aug 04 22:32:50 2026] Your Idol of the Underking (Exaltation) feels alive with power.
[Tue Aug 04 22:32:50 2026] You feel much better.
[Tue Aug 04 22:32:50 2026] You healed Primitive for 834 hit points by Superior Healing.
[Tue Aug 04 22:32:50 2026] You pierce King Tranix for 12 points of damage.
[Tue Aug 04 22:32:50 2026] You pierce King Tranix for 12 points of damage.
[Tue Aug 04 22:32:50 2026] You try to backstab King Tranix, but King Tranix dodges!
[Tue Aug 04 22:32:50 2026] A fire giant warrior bashes YOU for 27 points of damage.
[Tue Aug 04 22:32:50 2026] A fire giant warrior bashes YOU for 27 points of damage.
[Tue Aug 04 22:32:51 2026] You have been poisoned.
[Tue Aug 04 22:32:51 2026] A fire giant warrior pet tries to bite YOU, but YOU dodge!
[Tue Aug 04 22:32:51 2026] A fire giant warrior pet tries to bite YOU, but misses!
[Tue Aug 04 22:32:51 2026] King Tranix tries to hit YOU, but misses!
[Tue Aug 04 22:32:51 2026] You slash King Tranix for 30 points of damage.
[Tue Aug 04 22:32:51 2026] You have taken 11 damage from Sicken by a fire giant warrior pet.
[Tue Aug 04 22:32:51 2026] You have taken 90 damage from Envenomed Breath by a fire giant warrior pet.
[Tue Aug 04 22:32:51 2026] You have taken 72 damage from Cascading Darkness by King Tranix.
[Tue Aug 04 22:32:51 2026] King Tranix's fingers slow down.
[Tue Aug 04 22:32:51 2026] You pierce King Tranix for 21 points of damage.
[Tue Aug 04 22:32:51 2026] You pierce King Tranix for 36 points of damage.
[Tue Aug 04 22:32:51 2026] A fire giant warrior pet tries to bite YOU, but misses!
[Tue Aug 04 22:32:51 2026] A fire giant warrior pet tries to bite YOU, but misses!
[Tue Aug 04 22:32:51 2026] You gain a rune for 6 points of absorption.
[Tue Aug 04 22:32:51 2026] You kick King Tranix for 41 points of damage. (Critical)
[Tue Aug 04 22:32:51 2026] You kick King Tranix for 2 points of damage.
[Tue Aug 04 22:32:51 2026] You hurt yourself for 6 points.
[Tue Aug 04 22:32:51 2026] You bash King Tranix for 98 points of damage.
[Tue Aug 04 22:32:51 2026] You try to bash King Tranix, but miss!
[Tue Aug 04 22:32:51 2026] King Tranix begins casting Paralyzing Earth.
[Tue Aug 04 22:32:52 2026] A fire giant warrior tries to kick YOU, but YOU block!
[Tue Aug 04 22:32:52 2026] A fire giant warrior kicks YOU for 53 points of damage.
[Tue Aug 04 22:32:52 2026] A fire giant warrior pet tries to bash YOU, but misses!
[Tue Aug 04 22:32:52 2026] King Tranix pet tries to punch YOU, but misses!
[Tue Aug 04 22:32:52 2026] King Tranix pet punches YOU for 63 points of damage.
[Tue Aug 04 22:32:52 2026] A fire giant warrior pet kicks YOU for 20 points of damage.
[Tue Aug 04 22:32:52 2026] A fire giant warrior pet tries to kick YOU, but misses!
[Tue Aug 04 22:32:52 2026] A fire giant warrior hits YOU for 194 points of damage.
[Tue Aug 04 22:32:52 2026] A fire giant warrior tries to hit YOU, but misses!
[Tue Aug 04 22:32:53 2026] A fire giant warrior hits YOU for 34 points of damage.
[Tue Aug 04 22:32:53 2026] King Tranix pet tries to bash YOU, but misses!
[Tue Aug 04 22:32:53 2026] King Tranix pet tries to bash YOU, but misses!
[Tue Aug 04 22:32:53 2026] You resist King Tranix's Paralyzing Earth!
[Tue Aug 04 22:32:53 2026] King Tranix tries to hit YOU, but YOU dodge!
[Tue Aug 04 22:32:53 2026] You begin casting Lay on Hands X.
[Tue Aug 04 22:32:53 2026] You feel a healing touch.
[Tue Aug 04 22:32:53 2026] You healed Primitive for 3860 (17226) hit points by Lay on Hands X.
[Tue Aug 04 22:32:54 2026] A fire giant warrior tries to bash YOU, but misses!
[Tue Aug 04 22:32:54 2026] A fire giant warrior tries to bash YOU, but YOU block!
[Tue Aug 04 22:32:54 2026] A fire giant warrior pet tries to bite YOU, but misses!
[Tue Aug 04 22:32:54 2026] A fire giant warrior pet tries to bite YOU, but misses!
[Tue Aug 04 22:32:54 2026] A fire giant warrior pet bites YOU for 25 points of damage.
[Tue Aug 04 22:32:54 2026] You hurt yourself for 2 points.
[Tue Aug 04 22:32:54 2026] You frenzy on King Tranix for 43 points of damage.
[Tue Aug 04 22:32:54 2026] You try to frenzy on King Tranix, but miss!
[Tue Aug 04 22:32:54 2026] King Tranix pet kicks YOU for 42 points of damage.
[Tue Aug 04 22:32:54 2026] King Tranix pet tries to kick YOU, but misses!
[Tue Aug 04 22:32:54 2026] You slash King Tranix for 82 points of damage.
[Tue Aug 04 22:32:54 2026] You smite King Tranix for 24 points of damage.
[Tue Aug 04 22:32:54 2026] You hit King Tranix for 154 points of magic damage by Smiting Strike.
[Tue Aug 04 22:32:54 2026] King Tranix staggers.
[Tue Aug 04 22:32:54 2026] You smite King Tranix for 1 point of damage.
[Tue Aug 04 22:32:54 2026] You hit King Tranix for 154 points of magic damage by Smiting Strike.
[Tue Aug 04 22:32:54 2026] King Tranix staggers.
[Tue Aug 04 22:32:55 2026] King Tranix has taken 84 damage from your Blood Draw Strike.
[Tue Aug 04 22:32:55 2026] You healed Primitive for 69 (84) hit points by Blood Draw Strike.
[Tue Aug 04 22:32:55 2026] King Tranix pet punches YOU for 34 points of damage.
[Tue Aug 04 22:32:55 2026] King Tranix pet punches YOU for 27 points of damage.
[Tue Aug 04 22:32:56 2026] King Tranix tries to hit YOU, but misses!
[Tue Aug 04 22:32:56 2026] King Tranix tries to hit YOU, but misses!
[Tue Aug 04 22:32:56 2026] A fire giant warrior tries to kick YOU, but YOU block!
[Tue Aug 04 22:32:56 2026] A fire giant warrior kicks YOU for 48 points of damage.
[Tue Aug 04 22:32:56 2026] King Tranix pet begins casting Heat Blood.
[Tue Aug 04 22:32:56 2026] A fire giant warrior pet begins casting Ice Spear.
[Tue Aug 04 22:32:56 2026] King Tranix's limbs move slower!
[Tue Aug 04 22:32:56 2026] King Tranix hits YOU for 66 points of damage. (Riposte)
[Tue Aug 04 22:32:56 2026] A fire giant warrior tries to hit YOU, but misses!
[Tue Aug 04 22:32:56 2026] You are stunned!
[Tue Aug 04 22:32:56 2026] A fire giant warrior pet tries to bite YOU, but YOU dodge!
[Tue Aug 04 22:32:56 2026] A fire giant warrior pet tries to bite YOU, but misses!
[Tue Aug 04 22:32:56 2026] A fire giant warrior pet bites YOU for 32 points of damage.
[Tue Aug 04 22:32:56 2026] A fire giant warrior hits YOU for 85 points of damage.
[Tue Aug 04 22:32:56 2026] A fire giant warrior tries to hit YOU, but misses!
[Tue Aug 04 22:32:57 2026] You have taken 11 damage from Sicken by a fire giant warrior pet.
[Tue Aug 04 22:32:57 2026] You have taken 90 damage from Envenomed Breath by a fire giant warrior pet.
[Tue Aug 04 22:32:57 2026] You have taken 72 damage from Cascading Darkness by King Tranix.
[Tue Aug 04 22:32:57 2026] You are no longer stunned.
[Tue Aug 04 22:32:57 2026] You pierce King Tranix for 8 points of damage.
[Tue Aug 04 22:32:57 2026] You pierce King Tranix for 51 points of damage.
[Tue Aug 04 22:32:57 2026] A fire giant warrior tries to cleave YOU, but YOU block!
[Tue Aug 04 22:32:57 2026] You try to backstab King Tranix, but miss!
[Tue Aug 04 22:32:57 2026] You hurt yourself for 4 points.
[Tue Aug 04 22:32:57 2026] You backstab King Tranix for 63 points of damage.
[Tue Aug 04 22:32:57 2026] You try to bash King Tranix, but King Tranix dodges!
[Tue Aug 04 22:32:57 2026] You hurt yourself for 4 points.
[Tue Aug 04 22:32:57 2026] You kick King Tranix for 71 points of damage.
[Tue Aug 04 22:32:57 2026] You try to slash King Tranix, but King Tranix dodges!
[Tue Aug 04 22:32:58 2026] King Tranix tries to hit YOU, but misses!
[Tue Aug 04 22:32:58 2026] King Tranix tries to hit YOU, but misses!
[Tue Aug 04 22:32:59 2026] Your blood simmers.
[Tue Aug 04 22:32:59 2026] King Tranix pet tries to punch YOU, but misses!
[Tue Aug 04 22:32:59 2026] King Tranix pet tries to punch YOU, but misses!
[Tue Aug 04 22:32:59 2026] A fire giant warrior pet bites YOU for 12 points of damage.
[Tue Aug 04 22:32:59 2026] A fire giant warrior pet bites YOU for 44 points of damage.
[Tue Aug 04 22:32:59 2026] A fire giant warrior pet bites YOU for 32 points of damage.
[Tue Aug 04 22:32:59 2026] A fire giant warrior pet bites YOU for 36 points of damage.
[Tue Aug 04 22:32:59 2026] You try to slash King Tranix, but miss!
[Tue Aug 04 22:32:59 2026] A fire giant warrior pet tries to bash YOU, but misses!
[Tue Aug 04 22:32:59 2026] A fire giant warrior pet tries to bash YOU, but misses!
[Tue Aug 04 22:32:59 2026] A fire giant warrior pet tries to kick YOU, but misses!
[Tue Aug 04 22:32:59 2026] King Tranix pet tries to punch YOU, but misses!
[Tue Aug 04 22:32:59 2026] King Tranix pet punches YOU for 39 points of damage.
[Tue Aug 04 22:33:00 2026] A fire giant warrior begins casting Greater Healing.
[Tue Aug 04 22:33:00 2026] A fire giant warrior hits YOU for 161 points of damage.
[Tue Aug 04 22:33:00 2026] A fire giant warrior hits YOU for 93 points of damage.
[Tue Aug 04 22:33:00 2026] You try to pierce King Tranix, but miss!
[Tue Aug 04 22:33:00 2026] You pierce King Tranix for 64 points of damage.
[Tue Aug 04 22:33:00 2026] King Tranix pet tries to bash YOU, but misses!
[Tue Aug 04 22:33:00 2026] King Tranix hits YOU for 105 points of damage.
[Tue Aug 04 22:33:00 2026] You try to slash King Tranix, but King Tranix dodges!
[Tue Aug 04 22:33:00 2026] You slash King Tranix for 64 points of damage.
[Tue Aug 04 22:33:00 2026] King Tranix has taken 84 damage from your Blood Draw Strike.
[Tue Aug 04 22:33:00 2026] You healed Primitive for 84 hit points by Blood Draw Strike.
[Tue Aug 04 22:33:01 2026] A fire giant warrior bashes YOU for 27 points of damage.
[Tue Aug 04 22:33:01 2026] A fire giant warrior tries to bash YOU, but misses!
[Tue Aug 04 22:33:01 2026] King Tranix pet tries to kick YOU, but misses!
[Tue Aug 04 22:33:01 2026] King Tranix pet tries to kick YOU, but misses!
[Tue Aug 04 22:33:01 2026] A fire giant warrior pet tries to bite YOU, but YOU block!
[Tue Aug 04 22:33:01 2026] A fire giant warrior pet tries to bite YOU, but misses!
[Tue Aug 04 22:33:01 2026] You pierce King Tranix for 15 points of damage.
[Tue Aug 04 22:33:02 2026] King Tranix pet tries to punch YOU, but misses!
[Tue Aug 04 22:33:02 2026] King Tranix pet punches YOU for 17 points of damage.
[Tue Aug 04 22:33:02 2026] You feel your life force drain away.
[Tue Aug 04 22:33:02 2026] King Tranix pet healed itself for 58 hit points by Specter Lifetap.
[Tue Aug 04 22:33:02 2026] A fire giant warrior tries to kick YOU, but misses!
[Tue Aug 04 22:33:02 2026] A fire giant warrior tries to kick YOU, but misses!
[Tue Aug 04 22:33:02 2026] You gain a rune for 29 points of absorption.
[Tue Aug 04 22:33:02 2026] You slash King Tranix for 194 points of damage. (Critical)
[Tue Aug 04 22:33:02 2026] You slash King Tranix for 44 points of damage.
[Tue Aug 04 22:33:02 2026] You hurt yourself for 4 points.
[Tue Aug 04 22:33:02 2026] You bash King Tranix for 60 points of damage.
[Tue Aug 04 22:33:02 2026] You hurt yourself for 1 points.
[Tue Aug 04 22:33:02 2026] You bash King Tranix for 28 points of damage.
[Tue Aug 04 22:33:03 2026] You hurt yourself for 5 points.
[Tue Aug 04 22:33:03 2026] You kick King Tranix for 81 points of damage.
[Tue Aug 04 22:33:03 2026] King Tranix hits YOU for 47 points of damage.
[Tue Aug 04 22:33:03 2026] King Tranix feels much better.
[Tue Aug 04 22:33:03 2026] a fire giant warrior healed King Tranix for 350 hit points by Greater Healing.
[Tue Aug 04 22:33:03 2026] A fire giant warrior hits YOU for 110 points of damage.
[Tue Aug 04 22:33:03 2026] A fire giant warrior tries to cleave YOU, but misses!
[Tue Aug 04 22:33:03 2026] You pierce King Tranix for 20 points of damage.
[Tue Aug 04 22:33:03 2026] King Tranix hits YOU for 49 points of damage. (Riposte)
[Tue Aug 04 22:33:03 2026] You have taken 11 damage from Sicken by a fire giant warrior pet.
[Tue Aug 04 22:33:03 2026] You have taken 90 damage from Envenomed Breath by a fire giant warrior pet.
[Tue Aug 04 22:33:03 2026] You have taken 43 damage from Heat Blood by King Tranix pet.
[Tue Aug 04 22:33:03 2026] You have taken 72 damage from Cascading Darkness by King Tranix.
[Tue Aug 04 22:33:03 2026] A fire giant warrior tries to hit YOU, but misses!
[Tue Aug 04 22:33:03 2026] A fire giant warrior tries to hit YOU, but YOU block!
[Tue Aug 04 22:33:03 2026] You hurt yourself for 1 points.
[Tue Aug 04 22:33:03 2026] You gain a rune for 7 points of absorption.
[Tue Aug 04 22:33:03 2026] You frenzy on King Tranix for 51 points of damage. (Critical)
[Tue Aug 04 22:33:03 2026] You try to frenzy on King Tranix, but miss!
[Tue Aug 04 22:33:04 2026] A fire giant warrior pet bites YOU for 3 points of damage.
[Tue Aug 04 22:33:04 2026] A fire giant warrior pet bites YOU for 12 points of damage.
[Tue Aug 04 22:33:04 2026] You try to backstab King Tranix, but miss!
[Tue Aug 04 22:33:04 2026] You try to smite King Tranix, but miss!
[Tue Aug 04 22:33:04 2026] You smite King Tranix for 1 point of damage.
[Tue Aug 04 22:33:04 2026] You hit King Tranix for 154 points of magic damage by Smiting Strike.
[Tue Aug 04 22:33:04 2026] King Tranix staggers.
[Tue Aug 04 22:33:04 2026] You try to smite King Tranix, but miss!
[Tue Aug 04 22:33:04 2026] You try to slash King Tranix, but miss!
[Tue Aug 04 22:33:04 2026] You try to slash King Tranix, but miss!
[Tue Aug 04 22:33:04 2026] You slash King Tranix for 30 points of damage.
[Tue Aug 04 22:33:04 2026] A fire giant warrior hits YOU for 135 points of damage.
[Tue Aug 04 22:33:04 2026] A fire giant warrior bashes YOU for 27 points of damage.
[Tue Aug 04 22:33:04 2026] King Tranix pet tries to punch YOU, but misses!
[Tue Aug 04 22:33:04 2026] King Tranix pet punches YOU for 17 points of damage.
[Tue Aug 04 22:33:04 2026] King Tranix pet punches YOU for 17 points of damage.
[Tue Aug 04 22:33:05 2026] You try to pierce King Tranix, but miss!
[Tue Aug 04 22:33:05 2026] You pierce King Tranix for 9 points of damage.
[Tue Aug 04 22:33:05 2026] King Tranix tries to hit YOU, but misses!
[Tue Aug 04 22:33:05 2026] You gain a rune for 11 points of absorption.
[Tue Aug 04 22:33:05 2026] You slash King Tranix for 79 points of damage. (Critical)
[Tue Aug 04 22:33:06 2026] A fire giant warrior tries to kick YOU, but misses!
[Tue Aug 04 22:33:06 2026] A fire giant warrior tries to kick YOU, but misses!
[Tue Aug 04 22:33:06 2026] A fire giant warrior pet tries to bite YOU, but misses!
[Tue Aug 04 22:33:06 2026] A fire giant warrior pet tries to bite YOU, but misses!
[Tue Aug 04 22:33:06 2026] A fire giant warrior pet tries to bash YOU, but misses!
[Tue Aug 04 22:33:06 2026] A fire giant warrior pet kicks YOU for 29 points of damage.
[Tue Aug 04 22:33:06 2026] A fire giant warrior pet tries to kick YOU, but YOU riposte!
[Tue Aug 04 22:33:06 2026] You try to slash a fire giant warrior pet, but miss! (Riposte)
[Tue Aug 04 22:33:07 2026] King Tranix has taken 84 damage from your Blood Draw Strike.
[Tue Aug 04 22:33:07 2026] You healed Primitive for 84 hit points by Blood Draw Strike.
[Tue Aug 04 22:33:07 2026] King Tranix pet tries to punch YOU, but misses!
[Tue Aug 04 22:33:07 2026] King Tranix pet punches YOU for 51 points of damage.
[Tue Aug 04 22:33:07 2026] You slash King Tranix for 82 points of damage.
[Tue Aug 04 22:33:07 2026] You slash King Tranix for 82 points of damage.
[Tue Aug 04 22:33:07 2026] A fire giant warrior tries to hit YOU, but misses!
[Tue Aug 04 22:33:07 2026] A fire giant warrior tries to hit YOU, but misses!
[Tue Aug 04 22:33:07 2026] King Tranix pet tries to bash YOU, but misses!
[Tue Aug 04 22:33:07 2026] King Tranix pet tries to bash YOU, but misses!
[Tue Aug 04 22:33:08 2026] King Tranix tries to hit YOU, but YOU block!
[Tue Aug 04 22:33:08 2026] King Tranix tries to hit YOU, but misses!
[Tue Aug 04 22:33:08 2026] You gain a rune for 7 points of absorption.
[Tue Aug 04 22:33:08 2026] You bash King Tranix for 49 points of damage. (Critical)
[Tue Aug 04 22:33:08 2026] King Tranix pet begins casting Negation of Life.
[Tue Aug 04 22:33:08 2026] A fire giant warrior hits YOU for 36 points of damage.
[Tue Aug 04 22:33:08 2026] A fire giant warrior hits YOU for 93 points of damage.
[Tue Aug 04 22:33:08 2026] You hurt yourself for 1 points.
[Tue Aug 04 22:33:08 2026] You kick King Tranix for 28 points of damage.
[Tue Aug 04 22:33:08 2026] You try to slash King Tranix, but miss!
[Tue Aug 04 22:33:08 2026] You try to slash King Tranix, but miss!
[Tue Aug 04 22:33:08 2026] A fire giant warrior pet bites YOU for 47 points of damage.
[Tue Aug 04 22:33:09 2026] You have taken 11 damage from Sicken by a fire giant warrior pet.
[Tue Aug 04 22:33:09 2026] You have taken 90 damage from Envenomed Breath by a fire giant warrior pet.
[Tue Aug 04 22:33:09 2026] You have taken 43 damage from Heat Blood by King Tranix pet.
[Tue Aug 04 22:33:09 2026] You have taken 72 damage from Cascading Darkness by King Tranix.
[Tue Aug 04 22:33:10 2026] King Tranix begins to use a fire giant warrior as a living shield!
[Tue Aug 04 22:33:10 2026] You try to pierce King Tranix, but miss!
[Tue Aug 04 22:33:10 2026] You pierce a fire giant warrior for 9 points of damage.
[Tue Aug 04 22:33:10 2026] You pierce King Tranix for 9 points of damage.
[Tue Aug 04 22:33:10 2026] King Tranix tries to hit YOU, but misses!
[Tue Aug 04 22:33:10 2026] King Tranix hits YOU for 87 points of damage.
[Tue Aug 04 22:33:10 2026] You try to backstab King Tranix, but miss!
[Tue Aug 04 22:33:10 2026] King Tranix tries to hit YOU, but misses! (Riposte)
[Tue Aug 04 22:33:10 2026] You gain a rune for 8 points of absorption.
[Tue Aug 04 22:33:10 2026] You punch a fire giant warrior for 28 points of damage.
[Tue Aug 04 22:33:10 2026] You punch King Tranix for 28 points of damage. (Critical)
[Tue Aug 04 22:33:10 2026] You slash a fire giant warrior for 32 points of damage.
[Tue Aug 04 22:33:10 2026] You slash King Tranix for 32 points of damage.
[Tue Aug 04 22:33:10 2026] You slash a fire giant warrior for 41 points of damage.
[Tue Aug 04 22:33:10 2026] You slash King Tranix for 41 points of damage.
[Tue Aug 04 22:33:11 2026] You are shrouded by anti-life magic.
[Tue Aug 04 22:33:11 2026] King Tranix pet punches YOU for 38 points of damage.
[Tue Aug 04 22:33:11 2026] King Tranix pet punches YOU for 56 points of damage.
[Tue Aug 04 22:33:11 2026] King Tranix pet tries to kick YOU, but YOU dodge!
[Tue Aug 04 22:33:11 2026] A fire giant warrior tries to hit YOU, but YOU parry!
[Tue Aug 04 22:33:11 2026] A fire giant warrior pet tries to bite YOU, but misses!
[Tue Aug 04 22:33:11 2026] A fire giant warrior pet tries to bite YOU, but misses!
[Tue Aug 04 22:33:11 2026] A fire giant warrior bashes YOU for 27 points of damage.
[Tue Aug 04 22:33:11 2026] King Tranix's fingers slow down.
[Tue Aug 04 22:33:11 2026] A fire giant warrior tries to hit YOU, but YOU block!
[Tue Aug 04 22:33:12 2026] A fire giant warrior pet begins casting Greater Healing.
[Tue Aug 04 22:33:12 2026] King Tranix pet tries to punch YOU, but misses!
[Tue Aug 04 22:33:12 2026] King Tranix pet tries to punch YOU, but misses!
[Tue Aug 04 22:33:12 2026] King Tranix pet tries to punch YOU, but misses!
[Tue Aug 04 22:33:12 2026] King Tranix pet tries to punch YOU, but misses!
[Tue Aug 04 22:33:12 2026] You try to slash King Tranix, but miss!
[Tue Aug 04 22:33:12 2026] You slash a fire giant warrior for 24 points of damage.
[Tue Aug 04 22:33:12 2026] You slash King Tranix for 24 points of damage.
[Tue Aug 04 22:33:12 2026] A fire giant warrior kicks YOU for 28 points of damage.
[Tue Aug 04 22:33:12 2026] A fire giant warrior tries to kick YOU, but YOU block!
[Tue Aug 04 22:33:12 2026] King Tranix hits YOU for 105 points of damage.
[Tue Aug 04 22:33:12 2026] A fire giant warrior tries to cleave YOU, but misses!
[Tue Aug 04 22:33:13 2026] King Tranix has taken 84 damage from your Blood Draw Strike.
[Tue Aug 04 22:33:13 2026] You healed Primitive for 84 hit points by Blood Draw Strike.
[Tue Aug 04 22:33:13 2026] You hurt yourself for 3 points.
[Tue Aug 04 22:33:13 2026] You bash a fire giant warrior for 25 points of damage.
[Tue Aug 04 22:33:13 2026] You bash King Tranix for 25 points of damage.
[Tue Aug 04 22:33:13 2026] You hurt yourself for 2 points.
[Tue Aug 04 22:33:13 2026] You kick a fire giant warrior for 20 points of damage.
[Tue Aug 04 22:33:13 2026] You kick King Tranix for 20 points of damage.
[Tue Aug 04 22:33:13 2026] You try to kick King Tranix, but miss!
[Tue Aug 04 22:33:13 2026] You hurt yourself for 6 points.
[Tue Aug 04 22:33:13 2026] You frenzy on a fire giant warrior for 48 points of damage.
[Tue Aug 04 22:33:13 2026] You frenzy on King Tranix for 48 points of damage.
[Tue Aug 04 22:33:13 2026] King Tranix tries to hit YOU, but YOU parry!
[Tue Aug 04 22:33:13 2026] You pierce a fire giant warrior for 11 points of damage.
[Tue Aug 04 22:33:13 2026] You pierce King Tranix for 11 points of damage.
[Tue Aug 04 22:33:13 2026] You try to pierce King Tranix, but miss!
[Tue Aug 04 22:33:13 2026] You smite a fire giant warrior for 28 points of damage.
[Tue Aug 04 22:33:13 2026] You smite King Tranix for 28 points of damage. (Critical)
[Tue Aug 04 22:33:13 2026] You hit King Tranix for 154 points of magic damage by Smiting Strike.
[Tue Aug 04 22:33:13 2026] King Tranix staggers.
[Tue Aug 04 22:33:13 2026] You slash a fire giant warrior for 41 points of damage.
[Tue Aug 04 22:33:13 2026] You slash King Tranix for 41 points of damage.
[Tue Aug 04 22:33:14 2026] King Tranix pet tries to punch YOU, but misses!
[Tue Aug 04 22:33:14 2026] King Tranix pet tries to punch YOU, but misses!
[Tue Aug 04 22:33:14 2026] A fire giant warrior tries to bash YOU, but misses!
[Tue Aug 04 22:33:14 2026] A fire giant warrior bashes YOU for 27 points of damage.
[Tue Aug 04 22:33:14 2026] King Tranix pet tries to bash YOU, but misses!
[Tue Aug 04 22:33:14 2026] King Tranix pet tries to bash YOU, but misses!
[Tue Aug 04 22:33:14 2026] A fire giant warrior tries to hit YOU, but misses!
[Tue Aug 04 22:33:14 2026] King Tranix feels much better.
[Tue Aug 04 22:33:14 2026] a fire giant warrior pet healed King Tranix for 350 hit points by Greater Healing.
[Tue Aug 04 22:33:14 2026] A fire giant warrior pet bites YOU for 41 points of damage.
[Tue Aug 04 22:33:14 2026] A fire giant warrior pet bites YOU for 10 points of damage.
[Tue Aug 04 22:33:14 2026] A fire giant warrior pet tries to bash YOU, but misses!
[Tue Aug 04 22:33:14 2026] King Tranix hits YOU for 124 points of damage.
[Tue Aug 04 22:33:15 2026] A fire giant warrior pet kicks YOU for 23 points of damage.
[Tue Aug 04 22:33:15 2026] A fire giant warrior pet tries to kick YOU, but misses!
[Tue Aug 04 22:33:15 2026] You pierce a fire giant warrior for 1 point of damage.
[Tue Aug 04 22:33:15 2026] You pierce King Tranix for 1 point of damage.
[Tue Aug 04 22:33:15 2026] You try to slash King Tranix, but miss!
[Tue Aug 04 22:33:15 2026] A fire giant warrior tries to hit YOU, but YOU parry!
[Tue Aug 04 22:33:15 2026] A fire giant warrior tries to hit YOU, but misses!
[Tue Aug 04 22:33:15 2026] You have taken 11 damage from Sicken by a fire giant warrior pet.
[Tue Aug 04 22:33:15 2026] You have taken 90 damage from Envenomed Breath by a fire giant warrior pet.
[Tue Aug 04 22:33:15 2026] You have taken 43 damage from Heat Blood by King Tranix pet.
[Tue Aug 04 22:33:15 2026] You have taken 72 damage from Cascading Darkness by King Tranix.
[Tue Aug 04 22:33:15 2026] You have taken 20 damage from Negation of Life by King Tranix pet.
[Tue Aug 04 22:33:16 2026] A fire giant warrior pet bites YOU for 17 points of damage.
[Tue Aug 04 22:33:16 2026] A fire giant warrior tries to kick YOU, but misses!
[Tue Aug 04 22:33:16 2026] You pierce a fire giant warrior for 12 points of damage.
[Tue Aug 04 22:33:16 2026] You pierce King Tranix for 12 points of damage.
[Tue Aug 04 22:33:16 2026] You pierce a fire giant warrior for 29 points of damage.
[Tue Aug 04 22:33:16 2026] You pierce King Tranix for 29 points of damage.
[Tue Aug 04 22:33:16 2026] You hurt yourself for 4 points.
[Tue Aug 04 22:33:16 2026] You backstab a fire giant warrior for 31 points of damage.
[Tue Aug 04 22:33:16 2026] You backstab King Tranix for 31 points of damage.
[Tue Aug 04 22:33:16 2026] King Tranix pet tries to punch YOU, but misses!
[Tue Aug 04 22:33:16 2026] King Tranix pet punches YOU for 48 points of damage.
[Tue Aug 04 22:33:16 2026] King Tranix pet tries to punch YOU, but misses!
[Tue Aug 04 22:33:17 2026] You try to slash King Tranix, but miss!
[Tue Aug 04 22:33:17 2026] You slash a fire giant warrior for 78 points of damage.
[Tue Aug 04 22:33:17 2026] You slash King Tranix for 78 points of damage.
[Tue Aug 04 22:33:17 2026] Insufficient Mana to cast this spell!
[Tue Aug 04 22:33:17 2026] Insufficient Mana to cast this spell!
[Tue Aug 04 22:33:17 2026] King Tranix tries to hit YOU, but YOU block!
[Tue Aug 04 22:33:17 2026] King Tranix hits YOU for 166 points of damage.
[Tue Aug 04 22:33:17 2026] Insufficient Mana to cast this spell!
[Tue Aug 04 22:33:18 2026] A fire giant warrior tries to cleave YOU, but misses!
[Tue Aug 04 22:33:18 2026] A fire giant warrior tries to cleave YOU, but misses!
[Tue Aug 04 22:33:18 2026] Insufficient Mana to cast this spell!
[Tue Aug 04 22:33:18 2026] You hurt yourself for 4 points.
[Tue Aug 04 22:33:18 2026] You bash a fire giant warrior for 30 points of damage.
[Tue Aug 04 22:33:18 2026] You bash King Tranix for 30 points of damage.
[Tue Aug 04 22:33:18 2026] King Tranix pet tries to kick YOU, but misses!
[Tue Aug 04 22:33:18 2026] King Tranix pet tries to kick YOU, but YOU parry!
[Tue Aug 04 22:33:18 2026] You hurt yourself for 1 points.
[Tue Aug 04 22:33:18 2026] You kick a fire giant warrior for 14 points of damage.
[Tue Aug 04 22:33:18 2026] You kick King Tranix for 14 points of damage.
[Tue Aug 04 22:33:18 2026] You gain a rune for 8 points of absorption.
[Tue Aug 04 22:33:18 2026] You pierce a fire giant warrior for 29 points of damage.
[Tue Aug 04 22:33:18 2026] You pierce King Tranix for 29 points of damage. (Critical)
[Tue Aug 04 22:33:18 2026] Insufficient Mana to cast this spell!
[Tue Aug 04 22:33:18 2026] You try to slash King Tranix, but King Tranix parries!
[Tue Aug 04 22:33:18 2026] You slash a fire giant warrior for 30 points of damage.
[Tue Aug 04 22:33:18 2026] You slash King Tranix for 30 points of damage.
[Tue Aug 04 22:33:18 2026] A fire giant warrior pet bites YOU for 43 points of damage.
[Tue Aug 04 22:33:18 2026] A fire giant warrior tries to hit YOU, but misses!
[Tue Aug 04 22:33:18 2026] Insufficient Mana to cast this spell!
[Tue Aug 04 22:33:19 2026] A fire giant warrior hits YOU for 110 points of damage.
[Tue Aug 04 22:33:19 2026] King Tranix pet tries to punch YOU, but misses!
[Tue Aug 04 22:33:19 2026] King Tranix pet tries to punch YOU, but misses!
[Tue Aug 04 22:33:19 2026] King Tranix pet punches YOU for 43 points of damage.
[Tue Aug 04 22:33:19 2026] King Tranix pet punches YOU for 36 points of damage.
[Tue Aug 04 22:33:19 2026] You feel your life force drain away.
[Tue Aug 04 22:33:19 2026] King Tranix pet healed itself for 58 hit points by Specter Lifetap.
[Tue Aug 04 22:33:19 2026] King Tranix tries to hit YOU, but misses!
[Tue Aug 04 22:33:19 2026] King Tranix tries to hit YOU, but misses!
[Tue Aug 04 22:33:20 2026] You try to pierce King Tranix, but miss!
[Tue Aug 04 22:33:20 2026] You gain a rune for 26 points of absorption.
[Tue Aug 04 22:33:20 2026] You slash a fire giant warrior for 87 points of damage.
[Tue Aug 04 22:33:20 2026] You slash King Tranix for 87 points of damage. (Critical)
[Tue Aug 04 22:33:20 2026] You begin to change your invocation.
[Tue Aug 04 22:33:21 2026] You begin reciting the recovery invocation.
[Tue Aug 04 22:33:21 2026] A fire giant warrior pet bites YOU for 46 points of damage.
[Tue Aug 04 22:33:21 2026] A fire giant warrior pet bites YOU for 44 points of damage.
[Tue Aug 04 22:33:21 2026] A fire giant warrior pet tries to bite YOU, but misses!
[Tue Aug 04 22:33:21 2026] A fire giant warrior tries to bash YOU, but misses!
[Tue Aug 04 22:33:21 2026] A fire giant warrior tries to bash YOU, but YOU dodge!
[Tue Aug 04 22:33:21 2026] You have taken 11 damage from Sicken by a fire giant warrior pet.
[Tue Aug 04 22:33:21 2026] You have taken 90 damage from Envenomed Breath by a fire giant warrior pet.
[Tue Aug 04 22:33:21 2026] You have taken 43 damage from Heat Blood by King Tranix pet.
[Tue Aug 04 22:33:21 2026] You have taken 72 damage from Cascading Darkness by King Tranix.
[Tue Aug 04 22:33:21 2026] You have taken 20 damage from Negation of Life by King Tranix pet.
[Tue Aug 04 22:33:21 2026] King Tranix pet bashes YOU for 16 points of damage.
[Tue Aug 04 22:33:21 2026] You slash a fire giant warrior for 8 points of damage.
[Tue Aug 04 22:33:21 2026] You slash King Tranix for 8 points of damage.
[Tue Aug 04 22:33:21 2026] King Tranix pet tries to punch YOU, but misses!
[Tue Aug 04 22:33:21 2026] King Tranix pet punches YOU for 36 points of damage.
[Tue Aug 04 22:33:21 2026] King Tranix pet punches YOU for 51 points of damage.
[Tue Aug 04 22:33:22 2026] A fire giant warrior pet tries to bash YOU, but misses!
[Tue Aug 04 22:33:22 2026] A fire giant warrior pet tries to bash YOU, but misses!
[Tue Aug 04 22:33:22 2026] A fire giant warrior ceases protecting King Tranix.
[Tue Aug 04 22:33:22 2026] A fire giant warrior pet tries to kick YOU, but misses!
[Tue Aug 04 22:33:22 2026] A fire giant warrior pet tries to kick YOU, but YOU block!
[Tue Aug 04 22:33:22 2026] King Tranix tries to hit YOU, but misses!
[Tue Aug 04 22:33:22 2026] King Tranix hits YOU for 93 points of damage.
[Tue Aug 04 22:33:22 2026] A fire giant warrior hits YOU for 51 points of damage.
[Tue Aug 04 22:33:22 2026] A fire giant warrior tries to kick YOU, but YOU block!
[Tue Aug 04 22:33:22 2026] You try to frenzy on King Tranix, but miss!
[Tue Aug 04 22:33:22 2026] You hurt yourself for 3 points.
[Tue Aug 04 22:33:22 2026] You frenzy on King Tranix for 57 points of damage.
[Tue Aug 04 22:33:22 2026] You try to frenzy on King Tranix, but miss!
[Tue Aug 04 22:33:22 2026] You hurt yourself for 2 points.
[Tue Aug 04 22:33:22 2026] You frenzy on King Tranix for 37 points of damage.
[Tue Aug 04 22:33:22 2026] A fire giant warrior tries to hit YOU, but misses!
[Tue Aug 04 22:33:22 2026] You try to smite King Tranix, but miss!
[Tue Aug 04 22:33:22 2026] You smite King Tranix for 44 points of damage. (Critical)
[Tue Aug 04 22:33:22 2026] You hit King Tranix for 154 points of magic damage by Smiting Strike.
[Tue Aug 04 22:33:22 2026] King Tranix staggers.
[Tue Aug 04 22:33:23 2026] You hurt yourself for 9 points.
[Tue Aug 04 22:33:23 2026] You gain a rune for 33 points of absorption.
[Tue Aug 04 22:33:23 2026] You backstab King Tranix for 224 points of damage. (Critical)
[Tue Aug 04 22:33:23 2026] You slash King Tranix for 131 points of damage.
[Tue Aug 04 22:33:23 2026] You slash King Tranix for 72 points of damage.
[Tue Aug 04 22:33:23 2026] You hit King Tranix for 49 points of poison damage by Blood Draw Strike.
[Tue Aug 04 22:33:23 2026] King Tranix begins to bleed profusely!
[Tue Aug 04 22:33:23 2026] You pierce King Tranix for 30 points of damage.
[Tue Aug 04 22:33:23 2026] You hurt yourself for 7 points.
[Tue Aug 04 22:33:23 2026] You bash King Tranix for 106 points of damage.
[Tue Aug 04 22:33:23 2026] You try to bash King Tranix, but miss!
[Tue Aug 04 22:33:23 2026] You try to bash King Tranix, but miss!
[Tue Aug 04 22:33:23 2026] You hurt yourself for 1 points.
[Tue Aug 04 22:33:23 2026] You kick King Tranix for 28 points of damage.
[Tue Aug 04 22:33:23 2026] You hurt yourself for 2 points.
[Tue Aug 04 22:33:23 2026] You kick King Tranix for 35 points of damage.
[Tue Aug 04 22:33:23 2026] A fire giant warrior pet bites YOU for 26 points of damage.
[Tue Aug 04 22:33:23 2026] A fire giant warrior pet tries to bite YOU, but YOU block!
[Tue Aug 04 22:33:23 2026] A fire giant warrior pet tries to bite YOU, but misses!
[Tue Aug 04 22:33:24 2026] King Tranix pet punches YOU for 27 points of damage.
[Tue Aug 04 22:33:24 2026] King Tranix hits YOU for 161 points of damage.
[Tue Aug 04 22:33:24 2026] King Tranix tries to hit YOU, but misses!
[Tue Aug 04 22:33:24 2026] A fire giant warrior tries to bash YOU, but misses!
[Tue Aug 04 22:33:25 2026] You slash King Tranix for 58 points of damage.
[Tue Aug 04 22:33:25 2026] You try to slash King Tranix, but miss!
[Tue Aug 04 22:33:25 2026] You try to pierce King Tranix, but miss!
[Tue Aug 04 22:33:25 2026] You gain a rune for 5 points of absorption.
[Tue Aug 04 22:33:25 2026] You pierce King Tranix for 37 points of damage. (Critical)
[Tue Aug 04 22:33:25 2026] King Tranix has taken 84 damage from your Blood Draw Strike.
[Tue Aug 04 22:33:25 2026] You healed Primitive for 84 hit points by Blood Draw Strike.
[Tue Aug 04 22:33:25 2026] King Tranix pet kicks YOU for 37 points of damage.
[Tue Aug 04 22:33:25 2026] A fire giant warrior pet bites YOU for 10 points of damage.
[Tue Aug 04 22:33:25 2026] A fire giant warrior pet tries to bite YOU, but misses!
[Tue Aug 04 22:33:26 2026] A fire giant warrior tries to hit YOU, but misses!
[Tue Aug 04 22:33:26 2026] A fire giant warrior tries to hit YOU, but misses!
[Tue Aug 04 22:33:26 2026] A fire giant warrior kicks YOU for 70 points of damage.
[Tue Aug 04 22:33:26 2026] A fire giant warrior tries to kick YOU, but YOU block!
[Tue Aug 04 22:33:26 2026] You hit King Tranix for 49 points of poison damage by Blood Draw Strike.
[Tue Aug 04 22:33:26 2026] King Tranix begins to bleed profusely!
[Tue Aug 04 22:33:26 2026] You slash King Tranix for 65 points of damage.
[Tue Aug 04 22:33:26 2026] You slash King Tranix for 72 points of damage.
[Tue Aug 04 22:33:26 2026] A fire giant warrior hits YOU for 34 points of damage.
[Tue Aug 04 22:33:26 2026] King Tranix pet punches YOU for 17 points of damage.
[Tue Aug 04 22:33:26 2026] You pierce King Tranix for 20 points of damage.
[Tue Aug 04 22:33:27 2026] King Tranix hits YOU for 111 points of damage.
[Tue Aug 04 22:33:27 2026] King Tranix hits YOU for 50 points of damage.
[Tue Aug 04 22:33:27 2026] You have taken 11 damage from Sicken by a fire giant warrior pet.
[Tue Aug 04 22:33:27 2026] You have taken 90 damage from Envenomed Breath by a fire giant warrior pet.
[Tue Aug 04 22:33:27 2026] You have taken 43 damage from Heat Blood by King Tranix pet.
[Tue Aug 04 22:33:27 2026] You have taken 72 damage from Cascading Darkness by King Tranix.
[Tue Aug 04 22:33:27 2026] The darkness fades.
[Tue Aug 04 22:33:27 2026] You have taken 20 damage from Negation of Life by King Tranix pet.
[Tue Aug 04 22:33:27 2026] A fire giant warrior tries to cleave YOU, but YOU block!
[Tue Aug 04 22:33:28 2026] King Tranix pet begins casting Engulfing Darkness.
[Tue Aug 04 22:33:28 2026] You try to slash King Tranix, but miss!
[Tue Aug 04 22:33:28 2026] A fire giant warrior pet tries to bite YOU, but YOU block!
[Tue Aug 04 22:33:28 2026] A fire giant warrior pet tries to bite YOU, but misses!
[Tue Aug 04 22:33:28 2026] A fire giant warrior pet tries to bite YOU, but misses!
[Tue Aug 04 22:33:28 2026] You pierce King Tranix for 37 points of damage.
[Tue Aug 04 22:33:28 2026] You gain a rune for 8 points of absorption.
[Tue Aug 04 22:33:28 2026] You pierce King Tranix for 59 points of damage. (Critical)
[Tue Aug 04 22:33:28 2026] You try to bash King Tranix, but miss!
[Tue Aug 04 22:33:28 2026] You hurt yourself for 2 points.
[Tue Aug 04 22:33:28 2026] You gain a rune for 9 points of absorption.
[Tue Aug 04 22:33:28 2026] You bash King Tranix for 63 points of damage. (Critical)
[Tue Aug 04 22:33:28 2026] You hurt yourself for 1 points.
[Tue Aug 04 22:33:28 2026] You kick King Tranix for 20 points of damage.
[Tue Aug 04 22:33:28 2026] You kick King Tranix for 8 points of damage.
[Tue Aug 04 22:33:28 2026] King Tranix hits YOU for 56 points of damage. (Riposte)
[Tue Aug 04 22:33:29 2026] A fire giant warrior pet tries to bash YOU, but misses!
[Tue Aug 04 22:33:29 2026] A fire giant warrior pet kicks YOU for 29 points of damage.
[Tue Aug 04 22:33:29 2026] King Tranix hits YOU for 50 points of damage.
[Tue Aug 04 22:33:29 2026] King Tranix tries to hit YOU, but misses!
[Tue Aug 04 22:33:29 2026] You try to backstab King Tranix, but miss!
[Tue Aug 04 22:33:29 2026] You try to backstab King Tranix, but miss!
[Tue Aug 04 22:33:29 2026] You slash King Tranix for 157 points of damage.
[Tue Aug 04 22:33:29 2026] You try to slash King Tranix, but miss!
[Tue Aug 04 22:33:29 2026] A fire giant warrior tries to hit YOU, but misses!
[Tue Aug 04 22:33:29 2026] A fire giant warrior hits YOU for 85 points of damage.
[Tue Aug 04 22:33:30 2026] You resist King Tranix pet's Engulfing Darkness!
[Tue Aug 04 22:33:30 2026] King Tranix pet tries to punch YOU, but misses!
[Tue Aug 04 22:33:30 2026] King Tranix pet tries to bash YOU, but misses!
[Tue Aug 04 22:33:30 2026] King Tranix pet tries to bash YOU, but misses!
[Tue Aug 04 22:33:30 2026] You try to pierce King Tranix, but miss!
[Tue Aug 04 22:33:30 2026] You pierce King Tranix for 29 points of damage.
[Tue Aug 04 22:33:30 2026] A fire giant warrior hits YOU for 143 points of damage.
[Tue Aug 04 22:33:30 2026] A fire giant warrior pet tries to bite YOU, but misses!
[Tue Aug 04 22:33:30 2026] A fire giant warrior pet tries to bite YOU, but misses!
[Tue Aug 04 22:33:31 2026] King Tranix has taken 84 damage from your Blood Draw Strike.
[Tue Aug 04 22:33:31 2026] You healed Primitive for 84 hit points by Blood Draw Strike.
[Tue Aug 04 22:33:31 2026] King Tranix's limbs move slower!
[Tue Aug 04 22:33:31 2026] You try to slash King Tranix, but miss!
[Tue Aug 04 22:33:31 2026] A fire giant warrior tries to bash YOU, but misses!
[Tue Aug 04 22:33:31 2026] King Tranix pet tries to punch YOU, but misses!
[Tue Aug 04 22:33:31 2026] King Tranix pet punches YOU for 17 points of damage.
[Tue Aug 04 22:33:31 2026] Insufficient Mana to cast this spell!
[Tue Aug 04 22:33:31 2026] You pierce King Tranix for 51 points of damage.
[Tue Aug 04 22:33:31 2026] You pierce King Tranix for 35 points of damage.
[Tue Aug 04 22:33:31 2026] King Tranix tries to hit YOU, but YOU parry!
[Tue Aug 04 22:33:32 2026] You hurt yourself for 5 points.
[Tue Aug 04 22:33:32 2026] You frenzy on King Tranix for 80 points of damage.
[Tue Aug 04 22:33:32 2026] You try to frenzy on King Tranix, but miss!
[Tue Aug 04 22:33:32 2026] You frenzy on King Tranix for 11 points of damage.
[Tue Aug 04 22:33:32 2026] You smite King Tranix for 35 points of damage. (Critical)
[Tue Aug 04 22:33:32 2026] You hit King Tranix for 154 points of magic damage by Smiting Strike.
[Tue Aug 04 22:33:32 2026] King Tranix staggers.
[Tue Aug 04 22:33:32 2026] You smite King Tranix for 26 points of damage.
[Tue Aug 04 22:33:32 2026] You hit King Tranix for 154 points of magic damage by Smiting Strike.
[Tue Aug 04 22:33:32 2026] King Tranix staggers.
[Tue Aug 04 22:33:32 2026] Insufficient Mana to cast this spell!
[Tue Aug 04 22:33:32 2026] A fire giant warrior tries to kick YOU, but YOU block!
[Tue Aug 04 22:33:32 2026] A fire giant warrior tries to kick YOU, but YOU dodge!
[Tue Aug 04 22:33:32 2026] Insufficient Mana to cast this spell!
[Tue Aug 04 22:33:32 2026] You try to slash King Tranix, but miss!
[Tue Aug 04 22:33:32 2026] You try to slash King Tranix, but miss!
[Tue Aug 04 22:33:33 2026] Insufficient Mana to cast this spell!
[Tue Aug 04 22:33:33 2026] King Tranix pet tries to kick YOU, but misses!
[Tue Aug 04 22:33:33 2026] King Tranix pet kicks YOU for 56 points of damage.
[Tue Aug 04 22:33:33 2026] A fire giant warrior tries to cleave YOU, but misses!
[Tue Aug 04 22:33:33 2026] Insufficient Mana to cast this spell!
[Tue Aug 04 22:33:33 2026] A fire giant warrior pet tries to bite YOU, but YOU block!
[Tue Aug 04 22:33:33 2026] A fire giant warrior pet tries to bite YOU, but misses!
[Tue Aug 04 22:33:33 2026] A fire giant warrior tries to hit YOU, but misses!
[Tue Aug 04 22:33:33 2026] You hurt yourself for 2 points.
[Tue Aug 04 22:33:33 2026] You bash King Tranix for 38 points of damage.
[Tue Aug 04 22:33:33 2026] You hurt yourself for 2 points.
[Tue Aug 04 22:33:33 2026] You bash King Tranix for 36 points of damage.
[Tue Aug 04 22:33:33 2026] You have taken 11 damage from Sicken by a fire giant warrior pet.
[Tue Aug 04 22:33:33 2026] You have taken 90 damage from Envenomed Breath by a fire giant warrior pet.
[Tue Aug 04 22:33:33 2026] The poison has run its course.
[Tue Aug 04 22:33:33 2026] You have taken 43 damage from Heat Blood by King Tranix pet.
[Tue Aug 04 22:33:33 2026] You have taken 20 damage from Negation of Life by King Tranix pet.
[Tue Aug 04 22:33:33 2026] You try to kick King Tranix, but miss!
[Tue Aug 04 22:33:34 2026] King Tranix pet tries to punch YOU, but YOU dodge!
[Tue Aug 04 22:33:34 2026] King Tranix pet punches YOU for 17 points of damage.
[Tue Aug 04 22:33:34 2026] A fire giant warrior hits YOU for 85 points of damage.
[Tue Aug 04 22:33:34 2026] A fire giant warrior hits YOU for 194 points of damage.
[Tue Aug 04 22:33:34 2026] King Tranix hits YOU for 166 points of damage.
[Tue Aug 04 22:33:34 2026] King Tranix hits YOU for 111 points of damage.
[Tue Aug 04 22:33:34 2026] Insufficient Mana to cast this spell!
[Tue Aug 04 22:33:34 2026] You gain a rune for 18 points of absorption.
[Tue Aug 04 22:33:34 2026] You slash King Tranix for 120 points of damage. (Critical)
[Tue Aug 04 22:33:34 2026] You try to slash King Tranix, but miss!
[Tue Aug 04 22:33:34 2026] A fire giant warrior tries to bash YOU, but misses!
[Tue Aug 04 22:33:34 2026] Insufficient Mana to cast this spell!
[Tue Aug 04 22:33:35 2026] King Tranix's fingers slow down.
[Tue Aug 04 22:33:35 2026] You try to pierce King Tranix, but King Tranix parries!
[Tue Aug 04 22:33:35 2026] You try to pierce King Tranix, but miss!
[Tue Aug 04 22:33:35 2026] Insufficient Mana to cast this spell!
[Tue Aug 04 22:33:35 2026] Insufficient Mana to cast this spell!
[Tue Aug 04 22:33:35 2026] A fire giant warrior pet bites YOU for 46 points of damage.
[Tue Aug 04 22:33:35 2026] A fire giant warrior pet begins casting Ice Spear.
[Tue Aug 04 22:33:36 2026] You try to backstab King Tranix, but miss!
[Tue Aug 04 22:33:36 2026] You try to backstab King Tranix, but King Tranix dodges!
[Tue Aug 04 22:33:36 2026] You try to slash King Tranix, but miss!
[Tue Aug 04 22:33:36 2026] King Tranix pet tries to punch YOU, but YOU riposte!
[Tue Aug 04 22:33:36 2026] You slash King Tranix pet for 47 points of damage. (Riposte)
[Tue Aug 04 22:33:36 2026] King Tranix pet punches YOU for 17 points of damage.
[Tue Aug 04 22:33:36 2026] King Tranix pet tries to punch YOU, but misses!
[Tue Aug 04 22:33:36 2026] You are stunned!
[Tue Aug 04 22:33:36 2026] A fire giant warrior pet tries to kick YOU, but YOU riposte!
[Tue Aug 04 22:33:36 2026] A fire giant warrior pet tries to bash YOU, but misses!
[Tue Aug 04 22:33:36 2026] A fire giant warrior pet bashes YOU for 9 points of damage.
[Tue Aug 04 22:33:36 2026] King Tranix tries to hit YOU, but misses!
[Tue Aug 04 22:33:36 2026] A fire giant warrior kicks YOU for 41 points of damage.
[Tue Aug 04 22:33:36 2026] A fire giant warrior tries to kick YOU, but misses!
[Tue Aug 04 22:33:36 2026] You can't cast spells while stunned!
[Tue Aug 04 22:33:37 2026] You can't cast spells while stunned!
[Tue Aug 04 22:33:37 2026] You can't cast spells while stunned!
[Tue Aug 04 22:33:37 2026] King Tranix pet bashes YOU for 16 points of damage.
[Tue Aug 04 22:33:37 2026] King Tranix pet tries to bash YOU, but misses!
[Tue Aug 04 22:33:37 2026] King Tranix has taken 84 damage from your Blood Draw Strike.
[Tue Aug 04 22:33:37 2026] You healed Primitive for 84 hit points by Blood Draw Strike.
[Tue Aug 04 22:33:37 2026] A fire giant warrior hits YOU for 135 points of damage.
[Tue Aug 04 22:33:37 2026] A fire giant warrior tries to hit YOU, but misses!
[Tue Aug 04 22:33:37 2026] Your blood cools.
[Tue Aug 04 22:33:37 2026] You have been summoned!
[Tue Aug 04 22:33:37 2026] You are no longer stunned.
[Tue Aug 04 22:33:37 2026] You pierce King Tranix for 23 points of damage.
[Tue Aug 04 22:33:37 2026] A fire giant warrior tries to hit YOU, but misses!
[Tue Aug 04 22:33:37 2026] King Tranix's limbs move slower!
[Tue Aug 04 22:33:37 2026] You slash King Tranix for 50 points of damage.
[Tue Aug 04 22:33:37 2026] You slash King Tranix for 61 points of damage.
[Tue Aug 04 22:33:38 2026] A fire giant warrior pet tries to bite YOU, but misses!
[Tue Aug 04 22:33:38 2026] A fire giant warrior pet tries to bite YOU, but YOU block!
[Tue Aug 04 22:33:38 2026] A fire giant warrior pet tries to bite YOU, but YOU block!
[Tue Aug 04 22:33:38 2026] A fire giant warrior pet bites YOU for 10 points of damage.
[Tue Aug 04 22:33:38 2026] You try to pierce King Tranix, but miss!
[Tue Aug 04 22:33:38 2026] King Tranix pet tries to punch YOU, but misses!
[Tue Aug 04 22:33:38 2026] King Tranix pet tries to punch YOU, but misses!
[Tue Aug 04 22:33:38 2026] You bash King Tranix for 13 points of damage.
[Tue Aug 04 22:33:38 2026] You bash King Tranix for 127 points of damage.
[Tue Aug 04 22:33:39 2026] King Tranix tries to hit YOU, but YOU dodge!
[Tue Aug 04 22:33:39 2026] King Tranix tries to hit YOU, but misses!
[Tue Aug 04 22:33:39 2026] You kick King Tranix for 2 points of damage.
[Tue Aug 04 22:33:39 2026] You gain a rune for 6 points of absorption.
[Tue Aug 04 22:33:39 2026] You kick King Tranix for 46 points of damage. (Critical)
[Tue Aug 04 22:33:39 2026] You kick King Tranix for 38 points of damage.
[Tue Aug 04 22:33:39 2026] You gain a rune for 36 points of absorption.
[Tue Aug 04 22:33:39 2026] You slash King Tranix for 240 points of damage. (Critical)
[Tue Aug 04 22:33:39 2026] You slash King Tranix for 25 points of damage.
[Tue Aug 04 22:33:39 2026] You have taken 11 damage from Sicken by a fire giant warrior pet.
[Tue Aug 04 22:33:39 2026] You have taken 43 damage from Heat Blood by King Tranix pet.
[Tue Aug 04 22:33:39 2026] You have taken 20 damage from Negation of Life by King Tranix pet.
[Tue Aug 04 22:33:40 2026] King Tranix pet tries to kick YOU, but misses!
[Tue Aug 04 22:33:40 2026] You pierce King Tranix for 4 points of damage.
[Tue Aug 04 22:33:40 2026] You gain a rune for 12 points of absorption.
[Tue Aug 04 22:33:40 2026] You pierce King Tranix for 85 points of damage. (Critical)
[Tue Aug 04 22:33:40 2026] A fire giant warrior pet tries to bite YOU, but misses!
[Tue Aug 04 22:33:40 2026] A fire giant warrior pet bites YOU for 15 points of damage.
[Tue Aug 04 22:33:40 2026] A fire giant warrior pet bites YOU for 32 points of damage.
[Tue Aug 04 22:33:40 2026] A fire giant warrior hits YOU for 102 points of damage.
[Tue Aug 04 22:33:40 2026] You have been knocked unconscious!
[Tue Aug 04 22:33:40 2026] You have been slain by a fire giant warrior!
[Tue Aug 04 22:33:41 2026] King Tranix begins casting Diamondskin.
[Tue Aug 04 22:33:41 2026] A fire giant warrior begins casting Spiritual Brawn.
[Tue Aug 04 22:33:43 2026] Returning to Zone Safe Point. Please wait...
[Tue Aug 04 22:33:44 2026] You feel your strength return.
