[Tue Jul 28 22:06:00 2026] You crush a froglok shin knight for 22 points of damage.
[Tue Jul 28 22:06:00 2026] You try to smite a froglok shin knight, but miss!
[Tue Jul 28 22:06:00 2026] A froglok shin knight hits YOU for 28 points of damage.
[Tue Jul 28 22:06:00 2026] A froglok ton knight tries to slash a froglok shin knight, but misses!
[Tue Jul 28 22:06:00 2026] A froglok ton knight tries to cleave a froglok shin knight, but misses!
[Tue Jul 28 22:06:00 2026] A froglok ton knight kicks a froglok shin knight for 6 points of damage.
[Tue Jul 28 22:06:00 2026] A froglok ton knight kicks a froglok shin knight for 8 points of damage.
[Tue Jul 28 22:06:00 2026] A froglok ton knight tries to bash a froglok shin knight, but misses!
[Tue Jul 28 22:06:00 2026] A froglok ton knight bashes a froglok shin knight for 1 point of damage.
[Tue Jul 28 22:06:01 2026] You bash a froglok shin knight for 1 point of damage.
[Tue Jul 28 22:06:01 2026] You kick a froglok shin knight for 12 points of damage.
[Tue Jul 28 22:06:02 2026] You crush a froglok shin knight for 13 points of damage.
[Tue Jul 28 22:06:02 2026] You try to crush a froglok shin knight, but miss!
[Tue Jul 28 22:06:02 2026] A froglok ton knight tries to slash a froglok shin knight, but misses!
[Tue Jul 28 22:06:02 2026] You strike a froglok shin knight for 14 points of damage.
[Tue Jul 28 22:06:03 2026] You can't use that command right now...
[Tue Jul 28 22:06:03 2026] You begin casting Sanity Warp.
[Tue Jul 28 22:06:03 2026] A froglok shin knight hits YOU for 12 points of damage.
[Tue Jul 28 22:06:03 2026] A froglok shin knight hits YOU for 12 points of damage.
[Tue Jul 28 22:06:03 2026] You regain your concentration and continue your casting.
[Tue Jul 28 22:06:03 2026] You hit a froglok shin knight for 86 points of magic damage by Sanity Warp.
[Tue Jul 28 22:06:03 2026] A froglok shin knight looks delirious.
[Tue Jul 28 22:06:03 2026] You have become better at Specialize Evocation! (50)
[Tue Jul 28 22:06:04 2026] A froglok shin knight cleaves YOU for 13 points of damage.
[Tue Jul 28 22:06:04 2026] A froglok shin knight cleaves YOU for 21 points of damage.
[Tue Jul 28 22:06:04 2026] A froglok shin knight cleaves a froglok ton knight for 58 points of damage.
[Tue Jul 28 22:06:04 2026] A froglok shin knight cleaves a froglok ton knight for 58 points of damage.
[Tue Jul 28 22:06:04 2026] A froglok ton knight tries to slash a froglok shin knight, but misses!
[Tue Jul 28 22:06:04 2026] You crush a froglok shin knight for 10 points of damage.
[Tue Jul 28 22:06:06 2026] A froglok ton knight slashes a froglok shin knight for 3 points of damage.
[Tue Jul 28 22:06:06 2026] A froglok shin knight tries to bash YOU, but misses!
[Tue Jul 28 22:06:06 2026] A froglok shin knight bashes YOU for 1 point of damage.
[Tue Jul 28 22:06:06 2026] You crush a froglok shin knight for 12 points of damage.
[Tue Jul 28 22:06:06 2026] A froglok ton knight tries to kick a froglok shin knight, but misses!
[Tue Jul 28 22:06:07 2026] A froglok shin knight kicks YOU for 7 points of damage.
[Tue Jul 28 22:06:07 2026] A froglok shin knight kicks YOU for 11 points of damage.
[Tue Jul 28 22:06:07 2026] A froglok ton knight bashes a froglok shin knight for 1 point of damage.
[Tue Jul 28 22:06:07 2026] You strike a froglok shin knight for 8 points of damage.
[Tue Jul 28 22:06:07 2026] A froglok shin knight tries to hit YOU, but misses!
[Tue Jul 28 22:06:07 2026] A froglok shin knight tries to hit YOU, but misses!
[Tue Jul 28 22:06:07 2026] You try to bash a froglok shin knight, but miss!
[Tue Jul 28 22:06:07 2026] You bash a froglok shin knight for 1 point of damage.
[Tue Jul 28 22:06:08 2026] You can't use that command right now...
[Tue Jul 28 22:06:08 2026] You try to kick a froglok shin knight, but miss!
[Tue Jul 28 22:06:08 2026] You begin casting Sanity Warp.
[Tue Jul 28 22:06:08 2026] A froglok ton knight slashes a froglok shin knight for 34 points of damage.
[Tue Jul 28 22:06:08 2026] You can't use that command right now...
[Tue Jul 28 22:06:09 2026] You hit a froglok shin knight for 86 points of magic damage by Sanity Warp.
[Tue Jul 28 22:06:09 2026] A froglok shin knight looks delirious.
[Tue Jul 28 22:06:09 2026] You crush a froglok shin knight for 7 points of damage.
[Tue Jul 28 22:06:09 2026] You crush a froglok shin knight for 19 points of damage.
[Tue Jul 28 22:06:09 2026] A froglok ton knight cleaves a froglok shin knight for 12 points of damage.
[Tue Jul 28 22:06:10 2026] A froglok shin knight tries to hit YOU, but misses!
[Tue Jul 28 22:06:10 2026] A froglok shin knight hits YOU for 23 points of damage.
[Tue Jul 28 22:06:10 2026] A froglok ton knight slashes a froglok shin knight for 31 points of damage.
[Tue Jul 28 22:06:11 2026] You try to crush a froglok shin knight, but miss!
[Tue Jul 28 22:06:11 2026] You crush a froglok shin knight for 8 points of damage.
[Tue Jul 28 22:06:11 2026] You try to strike a froglok shin knight, but miss!
[Tue Jul 28 22:06:11 2026] You smite a froglok shin knight for 24 points of damage.
[Tue Jul 28 22:06:11 2026] You hit a froglok shin knight for 56 points of magic damage by Smiting Strike.
[Tue Jul 28 22:06:11 2026] A froglok shin knight staggers.
[Tue Jul 28 22:06:12 2026] A froglok ton knight tries to slash a froglok shin knight, but misses!
[Tue Jul 28 22:06:13 2026] A froglok ton knight tries to kick a froglok shin knight, but misses!
[Tue Jul 28 22:06:13 2026] A froglok ton knight bashes a froglok shin knight for 1 point of damage.
[Tue Jul 28 22:06:13 2026] You try to crush a froglok shin knight, but miss!
[Tue Jul 28 22:06:13 2026] You crush a froglok shin knight for 16 points of damage.
[Tue Jul 28 22:06:13 2026] You bash a froglok shin knight for 1 point of damage.
[Tue Jul 28 22:06:13 2026] A froglok shin knight hits YOU for 29 points of damage.
[Tue Jul 28 22:06:14 2026] You can't use that command right now...
[Tue Jul 28 22:06:14 2026] You begin casting Sanity Warp.
[Tue Jul 28 22:06:14 2026] You can't use that command right now...
[Tue Jul 28 22:06:14 2026] You regain your concentration and continue your casting.
[Tue Jul 28 22:06:14 2026] You hit a froglok shin knight for 86 points of magic damage by Sanity Warp.
[Tue Jul 28 22:06:14 2026] A froglok shin knight looks delirious.
[Tue Jul 28 22:06:15 2026] A froglok ton knight tries to slash a froglok shin knight, but misses!
[Tue Jul 28 22:06:15 2026] A froglok ton knight slashes a froglok shin knight for 20 points of damage.
[Tue Jul 28 22:06:15 2026] You try to kick a froglok shin knight, but miss!
[Tue Jul 28 22:06:15 2026] You try to crush a froglok shin knight, but miss!
[Tue Jul 28 22:06:15 2026] You strike a froglok shin knight for 11 points of damage.
[Tue Jul 28 22:06:16 2026] A froglok shin knight bashes YOU for 1 point of damage.
[Tue Jul 28 22:06:16 2026] A froglok shin knight tries to bash YOU, but misses!
[Tue Jul 28 22:06:17 2026] A froglok shin knight tries to hit YOU, but misses!
[Tue Jul 28 22:06:17 2026] A froglok shin knight kicks YOU for 1 point of damage.
[Tue Jul 28 22:06:17 2026] A froglok ton knight slashes a froglok shin knight for 3 points of damage.
[Tue Jul 28 22:06:17 2026] A froglok ton knight tries to slash a froglok shin knight, but misses!
[Tue Jul 28 22:06:17 2026] You try to crush a froglok shin knight, but miss!
[Tue Jul 28 22:06:19 2026] A froglok ton knight tries to cleave a froglok shin knight, but misses!
[Tue Jul 28 22:06:19 2026] A froglok ton knight kicks a froglok shin knight for 10 points of damage.
[Tue Jul 28 22:06:19 2026] You can't use that command right now...
[Tue Jul 28 22:06:19 2026] You begin casting Sanity Warp.
[Tue Jul 28 22:06:19 2026] A froglok ton knight tries to slash a froglok shin knight, but misses!
[Tue Jul 28 22:06:19 2026] A froglok ton knight tries to slash a froglok shin knight, but misses!
[Tue Jul 28 22:06:19 2026] A froglok ton knight bashes a froglok shin knight for 1 point of damage.
[Tue Jul 28 22:06:19 2026] You can't use that command right now...
[Tue Jul 28 22:06:20 2026] You hit a froglok shin knight for 86 points of magic damage by Sanity Warp.
[Tue Jul 28 22:06:20 2026] A froglok shin knight looks delirious.
[Tue Jul 28 22:06:20 2026] A froglok shin knight cleaves YOU for 25 points of damage.
[Tue Jul 28 22:06:20 2026] A froglok shin knight cleaves a froglok ton knight for 29 points of damage.
[Tue Jul 28 22:06:20 2026] You try to bash a froglok shin knight, but miss!
[Tue Jul 28 22:06:20 2026] You try to strike a froglok shin knight, but miss!
[Tue Jul 28 22:06:20 2026] You crush a froglok shin knight for 13 points of damage.
[Tue Jul 28 22:06:20 2026] You crush a froglok shin knight for 25 points of damage. (Critical)
[Tue Jul 28 22:06:20 2026] A froglok shin knight hits YOU for 3 points of damage.
[Tue Jul 28 22:06:21 2026] A froglok ton knight tries to slash a froglok shin knight, but misses!
[Tue Jul 28 22:06:21 2026] You kick a froglok shin knight for 37 points of damage. (Critical)
[Tue Jul 28 22:06:22 2026] A froglok shin warrior tries to hit YOU, but misses!
[Tue Jul 28 22:06:22 2026] A froglok shin warrior hits YOU for 13 points of damage.
[Tue Jul 28 22:06:22 2026] A froglok shin warrior cleaves YOU for 1 point of damage.
[Tue Jul 28 22:06:22 2026] A froglok shin warrior tries to bash YOU, but misses!
[Tue Jul 28 22:06:22 2026] You try to crush a froglok shin knight, but miss!
[Tue Jul 28 22:06:22 2026] A froglok shin warrior tries to kick YOU, but misses!
[Tue Jul 28 22:06:23 2026] You smite a froglok shin knight for 4 points of damage.
[Tue Jul 28 22:06:23 2026] You hit a froglok shin knight for 56 points of magic damage by Smiting Strike.
[Tue Jul 28 22:06:23 2026] A froglok shin knight staggers.
[Tue Jul 28 22:06:23 2026] Your Mesmerization spell has worn off of a froglok vis shaman.
[Tue Jul 28 22:06:23 2026] A froglok vis shaman begins casting Light Healing.
[Tue Jul 28 22:06:23 2026] A froglok shin knight hits a froglok ton knight for 14 points of damage. (Riposte)
[Tue Jul 28 22:06:24 2026] A froglok shin knight hits YOU for 12 points of damage.
[Tue Jul 28 22:06:24 2026] You begin casting Mesmerization.
[Tue Jul 28 22:06:24 2026] You can't use that command right now...
[Tue Jul 28 22:06:24 2026] You can't use that command right now...
[Tue Jul 28 22:06:24 2026] You can't use that command right now...
[Tue Jul 28 22:06:24 2026] A froglok shin warrior hits YOU for 3 points of damage.
[Tue Jul 28 22:06:24 2026] You regain your concentration and continue your casting.
[Tue Jul 28 22:06:24 2026] You try to crush a froglok shin knight, but miss!
[Tue Jul 28 22:06:25 2026] a froglok shin warrior has been mesmerized.
[Tue Jul 28 22:06:25 2026] a froglok vis shaman's Light Healing spell is interrupted.
[Tue Jul 28 22:06:25 2026] a froglok vis shaman has been mesmerized.
[Tue Jul 28 22:06:25 2026] a froglok shin knight has been mesmerized.
[Tue Jul 28 22:06:25 2026] A froglok ton knight told you, 'I am unable to wake a froglok shin knight, Master.'
[Tue Jul 28 22:06:25 2026] Your Mesmerization spell has worn off of a froglok shin knight.
[Tue Jul 28 22:06:25 2026] A froglok shin knight has been awakened by Primitive.
[Tue Jul 28 22:06:25 2026] You strike a froglok shin knight for 12 points of damage.
[Tue Jul 28 22:06:25 2026] A froglok ton knight told you, 'I am unable to wake a froglok shin warrior, Master.'
[Tue Jul 28 22:06:26 2026] You bash a froglok shin knight for 10 points of damage. (Critical)
[Tue Jul 28 22:06:26 2026] You bash a froglok shin knight for 1 point of damage.
[Tue Jul 28 22:06:26 2026] A froglok shin knight tries to bash YOU, but misses!
[Tue Jul 28 22:06:26 2026] A froglok ton knight tries to slash a froglok shin knight, but misses!
[Tue Jul 28 22:06:26 2026] A froglok ton knight tries to bash a froglok shin knight, but a froglok shin knight parries!
[Tue Jul 28 22:06:27 2026] You crush a froglok shin knight for 3 points of damage.
[Tue Jul 28 22:06:27 2026] A froglok ton knight tries to kick a froglok shin knight, but misses!
[Tue Jul 28 22:06:27 2026] A froglok ton knight tries to kick a froglok shin knight, but misses!
[Tue Jul 28 22:06:27 2026] A froglok shin knight tries to hit YOU, but YOU block!
[Tue Jul 28 22:06:27 2026] A froglok shin knight kicks YOU for 11 points of damage.
[Tue Jul 28 22:06:27 2026] A froglok shin knight kicks YOU for 1 point of damage.
[Tue Jul 28 22:06:27 2026] A froglok ton knight slashes a froglok shin knight for 34 points of damage.
[Tue Jul 28 22:06:27 2026] A froglok ton knight slashes a froglok shin knight for 24 points of damage.
[Tue Jul 28 22:06:28 2026] You kick a froglok shin knight for 4 points of damage.
[Tue Jul 28 22:06:28 2026] A froglok ton knight tries to cleave a froglok shin knight, but misses!
[Tue Jul 28 22:06:28 2026] You can't use that command right now...
[Tue Jul 28 22:06:28 2026] You begin casting Sanity Warp.
[Tue Jul 28 22:06:28 2026] You can't use that command right now...
[Tue Jul 28 22:06:29 2026] You hit a froglok shin knight for 86 points of magic damage by Sanity Warp.
[Tue Jul 28 22:06:29 2026] A froglok shin knight looks delirious.
[Tue Jul 28 22:06:29 2026] You crush a froglok shin knight for 16 points of damage.
[Tue Jul 28 22:06:29 2026] You try to crush a froglok shin knight, but miss!
[Tue Jul 28 22:06:29 2026] You try to strike a froglok shin knight, but miss!
[Tue Jul 28 22:06:29 2026] A froglok ton knight tries to slash a froglok shin knight, but misses!
[Tue Jul 28 22:06:30 2026] A froglok shin knight hits YOU for 18 points of damage.
[Tue Jul 28 22:06:30 2026] A froglok shin knight tries to hit YOU, but YOU riposte!
[Tue Jul 28 22:06:30 2026] You crush a froglok shin knight for 6 points of damage. (Riposte)
[Tue Jul 28 22:06:31 2026] You crush a froglok shin knight for 20 points of damage.
[Tue Jul 28 22:06:31 2026] You crush a froglok shin knight for 18 points of damage.
[Tue Jul 28 22:06:32 2026] A froglok ton knight slashes a froglok shin knight for 2 points of damage.
[Tue Jul 28 22:06:32 2026] You bash a froglok shin knight for 1 point of damage.
[Tue Jul 28 22:06:32 2026] You bash a froglok shin knight for 1 point of damage.
[Tue Jul 28 22:06:33 2026] A froglok ton knight bashes a froglok shin knight for 1 point of damage.
[Tue Jul 28 22:06:33 2026] A froglok ton knight tries to kick a froglok shin knight, but misses!
[Tue Jul 28 22:06:33 2026] You try to crush a froglok shin knight, but miss!
[Tue Jul 28 22:06:33 2026] You crush a froglok shin knight for 10 points of damage.
[Tue Jul 28 22:06:33 2026] You crush a froglok shin knight for 17 points of damage.
[Tue Jul 28 22:06:34 2026] A froglok shin knight hits YOU for 26 points of damage.
[Tue Jul 28 22:06:34 2026] You try to strike a froglok shin knight, but miss!
[Tue Jul 28 22:06:34 2026] A froglok ton knight slashes a froglok shin knight for 3 points of damage.
[Tue Jul 28 22:06:34 2026] Your faction standing with Frogloks of Guk has been adjusted by -5.
[Tue Jul 28 22:06:34 2026] You gain party experience! (2.343%)
[Tue Jul 28 22:06:34 2026] You receive 1 gold and 1 silver from the corpse.
[Tue Jul 28 22:06:34 2026] A froglok shin knight has been slain by a froglok ton knight!
[Tue Jul 28 22:06:35 2026] You cannot see your target.
[Tue Jul 28 22:06:35 2026] Your Mesmerization spell has worn off of a froglok vis shaman.
[Tue Jul 28 22:06:35 2026] A froglok vis shaman has been awakened by Primitive.
[Tue Jul 28 22:06:35 2026] You crush a froglok vis shaman for 7 points of damage.
[Tue Jul 28 22:06:35 2026] A froglok vis shaman hits YOU for 11 points of damage.
[Tue Jul 28 22:06:36 2026] You begin casting Languid Pace.
[Tue Jul 28 22:06:36 2026] A froglok ton knight tries to slash a froglok vis shaman, but misses!
[Tue Jul 28 22:06:36 2026] You regain your concentration and continue your casting.
[Tue Jul 28 22:06:36 2026] a froglok vis shaman slows down.
[Tue Jul 28 22:06:37 2026] A froglok ton knight cleaves a froglok vis shaman for 34 points of damage.
[Tue Jul 28 22:06:38 2026] You try to crush a froglok vis shaman, but miss!
[Tue Jul 28 22:06:38 2026] You strike a froglok vis shaman for 12 points of damage.
[Tue Jul 28 22:06:38 2026] A froglok ton knight slashes a froglok vis shaman for 34 points of damage.
[Tue Jul 28 22:06:38 2026] You bash a froglok vis shaman for 1 point of damage.
[Tue Jul 28 22:06:39 2026] A froglok ton knight tries to bash a froglok vis shaman, but misses!
[Tue Jul 28 22:06:39 2026] A froglok vis shaman hits YOU for 13 points of damage.
[Tue Jul 28 22:06:39 2026] A froglok ton knight tries to kick a froglok vis shaman, but misses!
[Tue Jul 28 22:06:39 2026] You mend your wounds and heal some damage.
[Tue Jul 28 22:06:40 2026] You crush a froglok vis shaman for 19 points of damage.
[Tue Jul 28 22:06:40 2026] A froglok ton knight slashes a froglok vis shaman for 34 points of damage.
[Tue Jul 28 22:06:42 2026] A froglok vis shaman tries to hit YOU, but misses! (Riposte)
[Tue Jul 28 22:06:42 2026] You crush a froglok vis shaman for 12 points of damage.
[Tue Jul 28 22:06:42 2026] A froglok ton knight slashes a froglok vis shaman for 19 points of damage.
[Tue Jul 28 22:06:42 2026] A froglok ton knight slashes a froglok vis shaman for 22 points of damage.
[Tue Jul 28 22:06:42 2026] You try to strike a froglok vis shaman, but miss!
[Tue Jul 28 22:06:43 2026] A froglok vis shaman tries to hit YOU, but misses!
[Tue Jul 28 22:06:44 2026] A froglok ton knight tries to slash a froglok vis shaman, but misses!
[Tue Jul 28 22:06:44 2026] A froglok ton knight tries to slash a froglok vis shaman, but misses!
[Tue Jul 28 22:06:45 2026] A froglok vis shaman hits YOU for 3 points of damage. (Riposte)
[Tue Jul 28 22:06:45 2026] You try to crush a froglok vis shaman, but miss!
[Tue Jul 28 22:06:45 2026] You bash a froglok vis shaman for 1 point of damage.
[Tue Jul 28 22:06:45 2026] A froglok ton knight bashes a froglok vis shaman for 1 point of damage.
[Tue Jul 28 22:06:45 2026] A froglok ton knight bashes a froglok vis shaman for 1 point of damage.
[Tue Jul 28 22:06:45 2026] A froglok ton knight tries to kick a froglok vis shaman, but misses!
[Tue Jul 28 22:06:45 2026] A froglok ton knight kicks a froglok vis shaman for 12 points of damage.
[Tue Jul 28 22:06:46 2026] You begin casting Sanity Warp.
[Tue Jul 28 22:06:46 2026] A froglok ton knight cleaves a froglok vis shaman for 2 points of damage.
[Tue Jul 28 22:06:47 2026] A froglok ton knight slashes a froglok vis shaman for 15 points of damage.
[Tue Jul 28 22:06:47 2026] A froglok ton knight slashes a froglok vis shaman for 34 points of damage.
[Tue Jul 28 22:06:47 2026] A froglok vis shaman hits YOU for 1 point of damage.
[Tue Jul 28 22:06:47 2026] You regain your concentration and continue your casting.
[Tue Jul 28 22:06:47 2026] You hit a froglok vis shaman for 86 points of magic damage by Sanity Warp.
[Tue Jul 28 22:06:47 2026] A froglok vis shaman looks delirious.
[Tue Jul 28 22:06:47 2026] You crush a froglok vis shaman for 11 points of damage.
[Tue Jul 28 22:06:47 2026] You try to crush a froglok vis shaman, but miss!
[Tue Jul 28 22:06:47 2026] You smite a froglok vis shaman for 11 points of damage.
[Tue Jul 28 22:06:47 2026] You hit a froglok vis shaman for 56 points of magic damage by Smiting Strike.
[Tue Jul 28 22:06:47 2026] A froglok vis shaman staggers.
[Tue Jul 28 22:06:47 2026] You smite a froglok vis shaman for 24 points of damage.
[Tue Jul 28 22:06:47 2026] You hit a froglok vis shaman for 56 points of magic damage by Smiting Strike.
[Tue Jul 28 22:06:47 2026] A froglok vis shaman staggers.
[Tue Jul 28 22:06:47 2026] You strike a froglok vis shaman for 12 points of damage.
[Tue Jul 28 22:06:48 2026] Dranix kicks a froglok vis shaman for 32 points of damage.
[Tue Jul 28 22:06:48 2026] Dranix smites a froglok vis shaman for 50 points of damage.
[Tue Jul 28 22:06:48 2026] Dranix hit a froglok vis shaman for 56 points of magic damage by Smiting Strike.
[Tue Jul 28 22:06:48 2026] A froglok vis shaman staggers.
[Tue Jul 28 22:06:48 2026] Dranix tries to strike a froglok vis shaman, but misses!
[Tue Jul 28 22:06:48 2026] Dranix tries to bash a froglok vis shaman, but misses!
[Tue Jul 28 22:06:48 2026] Dranix tries to crush a froglok vis shaman, but misses!
[Tue Jul 28 22:06:48 2026] Dranix tries to slash a froglok vis shaman, but misses!
[Tue Jul 28 22:06:49 2026] You kick a froglok vis shaman for 14 points of damage.
[Tue Jul 28 22:06:49 2026] A froglok ton knight slashes a froglok vis shaman for 9 points of damage.
[Tue Jul 28 22:06:49 2026] A froglok ton knight tries to slash a froglok vis shaman, but misses!
[Tue Jul 28 22:06:49 2026] You try to crush a froglok vis shaman, but a froglok vis shaman dodges!
[Tue Jul 28 22:06:49 2026] You try to crush a froglok vis shaman, but miss!
[Tue Jul 28 22:06:50 2026] A froglok vis shaman tries to hit YOU, but misses!
[Tue Jul 28 22:06:51 2026] A froglok vis shaman begins casting Root.
[Tue Jul 28 22:06:51 2026] A froglok ton knight tries to slash a froglok vis shaman, but misses!
[Tue Jul 28 22:06:51 2026] You bash a froglok vis shaman for 1 point of damage.
[Tue Jul 28 22:06:51 2026] a froglok vis shaman's Root spell is interrupted.
[Tue Jul 28 22:06:51 2026] A froglok ton knight bashes a froglok vis shaman for 1 point of damage.
[Tue Jul 28 22:06:51 2026] Dranix slashes a froglok vis shaman for 48 points of damage.
[Tue Jul 28 22:06:51 2026] You crush a froglok vis shaman for 18 points of damage.
[Tue Jul 28 22:06:51 2026] You try to crush a froglok vis shaman, but miss!
[Tue Jul 28 22:06:52 2026] A froglok ton knight kicks a froglok vis shaman for 6 points of damage.
[Tue Jul 28 22:06:52 2026] A froglok ton knight kicks a froglok vis shaman for 5 points of damage.
[Tue Jul 28 22:06:52 2026] Your Mesmerization spell has worn off of a froglok shin warrior.
[Tue Jul 28 22:06:52 2026] A froglok shin warrior hits YOU for 1 point of damage.
[Tue Jul 28 22:06:52 2026] A froglok shin warrior tries to hit YOU, but misses!
[Tue Jul 28 22:06:52 2026] A froglok shin warrior tries to cleave YOU, but misses!
[Tue Jul 28 22:06:52 2026] A froglok shin warrior kicks YOU for 5 points of damage.
[Tue Jul 28 22:06:52 2026] You try to strike a froglok vis shaman, but miss!
[Tue Jul 28 22:06:52 2026] A froglok shin warrior tries to bash YOU, but misses!
[Tue Jul 28 22:06:53 2026] Dranix strikes a froglok vis shaman for 24 points of damage.
[Tue Jul 28 22:06:53 2026] A froglok ton knight tries to slash a froglok vis shaman, but misses!
[Tue Jul 28 22:06:53 2026] A froglok ton knight slashes a froglok vis shaman for 34 points of damage.
[Tue Jul 28 22:06:53 2026] A froglok vis shaman tries to hit YOU, but misses!
[Tue Jul 28 22:06:53 2026] Your Tashina spell has worn off of a froglok ton knight.
[Tue Jul 28 22:06:53 2026] You crush a froglok vis shaman for 9 points of damage.
[Tue Jul 28 22:06:53 2026] Your faction standing with Frogloks of Guk has been adjusted by -5.
[Tue Jul 28 22:06:54 2026] You gain party experience! (1.363%)
[Tue Jul 28 22:06:54 2026] You receive 1 platinum, 1 gold and 7 copper from the corpse.
[Tue Jul 28 22:06:54 2026] You have slain a froglok vis shaman!
[Tue Jul 28 22:06:54 2026] You looted a Fine Steel Warhammer +1 from a froglok vis shaman's corpse and sold it for 4 platinum.
[Tue Jul 28 22:06:54 2026] A froglok shin warrior hits YOU for 17 points of damage.
[Tue Jul 28 22:06:54 2026] A froglok shin warrior tries to hit YOU, but misses!
[Tue Jul 28 22:06:55 2026] You begin casting Languid Pace.
[Tue Jul 28 22:06:55 2026] A froglok ton knight slashes a froglok shin warrior for 19 points of damage.
[Tue Jul 28 22:06:55 2026] a froglok shin warrior slows down.
[Tue Jul 28 22:06:55 2026] You have become better at Specialize Alteration! (63)
[Tue Jul 28 22:06:56 2026] A froglok ton knight cleaves a froglok shin warrior for 20 points of damage.
[Tue Jul 28 22:06:56 2026] You kick a froglok shin warrior for 14 points of damage.
[Tue Jul 28 22:06:56 2026] You crush a froglok shin warrior for 9 points of damage.
[Tue Jul 28 22:06:56 2026] You crush a froglok shin warrior for 16 points of damage.
[Tue Jul 28 22:06:56 2026] You strike a froglok shin warrior for 10 points of damage.
[Tue Jul 28 22:06:57 2026] You try to bash a froglok shin warrior, but miss!
[Tue Jul 28 22:06:57 2026] A froglok ton knight tries to slash a froglok shin warrior, but misses!
[Tue Jul 28 22:06:57 2026] A froglok ton knight slashes a froglok shin warrior for 34 points of damage.
[Tue Jul 28 22:06:57 2026] A froglok ton knight tries to bash a froglok shin warrior, but misses!
[Tue Jul 28 22:06:58 2026] A froglok shin warrior hits YOU for 6 points of damage.
[Tue Jul 28 22:06:58 2026] A froglok ton knight kicks a froglok shin warrior for 16 points of damage.
[Tue Jul 28 22:06:58 2026] You crush a froglok shin warrior for 16 points of damage.
[Tue Jul 28 22:06:58 2026] You try to crush a froglok shin warrior, but a froglok shin warrior dodges!
[Tue Jul 28 22:06:59 2026] You try to smite a froglok shin warrior, but miss!
[Tue Jul 28 22:06:59 2026] A froglok ton knight slashes a froglok shin warrior for 24 points of damage.
[Tue Jul 28 22:07:00 2026] A froglok shin warrior tries to bash YOU, but misses!
[Tue Jul 28 22:07:00 2026] A froglok shin warrior tries to kick YOU, but YOU block!
[Tue Jul 28 22:07:00 2026] You crush a froglok shin warrior for 16 points of damage.
[Tue Jul 28 22:07:00 2026] You crush a froglok shin warrior for 16 points of damage.
[Tue Jul 28 22:07:01 2026] You try to strike a froglok shin warrior, but miss!
[Tue Jul 28 22:07:01 2026] You strike a froglok shin warrior for 1 point of damage.
[Tue Jul 28 22:07:01 2026] You begin casting Sanity Warp.
[Tue Jul 28 22:07:01 2026] A froglok shin warrior hits YOU for 21 points of damage.
[Tue Jul 28 22:07:02 2026] A froglok ton knight tries to slash a froglok shin warrior, but misses!
[Tue Jul 28 22:07:02 2026] A froglok ton knight slashes a froglok shin warrior for 3 points of damage.
[Tue Jul 28 22:07:02 2026] You regain your concentration and continue your casting.
[Tue Jul 28 22:07:02 2026] You hit a froglok shin warrior for 86 points of magic damage by Sanity Warp.
[Tue Jul 28 22:07:02 2026] A froglok shin warrior looks delirious.
[Tue Jul 28 22:07:02 2026] Dranix tries to kick a froglok shin warrior, but misses!
[Tue Jul 28 22:07:02 2026] Dranix kicks a froglok shin warrior for 36 points of damage.
[Tue Jul 28 22:07:02 2026] Dranix tries to smite a froglok shin warrior, but a froglok shin warrior parries!
[Tue Jul 28 22:07:02 2026] Dranix strikes a froglok shin warrior for 10 points of damage.
[Tue Jul 28 22:07:02 2026] Dranix tries to strike a froglok shin warrior, but misses!
[Tue Jul 28 22:07:02 2026] Dranix tries to bash a froglok shin warrior, but misses!
[Tue Jul 28 22:07:02 2026] Dranix tries to bash a froglok shin warrior, but a froglok shin warrior dodges!
[Tue Jul 28 22:07:02 2026] Dranix crushes a froglok shin warrior for 24 points of damage.
[Tue Jul 28 22:07:02 2026] Dranix tries to slash a froglok shin warrior, but misses!
[Tue Jul 28 22:07:02 2026] You kick a froglok shin warrior for 14 points of damage.
[Tue Jul 28 22:07:02 2026] You kick a froglok shin warrior for 15 points of damage.
[Tue Jul 28 22:07:03 2026] You try to crush a froglok shin warrior, but miss!
[Tue Jul 28 22:07:03 2026] You bash a froglok shin warrior for 1 point of damage.
[Tue Jul 28 22:07:03 2026] You try to bash a froglok shin warrior, but miss!
[Tue Jul 28 22:07:03 2026] A froglok ton knight bashes a froglok shin warrior for 1 point of damage.
[Tue Jul 28 22:07:04 2026] A froglok ton knight tries to slash a froglok shin warrior, but misses!
[Tue Jul 28 22:07:04 2026] A froglok ton knight slashes a froglok shin warrior for 22 points of damage.
[Tue Jul 28 22:07:04 2026] Dranix crushes a froglok shin warrior for 30 points of damage.
[Tue Jul 28 22:07:04 2026] A froglok ton knight kicks a froglok shin warrior for 14 points of damage.
[Tue Jul 28 22:07:04 2026] A froglok ton knight tries to kick a froglok shin warrior, but misses!
[Tue Jul 28 22:07:05 2026] A froglok vis shaman begins casting Inner Fire.
[Tue Jul 28 22:07:05 2026] Dranix slashes a froglok shin warrior for 48 points of damage.
[Tue Jul 28 22:07:05 2026] You crush a froglok shin warrior for 16 points of damage.
[Tue Jul 28 22:07:05 2026] You crush a froglok shin warrior for 18 points of damage.
[Tue Jul 28 22:07:05 2026] You strike a froglok shin warrior for 12 points of damage.
[Tue Jul 28 22:07:05 2026] A froglok ton knight tries to cleave a froglok shin warrior, but misses!
[Tue Jul 28 22:07:05 2026] A froglok ton knight cleaves a froglok shin warrior for 34 points of damage.
[Tue Jul 28 22:07:06 2026] A froglok shin warrior hits YOU for 1 point of damage.
[Tue Jul 28 22:07:06 2026] A froglok shin warrior cleaves YOU for 15 points of damage.
[Tue Jul 28 22:07:06 2026] A froglok ton knight slashes a froglok shin warrior for 20 points of damage.
[Tue Jul 28 22:07:06 2026] Dranix strikes a froglok shin warrior for 16 points of damage.
[Tue Jul 28 22:07:07 2026] You try to crush a froglok shin warrior, but miss!
[Tue Jul 28 22:07:07 2026] You try to crush a froglok shin warrior, but miss!
[Tue Jul 28 22:07:07 2026] You try to crush a froglok shin warrior, but miss!
[Tue Jul 28 22:07:08 2026] a froglok vis shaman's body pulses with energy.
[Tue Jul 28 22:07:08 2026] a froglok vis shaman healed itself for 20 hit points by Inner Fire.
[Tue Jul 28 22:07:08 2026] Dranix slashes a froglok shin warrior for 60 points of damage.
[Tue Jul 28 22:07:08 2026] A froglok ton knight tries to slash a froglok shin warrior, but misses!
[Tue Jul 28 22:07:08 2026] You begin casting Sanity Warp.
[Tue Jul 28 22:07:08 2026] A froglok vis shaman begins casting Spirit of Wolf.
[Tue Jul 28 22:07:08 2026] Dranix tries to bash a froglok shin warrior, but misses!
[Tue Jul 28 22:07:08 2026] A froglok shin warrior hits YOU for 21 points of damage.
[Tue Jul 28 22:07:08 2026] Dranix kicks a froglok shin warrior for 48 points of damage. (Critical)
[Tue Jul 28 22:07:09 2026] You regain your concentration and continue your casting.
[Tue Jul 28 22:07:09 2026] You hit a froglok shin warrior for 86 points of magic damage by Sanity Warp.
[Tue Jul 28 22:07:09 2026] A froglok shin warrior looks delirious.
[Tue Jul 28 22:07:09 2026] You kick a froglok shin warrior for 11 points of damage.
[Tue Jul 28 22:07:09 2026] You try to strike a froglok shin warrior, but miss!
[Tue Jul 28 22:07:09 2026] Dranix feels better.
[Tue Jul 28 22:07:09 2026] Dranix healed himself for 0 (67) hit points by Light Healing.
[Tue Jul 28 22:07:09 2026] You try to crush a froglok shin warrior, but a froglok shin warrior dodges!
[Tue Jul 28 22:07:09 2026] You try to crush a froglok shin warrior, but miss!
[Tue Jul 28 22:07:09 2026] You try to crush a froglok shin warrior, but miss!
[Tue Jul 28 22:07:10 2026] You try to bash a froglok shin warrior, but miss!
[Tue Jul 28 22:07:10 2026] You try to bash a froglok shin warrior, but miss!
[Tue Jul 28 22:07:10 2026] A froglok ton knight bashes a froglok shin warrior for 1 point of damage.
[Tue Jul 28 22:07:10 2026] A froglok shin warrior tries to bash YOU, but misses!
[Tue Jul 28 22:07:10 2026] A froglok ton knight tries to slash a froglok shin warrior, but misses!
[Tue Jul 28 22:07:10 2026] A froglok shin warrior kicks YOU for 9 points of damage.
[Tue Jul 28 22:07:10 2026] You try to smite a froglok shin warrior, but miss!
[Tue Jul 28 22:07:10 2026] You try to smite a froglok shin warrior, but miss!
[Tue Jul 28 22:07:10 2026] Dranix strikes a froglok shin warrior for 8 points of damage.
[Tue Jul 28 22:07:11 2026] Dranix tries to slash a froglok shin warrior, but misses!
[Tue Jul 28 22:07:11 2026] Dranix tries to slash a froglok shin warrior, but misses!
[Tue Jul 28 22:07:11 2026] A froglok ton knight kicks a froglok shin warrior for 18 points of damage.
[Tue Jul 28 22:07:11 2026] Dranix crushes a froglok shin warrior for 28 points of damage.
[Tue Jul 28 22:07:11 2026] A froglok shin warrior hits YOU for 5 points of damage.
[Tue Jul 28 22:07:12 2026] You crush a froglok shin warrior for 17 points of damage.
[Tue Jul 28 22:07:12 2026] You crush a froglok shin warrior for 14 points of damage.
[Tue Jul 28 22:07:12 2026] You crush a froglok shin warrior for 2 points of damage.
[Tue Jul 28 22:07:12 2026] A froglok ton knight slashes a froglok shin warrior for 10 points of damage.
[Tue Jul 28 22:07:13 2026] Dranix smites a froglok shin warrior for 34 points of damage.
[Tue Jul 28 22:07:13 2026] Dranix hit a froglok shin warrior for 56 points of magic damage by Smiting Strike.
[Tue Jul 28 22:07:13 2026] A froglok shin warrior staggers.
[Tue Jul 28 22:07:13 2026] You strike a froglok shin warrior for 10 points of damage.
[Tue Jul 28 22:07:14 2026] Dranix slashes a froglok shin warrior for 35 points of damage. (Critical)
[Tue Jul 28 22:07:14 2026] Your faction standing with Frogloks of Guk has been adjusted by -5.
[Tue Jul 28 22:07:14 2026] You have improved Lay on Hands 5 at a cost of 0 ability points.
[Tue Jul 28 22:07:14 2026] You are not currently in channel NewPlayers
[Tue Jul 28 22:07:14 2026] You have gained a level! Welcome to level 21!
[Tue Jul 28 22:07:14 2026] You gain party experience! (1.379%)
[Tue Jul 28 22:07:14 2026] You receive 1 gold, 2 silver and 2 copper from the corpse.
[Tue Jul 28 22:07:14 2026] A froglok shin warrior has been slain by Dranix!
[Tue Jul 28 22:07:16 2026] You will now use Eagle Strike instead of Tiger Claw while attacking.
[Tue Jul 28 22:07:19 2026] You have become better at Athletics! (101)
[Tue Jul 28 22:07:21 2026] A froglok vis shaman begins casting Inner Fire.
[Tue Jul 28 22:07:24 2026] a froglok ton warrior's body pulses with energy.
[Tue Jul 28 22:07:24 2026] a froglok vis shaman healed a froglok ton warrior for 20 hit points by Inner Fire.
[Tue Jul 28 22:07:24 2026] A froglok vis shaman begins casting Spirit of Wolf.
[Tue Jul 28 22:07:25 2026] Your Spirit of the Traveler spell did not take hold. (Blocked by Spirit of Wolf.)
[Tue Jul 28 22:07:29 2026] a froglok ton warrior is surrounded by a brief lupine aura.
[Tue Jul 28 22:07:31 2026] Sind begins casting Soothe.
[Tue Jul 28 22:07:31 2026] You have become better at Meditate! (126)
[Tue Jul 28 22:07:33 2026] a froglok ton warrior looks less aggressive.
[Tue Jul 28 22:07:34 2026] Auto attack is on.
[Tue Jul 28 22:07:34 2026] You bash a froglok vis shaman for 10 points of damage. (Critical)
[Tue Jul 28 22:07:34 2026] You have become better at Bash! (81)
[Tue Jul 28 22:07:34 2026] You have become better at Double Attack! (106)
[Tue Jul 28 22:07:34 2026] You have become better at Offense! (106)
[Tue Jul 28 22:07:34 2026] You try to smite a froglok vis shaman, but a froglok vis shaman parries!
[Tue Jul 28 22:07:34 2026] You kick a froglok vis shaman for 9 points of damage.
[Tue Jul 28 22:07:34 2026] You kick a froglok vis shaman for 11 points of damage.
[Tue Jul 28 22:07:34 2026] You have become better at Offense! (107)
[Tue Jul 28 22:07:34 2026] You have become better at Eagle Strike! (2)
[Tue Jul 28 22:07:34 2026] You try to strike a froglok vis shaman, but miss!
[Tue Jul 28 22:07:34 2026] You have become better at Dual Wield! (146)
[Tue Jul 28 22:07:34 2026] You have become better at 1H Blunt! (151)
[Tue Jul 28 22:07:34 2026] You have become better at Offense! (108)
[Tue Jul 28 22:07:34 2026] You try to crush a froglok vis shaman, but miss!
[Tue Jul 28 22:07:34 2026] You have become better at Double Attack! (107)
[Tue Jul 28 22:07:34 2026] You have become better at Riposte! (6)
[Tue Jul 28 22:07:34 2026] You have become better at Block! (56)
[Tue Jul 28 22:07:34 2026] A froglok vis shaman tries to hit YOU, but YOU block!
[Tue Jul 28 22:07:35 2026] You can't use that command right now...
[Tue Jul 28 22:07:35 2026] You begin casting Languid Pace.
[Tue Jul 28 22:07:35 2026] You can't use that command right now...
[Tue Jul 28 22:07:35 2026] You can't use that command right now...
[Tue Jul 28 22:07:35 2026] You can't use that command right now...
[Tue Jul 28 22:07:35 2026] You can't use that command right now...
[Tue Jul 28 22:07:36 2026] a froglok vis shaman slows down.
[Tue Jul 28 22:07:36 2026] You have become better at Alteration! (106)
[Tue Jul 28 22:07:36 2026] Dranix kicks a froglok vis shaman for 28 points of damage.
[Tue Jul 28 22:07:36 2026] Dranix kicks a froglok vis shaman for 31 points of damage. (Critical)
[Tue Jul 28 22:07:36 2026] Dranix smites a froglok vis shaman for 72 points of damage. (Critical)
[Tue Jul 28 22:07:36 2026] Dranix hit a froglok vis shaman for 56 points of magic damage by Smiting Strike.
[Tue Jul 28 22:07:36 2026] A froglok vis shaman staggers.
[Tue Jul 28 22:07:36 2026] Dranix tries to strike a froglok vis shaman, but misses!
[Tue Jul 28 22:07:36 2026] Dranix tries to bash a froglok vis shaman, but misses!
[Tue Jul 28 22:07:36 2026] You crush a froglok vis shaman for 15 points of damage.
[Tue Jul 28 22:07:36 2026] You have become better at Dual Wield! (147)
[Tue Jul 28 22:07:36 2026] You crush a froglok vis shaman for 35 points of damage. (Critical)
[Tue Jul 28 22:07:36 2026] You have become better at Offense! (109)
[Tue Jul 28 22:07:37 2026] You have become better at Meditate! (127)
[Tue Jul 28 22:07:38 2026] You have become better at Riposte! (7)
[Tue Jul 28 22:07:38 2026] You have become better at Block! (57)
[Tue Jul 28 22:07:38 2026] You have become better at Parry! (31)
[Tue Jul 28 22:07:38 2026] You have become better at Dodge! (101)
[Tue Jul 28 22:07:38 2026] A froglok vis shaman hits YOU for 1 point of damage.
[Tue Jul 28 22:07:38 2026] A froglok ton warrior tries to hit Dranix, but misses!
[Tue Jul 28 22:07:38 2026] A froglok ton warrior tries to cleave Dranix, but Dranix blocks!
[Tue Jul 28 22:07:38 2026] A froglok ton warrior is pierced by Dranix's thorns for 3 points of non-melee damage.
[Tue Jul 28 22:07:38 2026] A froglok ton warrior kicks Dranix for 4 points of damage.
[Tue Jul 28 22:07:38 2026] A froglok vis shaman begins casting Root.
[Tue Jul 28 22:07:38 2026] A froglok ton warrior tries to bash Dranix, but misses!
[Tue Jul 28 22:07:38 2026] A froglok ton knight slashes a froglok vis shaman for 10 points of damage.
[Tue Jul 28 22:07:38 2026] a froglok vis shaman's Root spell is interrupted.
[Tue Jul 28 22:07:38 2026] A froglok ton knight bashes a froglok vis shaman for 1 point of damage.
[Tue Jul 28 22:07:38 2026] A froglok ton knight kicks a froglok vis shaman for 18 points of damage.
[Tue Jul 28 22:07:38 2026] A froglok ton knight cleaves a froglok vis shaman for 12 points of damage.
[Tue Jul 28 22:07:39 2026] You crush a froglok vis shaman for 17 points of damage.
[Tue Jul 28 22:07:39 2026] You have become better at 1H Blunt! (152)
[Tue Jul 28 22:07:39 2026] You have become better at Offense! (110)
[Tue Jul 28 22:07:39 2026] You crush a froglok vis shaman for 11 points of damage.
[Tue Jul 28 22:07:39 2026] You crush a froglok vis shaman for 16 points of damage.
[Tue Jul 28 22:07:39 2026] You have become better at Eagle Strike! (3)
[Tue Jul 28 22:07:39 2026] You try to strike a froglok vis shaman, but miss!
[Tue Jul 28 22:07:39 2026] Dranix slashes a froglok vis shaman for 36 points of damage.
[Tue Jul 28 22:07:39 2026] Dranix slashes a froglok vis shaman for 30 points of damage.
[Tue Jul 28 22:07:40 2026] You bash a froglok vis shaman for 1 point of damage.
[Tue Jul 28 22:07:40 2026] You bash a froglok vis shaman for 1 point of damage.
[Tue Jul 28 22:07:40 2026] A froglok ton knight tries to slash a froglok vis shaman, but misses!
[Tue Jul 28 22:07:40 2026] Dranix strikes a froglok vis shaman for 24 points of damage.
[Tue Jul 28 22:07:40 2026] A froglok ton warrior tries to hit Dranix, but misses!
[Tue Jul 28 22:07:41 2026] You kick a froglok vis shaman for 14 points of damage.
[Tue Jul 28 22:07:41 2026] You crush a froglok vis shaman for 12 points of damage.
[Tue Jul 28 22:07:41 2026] You try to crush a froglok vis shaman, but miss!
[Tue Jul 28 22:07:41 2026] You crush a froglok vis shaman for 18 points of damage.
[Tue Jul 28 22:07:41 2026] A froglok vis shaman tries to hit YOU, but misses!
[Tue Jul 28 22:07:42 2026] A froglok vis shaman begins casting Drowsy.
[Tue Jul 28 22:07:42 2026] Dranix slashes a froglok vis shaman for 48 points of damage.
[Tue Jul 28 22:07:42 2026] Dranix tries to bash a froglok vis shaman, but misses!
[Tue Jul 28 22:07:42 2026] a froglok vis shaman's Drowsy spell is interrupted.
[Tue Jul 28 22:07:42 2026] Dranix bashes a froglok vis shaman for 2 points of damage.
[Tue Jul 28 22:07:42 2026] A froglok ton knight slashes a froglok vis shaman for 34 points of damage.
[Tue Jul 28 22:07:43 2026] Dranix tries to kick a froglok vis shaman, but misses!
[Tue Jul 28 22:07:43 2026] Dranix tries to kick a froglok vis shaman, but misses!
[Tue Jul 28 22:07:43 2026] A froglok ton knight tries to hit Dranix, but misses!
[Tue Jul 28 22:07:43 2026] A froglok ton knight is pierced by Dranix's thorns for 3 points of non-melee damage.
[Tue Jul 28 22:07:43 2026] A froglok ton knight hits Dranix for 12 points of damage.
[Tue Jul 28 22:07:43 2026] A froglok ton knight is pierced by Dranix's thorns for 3 points of non-melee damage.
[Tue Jul 28 22:07:43 2026] A froglok ton knight cleaves Dranix for 2 points of damage.
[Tue Jul 28 22:07:43 2026] A froglok ton knight cleaves a froglok ton knight for 5 points of damage.
[Tue Jul 28 22:07:43 2026] A froglok ton knight is pierced by Dranix's thorns for 3 points of non-melee damage.
[Tue Jul 28 22:07:43 2026] A froglok ton knight bashes Dranix for 1 point of damage.
[Tue Jul 28 22:07:43 2026] A froglok ton knight is pierced by Dranix's thorns for 3 points of non-melee damage.
[Tue Jul 28 22:07:43 2026] A froglok ton knight bashes Dranix for 1 point of damage.
[Tue Jul 28 22:07:43 2026] A froglok ton knight tries to kick Dranix, but misses!
[Tue Jul 28 22:07:43 2026] You try to crush a froglok vis shaman, but miss!
[Tue Jul 28 22:07:43 2026] You try to crush a froglok vis shaman, but miss!
[Tue Jul 28 22:07:43 2026] You have become better at Double Attack! (108)
[Tue Jul 28 22:07:43 2026] A froglok ton warrior tries to hit Dranix, but misses!
[Tue Jul 28 22:07:44 2026] You have become better at Eagle Strike! (4)
[Tue Jul 28 22:07:44 2026] You try to strike a froglok vis shaman, but miss!
[Tue Jul 28 22:07:44 2026] You have become better at Double Attack! (109)
[Tue Jul 28 22:07:44 2026] A froglok ton knight tries to kick a froglok ton knight, but misses!
[Tue Jul 28 22:07:44 2026] A froglok ton knight bashes a froglok ton knight for 1 point of damage.
[Tue Jul 28 22:07:45 2026] You have become better at Riposte! (8)
[Tue Jul 28 22:07:45 2026] You have become better at Block! (58)
[Tue Jul 28 22:07:45 2026] You have become better at Parry! (32)
[Tue Jul 28 22:07:45 2026] You have become better at Strategy! (101)
[Tue Jul 28 22:07:45 2026] A froglok vis shaman hits YOU for 5 points of damage.
[Tue Jul 28 22:07:45 2026] A froglok ton knight slashes a froglok ton knight for 34 points of damage.
[Tue Jul 28 22:07:45 2026] Dranix strikes a froglok vis shaman for 14 points of damage.
[Tue Jul 28 22:07:45 2026] Dranix slashes a froglok vis shaman for 62 points of damage.
[Tue Jul 28 22:07:45 2026] You crush a froglok vis shaman for 16 points of damage.
[Tue Jul 28 22:07:45 2026] You crush a froglok vis shaman for 19 points of damage.
[Tue Jul 28 22:07:46 2026] You try to smite a froglok vis shaman, but miss!
[Tue Jul 28 22:07:46 2026] You have become better at Double Attack! (110)
[Tue Jul 28 22:07:46 2026] A froglok ton knight is pierced by Dranix's thorns for 3 points of non-melee damage.
[Tue Jul 28 22:07:46 2026] A froglok ton knight hits Dranix for 2 points of damage.
[Tue Jul 28 22:07:46 2026] A froglok ton warrior is pierced by Dranix's thorns for 3 points of non-melee damage.
[Tue Jul 28 22:07:46 2026] A froglok ton warrior kicks Dranix for 1 point of damage.
[Tue Jul 28 22:07:46 2026] A froglok ton warrior is pierced by Dranix's thorns for 3 points of non-melee damage.
[Tue Jul 28 22:07:46 2026] A froglok ton warrior bashes Dranix for 1 point of damage.
[Tue Jul 28 22:07:46 2026] A froglok ton warrior tries to bash Dranix, but misses!
[Tue Jul 28 22:07:46 2026] A froglok ton warrior tries to hit Dranix, but misses!
[Tue Jul 28 22:07:47 2026] You have become better at Bash! (82)
[Tue Jul 28 22:07:47 2026] You try to bash a froglok vis shaman, but miss!
[Tue Jul 28 22:07:47 2026] A froglok ton knight tries to slash a froglok vis shaman, but misses!
[Tue Jul 28 22:07:47 2026] Dranix crushes a froglok vis shaman for 16 points of damage.
[Tue Jul 28 22:07:47 2026] You have become better at Round Kick! (106)
[Tue Jul 28 22:07:47 2026] You try to kick a froglok vis shaman, but miss!
[Tue Jul 28 22:07:47 2026] You kick a froglok vis shaman for 4 points of damage.
[Tue Jul 28 22:07:47 2026] You have become better at Round Kick! (107)
[Tue Jul 28 22:07:47 2026] You begin casting Sanity Warp.
[Tue Jul 28 22:07:47 2026] You can't use that command right now...
[Tue Jul 28 22:07:48 2026] A froglok ton knight cleaves a froglok vis shaman for 27 points of damage.
[Tue Jul 28 22:07:48 2026] Dranix smites a froglok vis shaman for 20 points of damage.
[Tue Jul 28 22:07:48 2026] Dranix hit a froglok vis shaman for 56 points of magic damage by Smiting Strike.
[Tue Jul 28 22:07:48 2026] A froglok vis shaman staggers.
[Tue Jul 28 22:07:48 2026] Dranix tries to slash a froglok vis shaman, but misses!
[Tue Jul 28 22:07:48 2026] You have become better at Defense! (101)
[Tue Jul 28 22:07:48 2026] A froglok vis shaman tries to hit YOU, but misses!
[Tue Jul 28 22:07:48 2026] Your faction standing with Frogloks of Guk has been adjusted by -5.
[Tue Jul 28 22:07:48 2026] You gain party experience! (1.343%)
[Tue Jul 28 22:07:48 2026] You receive 5 gold, 3 silver and 1 copper from the corpse.
[Tue Jul 28 22:07:48 2026] You hit a froglok vis shaman for 52 points of magic damage by Sanity Warp.
[Tue Jul 28 22:07:48 2026] A froglok vis shaman looks delirious.
[Tue Jul 28 22:07:48 2026] You have slain a froglok vis shaman!
[Tue Jul 28 22:07:48 2026] You have become better at Channeling! (106)
[Tue Jul 28 22:07:48 2026] You must first click on the being you wish to attack!
[Tue Jul 28 22:07:48 2026] You looted a Fine Steel Warhammer from a froglok vis shaman's corpse and sold it for 4 platinum.
[Tue Jul 28 22:07:48 2026] You looted a Froglok Leg from a froglok vis shaman's corpse and sold it for 1 silver and 8 copper.
[Tue Jul 28 22:07:48 2026] A froglok ton knight is pierced by Dranix's thorns for 3 points of non-melee damage.
[Tue Jul 28 22:07:48 2026] A froglok ton knight hits Dranix for 26 points of damage.
[Tue Jul 28 22:07:49 2026] A froglok ton knight slashes a froglok ton knight for 26 points of damage.
[Tue Jul 28 22:07:49 2026] A froglok ton warrior tries to hit Dranix, but Dranix blocks!
[Tue Jul 28 22:07:49 2026] You cannot see your target.
[Tue Jul 28 22:07:50 2026] You cannot see your target.
[Tue Jul 28 22:07:50 2026] A froglok ton warrior tries to cleave Dranix, but misses!
[Tue Jul 28 22:07:50 2026] Dranix tries to kick a froglok ton knight, but misses!
[Tue Jul 28 22:07:50 2026] Dranix strikes a froglok ton knight for 16 points of damage.
[Tue Jul 28 22:07:50 2026] Dranix tries to bash a froglok ton knight, but misses!
[Tue Jul 28 22:07:50 2026] Dranix bashes a froglok ton knight for 2 points of damage.
[Tue Jul 28 22:07:51 2026] A froglok ton knight bashes a froglok ton knight for 1 point of damage.
[Tue Jul 28 22:07:51 2026] You have become better at Eagle Strike! (5)
[Tue Jul 28 22:07:51 2026] You try to strike a froglok ton knight, but miss!
[Tue Jul 28 22:07:51 2026] You strike a froglok ton knight for 10 points of damage.
[Tue Jul 28 22:07:51 2026] You have become better at Eagle Strike! (6)
[Tue Jul 28 22:07:51 2026] A froglok ton knight tries to bash Dranix, but Dranix dodges!
[Tue Jul 28 22:07:51 2026] A froglok ton knight kicks a froglok ton knight for 10 points of damage.
[Tue Jul 28 22:07:51 2026] A froglok ton knight is pierced by Dranix's thorns for 3 points of non-melee damage.
[Tue Jul 28 22:07:51 2026] A froglok ton knight kicks Dranix for 10 points of damage.
[Tue Jul 28 22:07:51 2026] A froglok ton knight is pierced by Dranix's thorns for 3 points of non-melee damage.
[Tue Jul 28 22:07:51 2026] A froglok ton knight kicks Dranix for 1 point of damage.
[Tue Jul 28 22:07:51 2026] Dranix tries to crush a froglok ton knight, but a froglok ton knight parries!
[Tue Jul 28 22:07:51 2026] Dranix slashes a froglok ton knight for 58 points of damage.
[Tue Jul 28 22:07:51 2026] A froglok ton knight slashes a froglok ton knight for 7 points of damage.
[Tue Jul 28 22:07:51 2026] A froglok ton knight is pierced by Dranix's thorns for 3 points of non-melee damage.
[Tue Jul 28 22:07:51 2026] A froglok ton knight hits Dranix for 38 points of damage.
[Tue Jul 28 22:07:52 2026] A froglok ton warrior is pierced by Dranix's thorns for 3 points of non-melee damage.
[Tue Jul 28 22:07:52 2026] A froglok ton warrior hits Dranix for 2 points of damage.
[Tue Jul 28 22:07:52 2026] A froglok ton warrior tries to hit Dranix, but misses!
[Tue Jul 28 22:07:52 2026] You have become better at Dual Wield! (148)
[Tue Jul 28 22:07:52 2026] You crush a froglok ton knight for 11 points of damage.
[Tue Jul 28 22:07:52 2026] You have become better at 1H Blunt! (153)
[Tue Jul 28 22:07:52 2026] You crush a froglok ton knight for 49 points of damage. (Critical)
[Tue Jul 28 22:07:53 2026] You have become better at Bash! (83)
[Tue Jul 28 22:07:53 2026] You try to bash a froglok ton knight, but miss!
[Tue Jul 28 22:07:53 2026] You have become better at Bash! (84)
[Tue Jul 28 22:07:53 2026] You try to bash a froglok ton knight, but miss!
[Tue Jul 28 22:07:53 2026] A froglok ton knight slashes a froglok ton knight for 34 points of damage.
[Tue Jul 28 22:07:54 2026] A froglok ton warrior tries to kick Dranix, but misses!
[Tue Jul 28 22:07:54 2026] Dranix feels better.
[Tue Jul 28 22:07:54 2026] Dranix healed himself for 67 hit points by Light Healing.
[Tue Jul 28 22:07:54 2026] Dranix tries to slash a froglok ton knight, but a froglok ton knight parries!
[Tue Jul 28 22:07:54 2026] A froglok ton knight tries to hit Dranix, but misses!
[Tue Jul 28 22:07:54 2026] A froglok ton knight is pierced by Dranix's thorns for 3 points of non-melee damage.
[Tue Jul 28 22:07:54 2026] A froglok ton knight hits Dranix for 2 points of damage.
[Tue Jul 28 22:07:54 2026] A froglok ton warrior is pierced by Dranix's thorns for 3 points of non-melee damage.
[Tue Jul 28 22:07:54 2026] A froglok ton warrior bashes Dranix for 1 point of damage.
[Tue Jul 28 22:07:54 2026] You have become better at Round Kick! (108)
[Tue Jul 28 22:07:54 2026] You try to kick a froglok ton knight, but a froglok ton knight dodges!
[Tue Jul 28 22:07:54 2026] You kick a froglok ton warrior for 10 points of damage.
[Tue Jul 28 22:07:54 2026] You crush a froglok ton knight for 22 points of damage.
[Tue Jul 28 22:07:54 2026] You try to crush a froglok ton knight, but miss!
[Tue Jul 28 22:07:54 2026] You crush a froglok ton knight for 16 points of damage.
[Tue Jul 28 22:07:54 2026] Dranix strikes a froglok ton knight for 19 points of damage. (Critical)
[Tue Jul 28 22:07:55 2026] A froglok ton warrior is pierced by Dranix's thorns for 3 points of non-melee damage.
[Tue Jul 28 22:07:55 2026] A froglok ton warrior hits Dranix for 13 points of damage.
[Tue Jul 28 22:07:55 2026] A froglok ton warrior tries to hit Dranix, but misses!
[Tue Jul 28 22:07:55 2026] A froglok ton knight is pierced by Dranix's thorns for 3 points of non-melee damage.
[Tue Jul 28 22:07:55 2026] A froglok ton knight cleaves Dranix for 10 points of damage.
[Tue Jul 28 22:07:55 2026] A froglok ton knight tries to cleave Dranix, but Dranix blocks!
[Tue Jul 28 22:07:55 2026] A froglok ton knight slashes a froglok ton knight for 34 points of damage.
[Tue Jul 28 22:07:55 2026] You have become better at Eagle Strike! (7)
[Tue Jul 28 22:07:55 2026] You try to strike a froglok ton knight, but miss!
[Tue Jul 28 22:07:56 2026] Dranix bashes a froglok ton knight for 2 points of damage.
[Tue Jul 28 22:07:56 2026] Dranix crushes a froglok ton knight for 14 points of damage.
[Tue Jul 28 22:07:57 2026] You crush a froglok ton knight for 16 points of damage.
[Tue Jul 28 22:07:57 2026] You have become better at 1H Blunt! (154)
[Tue Jul 28 22:07:57 2026] A froglok ton knight is pierced by Dranix's thorns for 3 points of non-melee damage.
[Tue Jul 28 22:07:57 2026] A froglok ton knight hits Dranix for 17 points of damage.
[Tue Jul 28 22:07:57 2026] A froglok ton knight tries to hit Dranix, but misses!
[Tue Jul 28 22:07:57 2026] A froglok ton knight cleaves a froglok ton knight for 34 points of damage.
[Tue Jul 28 22:07:57 2026] A froglok ton knight tries to cleave a froglok ton warrior, but misses!
[Tue Jul 28 22:07:57 2026] Dranix kicks a froglok ton knight for 28 points of damage.
[Tue Jul 28 22:07:57 2026] Dranix kicks a froglok ton warrior for 26 points of damage.
[Tue Jul 28 22:07:57 2026] A froglok ton knight tries to bash a froglok ton knight, but misses!
[Tue Jul 28 22:07:57 2026] Dranix tries to slash a froglok ton knight, but misses!
[Tue Jul 28 22:07:57 2026] A froglok ton knight kicks a froglok ton knight for 18 points of damage.
[Tue Jul 28 22:07:57 2026] You smite a froglok ton knight for 16 points of damage.
[Tue Jul 28 22:07:57 2026] You have become better at Smite! (61)
[Tue Jul 28 22:07:57 2026] You hit a froglok ton knight for 60 points of magic damage by Smiting Strike.
[Tue Jul 28 22:07:57 2026] A froglok ton knight staggers.
[Tue Jul 28 22:07:57 2026] A froglok ton knight slashes a froglok ton knight for 34 points of damage.
[Tue Jul 28 22:07:57 2026] A froglok ton warrior tries to hit Dranix, but misses!
[Tue Jul 28 22:07:58 2026] Dranix tries to crush a froglok ton knight, but misses!
[Tue Jul 28 22:07:59 2026] Dranix tries to strike a froglok ton knight, but misses!
[Tue Jul 28 22:07:59 2026] Dranix strikes a froglok ton knight for 10 points of damage.
[Tue Jul 28 22:07:59 2026] A froglok ton knight tries to bash YOU, but misses!
[Tue Jul 28 22:07:59 2026] You have become better at 1H Blunt! (155)
[Tue Jul 28 22:07:59 2026] You try to crush a froglok ton knight, but miss!
[Tue Jul 28 22:07:59 2026] You have become better at Dual Wield! (149)
[Tue Jul 28 22:07:59 2026] You crush a froglok ton knight for 16 points of damage.
[Tue Jul 28 22:07:59 2026] You try to crush a froglok ton knight, but miss!
[Tue Jul 28 22:07:59 2026] You bash a froglok ton knight for 1 point of damage.
[Tue Jul 28 22:07:59 2026] You have become better at Riposte! (9)
[Tue Jul 28 22:07:59 2026] You have become better at Parry! (33)
[Tue Jul 28 22:07:59 2026] You have become better at Strategy! (102)
[Tue Jul 28 22:07:59 2026] A froglok ton knight kicks YOU for 3 points of damage.
[Tue Jul 28 22:07:59 2026] You have become better at Defense! (102)
[Tue Jul 28 22:07:59 2026] A froglok ton knight tries to kick YOU, but misses!
[Tue Jul 28 22:07:59 2026] Dranix smites a froglok ton knight for 48 points of damage.
[Tue Jul 28 22:07:59 2026] Dranix hit a froglok ton knight for 56 points of magic damage by Smiting Strike.
[Tue Jul 28 22:07:59 2026] A froglok ton knight staggers.
[Tue Jul 28 22:07:59 2026] A froglok ton knight tries to hit Dranix, but misses!
[Tue Jul 28 22:07:59 2026] A froglok ton knight slashes a froglok ton knight for 34 points of damage.
[Tue Jul 28 22:08:00 2026] Dranix feels better.
[Tue Jul 28 22:08:00 2026] Dranix healed himself for 65 (67) hit points by Light Healing.
[Tue Jul 28 22:08:00 2026] A froglok ton knight is pierced by Dranix's thorns for 3 points of non-melee damage.
[Tue Jul 28 22:08:00 2026] A froglok ton knight hits Dranix for 11 points of damage. (Riposte)
[Tue Jul 28 22:08:00 2026] Dranix slashes a froglok ton knight for 68 points of damage.
[Tue Jul 28 22:08:00 2026] You have become better at Eagle Strike! (8)
[Tue Jul 28 22:08:00 2026] You try to strike a froglok ton knight, but miss!
[Tue Jul 28 22:08:00 2026] A froglok novice has been slain by Nanamen!
[Tue Jul 28 22:08:00 2026] A froglok ton warrior tries to hit Dranix, but Dranix dodges!
[Tue Jul 28 22:08:00 2026] Dranix tries to crush a froglok ton knight, but misses!
[Tue Jul 28 22:08:01 2026] You try to kick a froglok ton knight, but miss!
[Tue Jul 28 22:08:01 2026] You try to kick a froglok ton warrior, but a froglok ton warrior parries!
[Tue Jul 28 22:08:01 2026] You crush a froglok ton knight for 18 points of damage.
[Tue Jul 28 22:08:01 2026] You can't use that command right now...
[Tue Jul 28 22:08:01 2026] You begin casting Sanity Warp.
[Tue Jul 28 22:08:02 2026] A froglok ton knight slashes a froglok ton knight for 34 points of damage.
[Tue Jul 28 22:08:02 2026] A froglok ton knight tries to slash a froglok ton knight, but misses!
[Tue Jul 28 22:08:02 2026] A froglok ton warrior tries to cleave Dranix, but misses!
[Tue Jul 28 22:08:02 2026] A froglok ton warrior tries to cleave Dranix, but Dranix dodges!
[Tue Jul 28 22:08:02 2026] A froglok ton warrior is pierced by Dranix's thorns for 3 points of non-melee damage.
[Tue Jul 28 22:08:02 2026] A froglok ton warrior kicks Dranix for 1 point of damage.
[Tue Jul 28 22:08:02 2026] A froglok ton warrior tries to bash Dranix, but misses!
[Tue Jul 28 22:08:02 2026] Your faction standing with Frogloks of Guk has been adjusted by -5.
[Tue Jul 28 22:08:02 2026] You gain party experience! (1.343%)
[Tue Jul 28 22:08:02 2026] You receive 7 silver and 9 copper from the corpse.
[Tue Jul 28 22:08:02 2026] You hit a froglok ton knight for 25 points of magic damage by Sanity Warp.
[Tue Jul 28 22:08:02 2026] A froglok ton knight looks delirious.
[Tue Jul 28 22:08:02 2026] You have slain a froglok ton knight!
[Tue Jul 28 22:08:02 2026] You have become better at Evocation! (106)
[Tue Jul 28 22:08:02 2026] You have become better at Channeling! (107)
[Tue Jul 28 22:08:03 2026] You must first click on the being you wish to attack!
[Tue Jul 28 22:08:03 2026] A froglok ton warrior tries to hit Dranix, but Dranix blocks!
[Tue Jul 28 22:08:03 2026] You crush a froglok ton warrior for 20 points of damage.
[Tue Jul 28 22:08:03 2026] You crush a froglok ton warrior for 17 points of damage.
[Tue Jul 28 22:08:03 2026] You crush a froglok ton warrior for 22 points of damage.
[Tue Jul 28 22:08:05 2026] You have become better at Eagle Strike! (9)
[Tue Jul 28 22:08:05 2026] You try to strike a froglok ton warrior, but miss!
[Tue Jul 28 22:08:05 2026] You try to bash a froglok ton warrior, but miss!
[Tue Jul 28 22:08:06 2026] You crush a froglok ton warrior for 8 points of damage.
[Tue Jul 28 22:08:06 2026] You crush a froglok ton warrior for 24 points of damage.
[Tue Jul 28 22:08:06 2026] You crush a froglok ton warrior for 25 points of damage.
[Tue Jul 28 22:08:06 2026] Dranix tries to kick a froglok ton warrior, but misses!
[Tue Jul 28 22:08:06 2026] Dranix strikes a froglok ton warrior for 20 points of damage.
[Tue Jul 28 22:08:06 2026] Dranix bashes a froglok ton warrior for 2 points of damage.
[Tue Jul 28 22:08:06 2026] A froglok ton warrior tries to hit Dranix, but misses! (Riposte)
[Tue Jul 28 22:08:06 2026] A froglok ton warrior is pierced by Dranix's thorns for 3 points of non-melee damage.
[Tue Jul 28 22:08:06 2026] A froglok ton warrior hits Dranix for 2 points of damage.
[Tue Jul 28 22:08:06 2026] A froglok ton warrior is pierced by Dranix's thorns for 3 points of non-melee damage.
[Tue Jul 28 22:08:06 2026] A froglok ton warrior hits Dranix for 9 points of damage.
[Tue Jul 28 22:08:06 2026] Dranix slashes a froglok ton warrior for 48 points of damage.
[Tue Jul 28 22:08:06 2026] Dranix slashes a froglok ton warrior for 16 points of damage.
[Tue Jul 28 22:08:07 2026] You kick a froglok ton warrior for 18 points of damage.
[Tue Jul 28 22:08:08 2026] You can't use that command right now...
[Tue Jul 28 22:08:08 2026] You crush a froglok ton warrior for 49 points of damage. (Critical)
[Tue Jul 28 22:08:08 2026] You crush a froglok ton warrior for 16 points of damage.
[Tue Jul 28 22:08:08 2026] You begin casting Sanity Warp.
[Tue Jul 28 22:08:09 2026] A froglok ton warrior tries to hit Dranix, but misses!
[Tue Jul 28 22:08:09 2026] You hit a froglok ton warrior for 87 points of magic damage by Sanity Warp.
[Tue Jul 28 22:08:09 2026] A froglok ton warrior looks delirious.
[Tue Jul 28 22:08:09 2026] You have become better at Evocation! (107)
[Tue Jul 28 22:08:09 2026] Dranix tries to slash a froglok ton warrior, but a froglok ton warrior dodges!
[Tue Jul 28 22:08:09 2026] You smite a froglok ton warrior for 24 points of damage.
[Tue Jul 28 22:08:09 2026] You have become better at Smite! (62)
[Tue Jul 28 22:08:09 2026] You hit a froglok ton warrior for 60 points of magic damage by Smiting Strike.
[Tue Jul 28 22:08:09 2026] A froglok ton warrior staggers.
[Tue Jul 28 22:08:09 2026] You smite a froglok ton warrior for 11 points of damage.
[Tue Jul 28 22:08:09 2026] You have become better at Smite! (63)
[Tue Jul 28 22:08:09 2026] You hit a froglok ton warrior for 60 points of magic damage by Smiting Strike.
[Tue Jul 28 22:08:09 2026] A froglok ton warrior staggers.
[Tue Jul 28 22:08:09 2026] You have become better at Eagle Strike! (10)
[Tue Jul 28 22:08:09 2026] You try to strike a froglok ton warrior, but miss!
[Tue Jul 28 22:08:10 2026] You have become better at Riposte! (10)
[Tue Jul 28 22:08:10 2026] You have become better at Parry! (34)
[Tue Jul 28 22:08:10 2026] You have become better at Dodge! (102)
[Tue Jul 28 22:08:10 2026] A froglok ton warrior kicks YOU for 1 point of damage.
[Tue Jul 28 22:08:10 2026] A froglok ton knight slashes a froglok ton warrior for 32 points of damage.
[Tue Jul 28 22:08:10 2026] A froglok ton knight cleaves a froglok ton warrior for 29 points of damage.
[Tue Jul 28 22:08:10 2026] A froglok ton knight tries to bash a froglok ton warrior, but misses!
[Tue Jul 28 22:08:10 2026] Dranix strikes a froglok ton warrior for 16 points of damage.
[Tue Jul 28 22:08:10 2026] You have become better at Defense! (103)
[Tue Jul 28 22:08:10 2026] A froglok ton warrior tries to bash YOU, but misses!
[Tue Jul 28 22:08:10 2026] A froglok ton knight kicks a froglok ton warrior for 8 points of damage.
[Tue Jul 28 22:08:10 2026] You crush a froglok ton warrior for 3 points of damage.
[Tue Jul 28 22:08:10 2026] Your faction standing with Frogloks of Guk has been adjusted by -5.
[Tue Jul 28 22:08:10 2026] You gain party experience! (0.635%)
[Tue Jul 28 22:08:10 2026] You receive 7 gold and 8 silver from the corpse.
[Tue Jul 28 22:08:10 2026] You have slain a froglok ton warrior!
[Tue Jul 28 22:08:10 2026] You looted a Froglok Poison Gland from a froglok ton warrior's corpse and sold it for 3 silver and 6 copper.
[Tue Jul 28 22:08:13 2026] You have become better at Meditate! (128)
[Tue Jul 28 22:08:24 2026] Your Charm spell has worn off of a froglok ton knight.
[Tue Jul 28 22:08:24 2026] You have become better at Dodge! (103)
[Tue Jul 28 22:08:24 2026] You have become better at Strategy! (103)
[Tue Jul 28 22:08:24 2026] A froglok ton knight slashes YOU for 10 points of damage.
[Tue Jul 28 22:08:24 2026] A froglok ton knight tries to slash YOU, but YOU dodge!
[Tue Jul 28 22:08:24 2026] A froglok ton knight cleaves YOU for 10 points of damage.
[Tue Jul 28 22:08:24 2026] You have become better at Dodge! (104)
[Tue Jul 28 22:08:24 2026] A froglok ton knight bashes YOU for 1 point of damage.
[Tue Jul 28 22:08:24 2026] You have become better at Defense! (104)
[Tue Jul 28 22:08:24 2026] A froglok ton knight tries to kick YOU, but misses!
[Tue Jul 28 22:08:26 2026] A froglok ton knight tries to slash YOU, but misses!
[Tue Jul 28 22:08:27 2026] A froglok nok shaman begins casting Inner Fire.
[Tue Jul 28 22:08:28 2026] You begin casting Tashina.
[Tue Jul 28 22:08:28 2026] a froglok ton knight glances nervously about.
[Tue Jul 28 22:08:28 2026] You have become better at Specialize Abjure! (15)
[Tue Jul 28 22:08:29 2026] You have become better at Block! (59)
[Tue Jul 28 22:08:29 2026] You have become better at Strategy! (104)
[Tue Jul 28 22:08:29 2026] A froglok ton knight slashes YOU for 5 points of damage.
[Tue Jul 28 22:08:30 2026] You begin to change your invocation.
[Tue Jul 28 22:08:30 2026] You begin reciting the overchannel invocation.
[Tue Jul 28 22:08:30 2026] a froglok nok shaman's body pulses with energy.
[Tue Jul 28 22:08:30 2026] a froglok nok shaman healed itself for 20 hit points by Inner Fire.
[Tue Jul 28 22:08:30 2026] A froglok nok shaman begins casting Spirit of Wolf.
[Tue Jul 28 22:08:31 2026] You have become better at Block! (60)
[Tue Jul 28 22:08:31 2026] You have become better at Parry! (35)
[Tue Jul 28 22:08:31 2026] You have become better at Dodge! (105)
[Tue Jul 28 22:08:31 2026] A froglok ton knight kicks YOU for 6 points of damage.
[Tue Jul 28 22:08:31 2026] A froglok ton knight bashes YOU for 1 point of damage.
[Tue Jul 28 22:08:31 2026] A froglok ton knight bashes YOU for 1 point of damage.
[Tue Jul 28 22:08:31 2026] You have become better at Strategy! (105)
[Tue Jul 28 22:08:31 2026] A froglok ton knight slashes YOU for 24 points of damage.
[Tue Jul 28 22:08:31 2026] A froglok ton knight slashes YOU for 5 points of damage.
[Tue Jul 28 22:08:31 2026] Dranix tries to kick a froglok ton knight, but misses!
[Tue Jul 28 22:08:31 2026] Dranix tries to smite a froglok ton knight, but misses!
[Tue Jul 28 22:08:31 2026] Dranix strikes a froglok ton knight for 24 points of damage.
[Tue Jul 28 22:08:31 2026] Dranix bashes a froglok ton knight for 2 points of damage.
[Tue Jul 28 22:08:31 2026] Dranix tries to crush a froglok ton knight, but misses!
[Tue Jul 28 22:08:31 2026] Dranix slashes a froglok ton knight for 14 points of damage.
[Tue Jul 28 22:08:32 2026] You can't use that command right now...
[Tue Jul 28 22:08:32 2026] You can't use that command right now...
[Tue Jul 28 22:08:32 2026] You begin casting Color Flux.
[Tue Jul 28 22:08:32 2026] You can't use that command right now...
[Tue Jul 28 22:08:33 2026] a froglok ton knight is stunned by scintillating colors.
[Tue Jul 28 22:08:33 2026] You have become better at Divination! (84)
[Tue Jul 28 22:08:33 2026] You have become better at Specialize Divination! (9)
[Tue Jul 28 22:08:34 2026] Dranix crushes a froglok ton knight for 34 points of damage.
[Tue Jul 28 22:08:35 2026] a froglok nok shaman is surrounded by a brief lupine aura.
[Tue Jul 28 22:08:37 2026] You begin casting Charm.
[Tue Jul 28 22:08:37 2026] A froglok ton knight tries to slash YOU, but misses!
[Tue Jul 28 22:08:37 2026] A froglok ton knight tries to kick YOU, but misses!
[Tue Jul 28 22:08:37 2026] A froglok ton knight bashes YOU for 1 point of damage.
[Tue Jul 28 22:08:39 2026] You regain your concentration and continue your casting.
[Tue Jul 28 22:08:39 2026] a froglok ton knight has been charmed.
[Tue Jul 28 22:08:39 2026] You have become better at Alteration! (107)
[Tue Jul 28 22:08:39 2026] You have become better at Specialize Alteration! (64)
[Tue Jul 28 22:08:42 2026] You begin to change your invocation.
[Tue Jul 28 22:08:43 2026] You begin reciting the inversion invocation.
[Tue Jul 28 22:08:43 2026] Dranix kicks a froglok ton knight for 26 points of damage.
[Tue Jul 28 22:08:43 2026] Dranix tries to kick a froglok ton knight, but misses!
[Tue Jul 28 22:08:43 2026] Dranix strikes a froglok ton knight for 24 points of damage.
[Tue Jul 28 22:08:43 2026] Dranix bashes a froglok ton knight for 2 points of damage.
[Tue Jul 28 22:08:43 2026] A froglok ton knight is pierced by Dranix's thorns for 3 points of non-melee damage.
[Tue Jul 28 22:08:43 2026] A froglok ton knight hits Dranix for 15 points of damage.
[Tue Jul 28 22:08:43 2026] A froglok ton knight is pierced by Dranix's thorns for 3 points of non-melee damage.
[Tue Jul 28 22:08:43 2026] A froglok ton knight cleaves Dranix for 6 points of damage.
[Tue Jul 28 22:08:43 2026] A froglok ton knight is pierced by Dranix's thorns for 3 points of non-melee damage.
[Tue Jul 28 22:08:43 2026] A froglok ton knight bashes Dranix for 1 point of damage.
[Tue Jul 28 22:08:43 2026] A froglok ton knight is pierced by Dranix's thorns for 3 points of non-melee damage.
[Tue Jul 28 22:08:43 2026] A froglok ton knight bashes Dranix for 1 point of damage.
[Tue Jul 28 22:08:43 2026] A froglok ton knight is pierced by Dranix's thorns for 3 points of non-melee damage.
[Tue Jul 28 22:08:43 2026] A froglok ton knight kicks Dranix for 9 points of damage.
[Tue Jul 28 22:08:44 2026] You have become better at Meditate! (129)
[Tue Jul 28 22:08:44 2026] Dranix smites a froglok ton knight for 56 points of damage. (Critical)
[Tue Jul 28 22:08:44 2026] Dranix hit a froglok ton knight for 56 points of magic damage by Smiting Strike.
[Tue Jul 28 22:08:44 2026] A froglok ton knight staggers.
[Tue Jul 28 22:08:44 2026] Dranix smites a froglok ton knight for 48 points of damage.
[Tue Jul 28 22:08:44 2026] Dranix hit a froglok ton knight for 56 points of magic damage by Smiting Strike.
[Tue Jul 28 22:08:44 2026] A froglok ton knight staggers.
[Tue Jul 28 22:08:46 2026] A froglok ton knight tries to hit Dranix, but Dranix blocks!
[Tue Jul 28 22:08:46 2026] Dranix slashes a froglok ton knight for 60 points of damage.
[Tue Jul 28 22:08:46 2026] Dranix begins casting Walking Sleep II.
[Tue Jul 28 22:08:46 2026] Auto attack is on.
[Tue Jul 28 22:08:46 2026] You try to bash a froglok ton knight, but miss!
[Tue Jul 28 22:08:46 2026] You smite a froglok ton knight for 19 points of damage.
[Tue Jul 28 22:08:46 2026] You have become better at Smite! (64)
[Tue Jul 28 22:08:46 2026] You hit a froglok ton knight for 60 points of magic damage by Smiting Strike.
[Tue Jul 28 22:08:46 2026] A froglok ton knight staggers.
[Tue Jul 28 22:08:46 2026] You kick a froglok ton knight for 6 points of damage.
[Tue Jul 28 22:08:46 2026] You have become better at Eagle Strike! (11)
[Tue Jul 28 22:08:46 2026] You try to strike a froglok ton knight, but miss!
[Tue Jul 28 22:08:46 2026] You crush a froglok ton knight for 16 points of damage.
[Tue Jul 28 22:08:46 2026] You try to crush a froglok ton knight, but miss!
[Tue Jul 28 22:08:46 2026] You try to crush a froglok ton knight, but a froglok ton knight dodges!
[Tue Jul 28 22:08:47 2026] A froglok shin shaman begins casting Inner Fire.
[Tue Jul 28 22:08:48 2026] A froglok ton knight is pierced by Dranix's thorns for 3 points of non-melee damage.
[Tue Jul 28 22:08:48 2026] A froglok ton knight hits Dranix for 2 points of damage.
[Tue Jul 28 22:08:49 2026] a froglok ton knight yawns.
[Tue Jul 28 22:08:49 2026] Dranix slashes a froglok ton knight for 48 points of damage.
[Tue Jul 28 22:08:49 2026] You try to crush a froglok ton knight, but miss!
[Tue Jul 28 22:08:49 2026] You crush a froglok ton knight for 11 points of damage.
[Tue Jul 28 22:08:49 2026] Dranix strikes a froglok ton knight for 24 points of damage.
[Tue Jul 28 22:08:49 2026] You begin casting Quickness.
[Tue Jul 28 22:08:49 2026] Dranix tries to bash a froglok ton knight, but a froglok ton knight parries!
[Tue Jul 28 22:08:49 2026] Dranix kicks a froglok ton knight for 28 points of damage.
[Tue Jul 28 22:08:50 2026] a froglok shin shaman's body pulses with energy.
[Tue Jul 28 22:08:50 2026] a froglok shin shaman healed itself for 20 hit points by Inner Fire.
[Tue Jul 28 22:08:50 2026] You feel much faster.
[Tue Jul 28 22:08:50 2026] You have become better at Specialize Alteration! (65)
[Tue Jul 28 22:08:50 2026] A froglok shin shaman begins casting Inner Fire.
[Tue Jul 28 22:08:51 2026] Dranix tries to crush a froglok ton knight, but a froglok ton knight dodges!
[Tue Jul 28 22:08:51 2026] A froglok ton knight is pierced by Dranix's thorns for 3 points of non-melee damage.
[Tue Jul 28 22:08:51 2026] A froglok ton knight bashes Dranix for 1 point of damage.
[Tue Jul 28 22:08:51 2026] You have become better at Eagle Strike! (12)
[Tue Jul 28 22:08:51 2026] You try to strike a froglok ton knight, but miss!
[Tue Jul 28 22:08:51 2026] You try to crush a froglok ton knight, but miss!
[Tue Jul 28 22:08:51 2026] You crush a froglok ton knight for 9 points of damage.
[Tue Jul 28 22:08:51 2026] A froglok ton knight is pierced by Dranix's thorns for 3 points of non-melee damage.
[Tue Jul 28 22:08:51 2026] A froglok ton knight kicks Dranix for 6 points of damage.
[Tue Jul 28 22:08:52 2026] Dranix slashes a froglok ton knight for 48 points of damage.
[Tue Jul 28 22:08:52 2026] A froglok ton knight is pierced by Dranix's thorns for 3 points of non-melee damage.
[Tue Jul 28 22:08:52 2026] A froglok ton knight hits Dranix for 2 points of damage.
[Tue Jul 28 22:08:53 2026] Dranix feels better.
[Tue Jul 28 22:08:53 2026] Dranix healed himself for 37 (67) hit points by Light Healing.
[Tue Jul 28 22:08:53 2026] You try to bash a froglok ton knight, but miss!
[Tue Jul 28 22:08:53 2026] You kick a froglok ton knight for 9 points of damage.
[Tue Jul 28 22:08:53 2026] You have become better at Round Kick! (109)
[Tue Jul 28 22:08:53 2026] Dranix strikes a froglok ton knight for 24 points of damage.
[Tue Jul 28 22:08:53 2026] a froglok ton knight's body pulses with energy.
[Tue Jul 28 22:08:53 2026] a froglok shin shaman healed a froglok ton knight for 20 hit points by Inner Fire.
[Tue Jul 28 22:08:53 2026] You crush a froglok ton knight for 16 points of damage.
[Tue Jul 28 22:08:53 2026] A froglok shin shaman begins casting Spirit of Wolf.
[Tue Jul 28 22:08:54 2026] You can't use that command right now...
[Tue Jul 28 22:08:54 2026] You begin casting Quickness.
[Tue Jul 28 22:08:54 2026] You can't use that command right now...
[Tue Jul 28 22:08:54 2026] You can't use that command right now...
[Tue Jul 28 22:08:54 2026] You can't use that command right now...
[Tue Jul 28 22:08:54 2026] Dranix crushes a froglok ton knight for 20 points of damage.
[Tue Jul 28 22:08:55 2026] Dranix tries to slash a froglok ton knight, but misses!
[Tue Jul 28 22:08:55 2026] Dranix slashes a froglok ton knight for 50 points of damage.
[Tue Jul 28 22:08:55 2026] A froglok ton knight is pierced by Dranix's thorns for 3 points of non-melee damage.
[Tue Jul 28 22:08:55 2026] A froglok ton knight cleaves Dranix for 6 points of damage.
[Tue Jul 28 22:08:55 2026] a froglok ton knight feels much faster.
[Tue Jul 28 22:08:55 2026] You have become better at Channeling! (108)
[Tue Jul 28 22:08:56 2026] Dranix tries to bash a froglok ton knight, but misses!
[Tue Jul 28 22:08:56 2026] Dranix tries to smite a froglok ton knight, but misses!
[Tue Jul 28 22:08:56 2026] You have become better at Meditate! (130)
[Tue Jul 28 22:08:56 2026] A froglok ton knight is pierced by Dranix's thorns for 3 points of non-melee damage.
[Tue Jul 28 22:08:56 2026] A froglok ton knight hits Dranix for 2 points of damage.
[Tue Jul 28 22:08:56 2026] Dranix kicks a froglok ton knight for 45 points of damage. (Critical)
[Tue Jul 28 22:08:56 2026] Dranix crushes a froglok ton knight for 4 points of damage.
[Tue Jul 28 22:08:58 2026] a froglok shin shaman is surrounded by a brief lupine aura.
[Tue Jul 28 22:08:59 2026] You can't use that command right now...
[Tue Jul 28 22:08:59 2026] You begin casting Quickness.
[Tue Jul 28 22:08:59 2026] You can't use that command right now...
[Tue Jul 28 22:08:59 2026] You can't use that command right now...
[Tue Jul 28 22:09:00 2026] A froglok shin shaman begins casting Spirit of Wolf.
[Tue Jul 28 22:09:00 2026] Dranix feels much faster.
[Tue Jul 28 22:09:00 2026] You have become better at Alteration! (108)
[Tue Jul 28 22:09:00 2026] You have become better at Specialize Alteration! (66)
[Tue Jul 28 22:09:01 2026] Dranix slashes a froglok ton knight for 48 points of damage.
[Tue Jul 28 22:09:02 2026] Dranix bashes a froglok ton knight for 2 points of damage.
[Tue Jul 28 22:09:02 2026] Dranix crushes a froglok ton knight for 13 points of damage.
[Tue Jul 28 22:09:02 2026] Your faction standing with Frogloks of Guk has been adjusted by -5.
[Tue Jul 28 22:09:02 2026] You gain party experience! (0.947%)
[Tue Jul 28 22:09:02 2026] Your target is too far away, get closer!
[Tue Jul 28 22:09:02 2026] You receive 2 platinum, 4 silver and 5 copper from the corpse.
[Tue Jul 28 22:09:02 2026] A froglok ton knight has been slain by Dranix!
[Tue Jul 28 22:09:02 2026] Geber hit a froglok tad for 4 points of disease damage by Disease Cloud.
[Tue Jul 28 22:09:02 2026] A froglok tad doubles over in pain.
[Tue Jul 28 22:09:02 2026] A froglok tad has been slain by Geber!
[Tue Jul 28 22:09:02 2026] Your target is too far away, get closer!
[Tue Jul 28 22:09:04 2026] A froglok ton warrior is pierced by Dranix's thorns for 3 points of non-melee damage.
[Tue Jul 28 22:09:04 2026] A froglok ton warrior slashes Dranix for 5 points of damage. (Riposte)
[Tue Jul 28 22:09:04 2026] Dranix tries to strike a froglok ton warrior, but misses!
[Tue Jul 28 22:09:04 2026] A froglok ton warrior tries to slash Dranix, but misses!
[Tue Jul 28 22:09:04 2026] A froglok ton warrior tries to cleave Dranix, but misses!
[Tue Jul 28 22:09:04 2026] A froglok ton warrior is pierced by Dranix's thorns for 3 points of non-melee damage.
[Tue Jul 28 22:09:04 2026] A froglok ton warrior cleaves Dranix for 17 points of damage.
[Tue Jul 28 22:09:04 2026] A froglok ton warrior is pierced by Dranix's thorns for 3 points of non-melee damage.
[Tue Jul 28 22:09:04 2026] A froglok ton warrior kicks Dranix for 1 point of damage.
[Tue Jul 28 22:09:04 2026] A froglok ton warrior is pierced by Dranix's thorns for 3 points of non-melee damage.
[Tue Jul 28 22:09:04 2026] A froglok ton warrior bashes Dranix for 1 point of damage.
[Tue Jul 28 22:09:04 2026] Dranix crushes a froglok ton warrior for 24 points of damage.
[Tue Jul 28 22:09:04 2026] Your target is too far away, get closer!
[Tue Jul 28 22:09:04 2026] Dranix tries to hit a froglok ton warrior, but misses!
[Tue Jul 28 22:09:04 2026] a froglok shin shaman's Spirit of Wolf spell is interrupted.
[Tue Jul 28 22:09:04 2026] You bash a froglok shin shaman for 1 point of damage.
[Tue Jul 28 22:09:04 2026] You try to bash a froglok shin shaman, but miss!
[Tue Jul 28 22:09:04 2026] You have become better at Smite! (65)
[Tue Jul 28 22:09:04 2026] You try to smite a froglok shin shaman, but miss!
[Tue Jul 28 22:09:04 2026] You try to smite a froglok shin shaman, but miss!
[Tue Jul 28 22:09:04 2026] You try to kick a froglok shin shaman, but miss!
[Tue Jul 28 22:09:04 2026] You strike a froglok shin shaman for 22 points of damage. (Critical)
[Tue Jul 28 22:09:05 2026] Auto attack is off.
[Tue Jul 28 22:09:05 2026] You have become better at Eagle Strike! (13)
[Tue Jul 28 22:09:05 2026] A froglok shin shaman tries to crush YOU, but misses!
[Tue Jul 28 22:09:05 2026] You try to crush a froglok shin shaman, but miss!
[Tue Jul 28 22:09:05 2026] Nanamen has taken 10 damage from Poison Bolt by a froglok necromancer.
[Tue Jul 28 22:09:05 2026] Auto attack is on.
[Tue Jul 28 22:09:06 2026] Dranix begins casting Walking Sleep II.
[Tue Jul 28 22:09:07 2026] A froglok ton warrior is pierced by Dranix's thorns for 3 points of non-melee damage.
[Tue Jul 28 22:09:07 2026] A froglok ton warrior slashes Dranix for 36 points of damage.
[Tue Jul 28 22:09:07 2026] A froglok ton knight tries to hit YOU, but misses!
[Tue Jul 28 22:09:07 2026] A froglok ton knight tries to cleave YOU, but misses!
[Tue Jul 28 22:09:07 2026] A froglok ton knight bashes YOU for 1 point of damage.
[Tue Jul 28 22:09:07 2026] A froglok ton knight tries to slash a froglok shin shaman, but misses!
[Tue Jul 28 22:09:07 2026] A froglok ton knight tries to cleave a froglok shin shaman, but misses!
[Tue Jul 28 22:09:07 2026] A froglok ton knight bashes a froglok shin shaman for 1 point of damage.
[Tue Jul 28 22:09:07 2026] A froglok ton knight bashes a froglok shin shaman for 1 point of damage.
[Tue Jul 28 22:09:07 2026] You try to crush a froglok shin shaman, but a froglok shin shaman dodges!
[Tue Jul 28 22:09:07 2026] You have become better at Dual Wield! (150)
[Tue Jul 28 22:09:07 2026] A froglok shin shaman tries to crush YOU, but misses! (Riposte)
[Tue Jul 28 22:09:07 2026] A froglok ton knight tries to kick a froglok shin shaman, but a froglok shin shaman dodges!
[Tue Jul 28 22:09:07 2026] A froglok ton knight kicks YOU for 2 points of damage.
[Tue Jul 28 22:09:07 2026] A froglok ton knight tries to kick YOU, but misses!
[Tue Jul 28 22:09:08 2026] You begin casting Mesmerization.
[Tue Jul 28 22:09:09 2026] You have become better at Conjuration! (106)
[Tue Jul 28 22:09:09 2026] You have become better at Specialize Conjuration! (19)
[Tue Jul 28 22:09:09 2026] You have become better at Channeling! (109)
[Tue Jul 28 22:09:09 2026] a froglok ton warrior yawns.
[Tue Jul 28 22:09:09 2026] Dranix crushes a froglok ton warrior for 24 points of damage.
[Tue Jul 28 22:09:09 2026] Dranix tries to slash a froglok ton warrior, but misses!
[Tue Jul 28 22:09:09 2026] a froglok shin shaman has been mesmerized.
[Tue Jul 28 22:09:09 2026] a froglok ton knight has been mesmerized.
[Tue Jul 28 22:09:09 2026] A froglok ton knight told you, 'I am unable to wake a froglok shin shaman, Master.'
[Tue Jul 28 22:09:09 2026] A froglok ton knight told you, 'I am unable to wake a froglok ton knight, Master.'
[Tue Jul 28 22:09:09 2026] Dranix tries to smite a froglok ton warrior, but misses!
[Tue Jul 28 22:09:09 2026] Dranix strikes a froglok ton warrior for 39 points of damage. (Critical)
[Tue Jul 28 22:09:09 2026] Dranix bashes a froglok ton warrior for 11 points of damage. (Critical)
[Tue Jul 28 22:09:09 2026] Dranix tries to bash a froglok ton warrior, but a froglok ton warrior dodges!
[Tue Jul 28 22:09:09 2026] You have become better at Eagle Strike! (14)
[Tue Jul 28 22:09:09 2026] You try to strike a froglok shin shaman, but miss!
[Tue Jul 28 22:09:09 2026] You try to crush a froglok shin shaman, but miss!
[Tue Jul 28 22:09:09 2026] Dranix tries to slash a froglok ton warrior, but misses!
[Tue Jul 28 22:09:09 2026] Dranix tries to slash a froglok ton warrior, but misses!
[Tue Jul 28 22:09:10 2026] Dranix kicks a froglok ton warrior for 22 points of damage.
[Tue Jul 28 22:09:10 2026] A froglok ton warrior is pierced by Dranix's thorns for 3 points of non-melee damage.
[Tue Jul 28 22:09:10 2026] A froglok ton warrior slashes Dranix for 34 points of damage.
[Tue Jul 28 22:09:11 2026] You try to bash a froglok shin shaman, but miss!
[Tue Jul 28 22:09:11 2026] Nanamen has taken 10 damage from Poison Bolt by a froglok necromancer.
[Tue Jul 28 22:09:11 2026] Nanamen has taken 1 damage from Disease Cloud by a froglok necromancer.
[Tue Jul 28 22:09:11 2026] Your Mesmerization spell has worn off of a froglok shin shaman.
[Tue Jul 28 22:09:11 2026] A froglok shin shaman has been awakened by Primitive.
[Tue Jul 28 22:09:11 2026] You kick a froglok shin shaman for 7 points of damage.
[Tue Jul 28 22:09:11 2026] You have become better at Round Kick! (110)
[Tue Jul 28 22:09:11 2026] A froglok shin shaman tries to crush YOU, but misses!
[Tue Jul 28 22:09:11 2026] A froglok ton knight slashes a froglok shin shaman for 26 points of damage.
[Tue Jul 28 22:09:11 2026] A froglok ton knight slashes a froglok shin shaman for 31 points of damage.
[Tue Jul 28 22:09:11 2026] You crush a froglok shin shaman for 16 points of damage.
[Tue Jul 28 22:09:11 2026] You try to crush a froglok shin shaman, but miss!
[Tue Jul 28 22:09:12 2026] A froglok ton warrior tries to bash Dranix, but misses!
[Tue Jul 28 22:09:12 2026] A froglok ton warrior is pierced by Dranix's thorns for 3 points of non-melee damage.
[Tue Jul 28 22:09:12 2026] A froglok ton warrior kicks Dranix for 16 points of damage.
[Tue Jul 28 22:09:12 2026] You can't use that command right now...
[Tue Jul 28 22:09:12 2026] Dranix tries to slash a froglok ton warrior, but a froglok ton warrior dodges!
[Tue Jul 28 22:09:12 2026] You begin casting Sanity Warp.
[Tue Jul 28 22:09:12 2026] You can't use that command right now...
[Tue Jul 28 22:09:13 2026] Dranix crushes a froglok ton warrior for 30 points of damage.
[Tue Jul 28 22:09:13 2026] You can't use that command right now...
[Tue Jul 28 22:09:13 2026] A froglok ton knight bashes a froglok shin shaman for 1 point of damage.
[Tue Jul 28 22:09:13 2026] A froglok ton knight kicks a froglok shin shaman for 10 points of damage.
[Tue Jul 28 22:09:13 2026] You hit a froglok shin shaman for 87 points of magic damage by Sanity Warp.
[Tue Jul 28 22:09:13 2026] A froglok shin shaman looks delirious.
[Tue Jul 28 22:09:13 2026] You have become better at Evocation! (108)
[Tue Jul 28 22:09:13 2026] Dranix strikes a froglok ton warrior for 30 points of damage.
[Tue Jul 28 22:09:13 2026] A froglok ton knight tries to slash a froglok shin shaman, but misses!
[Tue Jul 28 22:09:13 2026] You have become better at Dual Wield! (151)
[Tue Jul 28 22:09:13 2026] You crush a froglok shin shaman for 18 points of damage.
[Tue Jul 28 22:09:13 2026] You crush a froglok shin shaman for 17 points of damage.
[Tue Jul 28 22:09:14 2026] A froglok ton warrior is pierced by Dranix's thorns for 3 points of non-melee damage.
[Tue Jul 28 22:09:14 2026] A froglok ton warrior slashes Dranix for 38 points of damage.
[Tue Jul 28 22:09:14 2026] A froglok shin shaman crushes YOU for 5 points of damage.
[Tue Jul 28 22:09:14 2026] You strike a froglok shin shaman for 14 points of damage.
[Tue Jul 28 22:09:14 2026] You have become better at Eagle Strike! (15)
[Tue Jul 28 22:09:14 2026] Dranix crushes a froglok ton warrior for 36 points of damage.
[Tue Jul 28 22:09:15 2026] Dranix bashes a froglok ton warrior for 2 points of damage.
[Tue Jul 28 22:09:15 2026] Dranix slashes a froglok ton warrior for 93 points of damage. (Critical)
[Tue Jul 28 22:09:15 2026] Dranix tries to slash a froglok ton warrior, but misses!
[Tue Jul 28 22:09:15 2026] A froglok ton knight tries to slash a froglok shin shaman, but misses!
[Tue Jul 28 22:09:16 2026] A froglok ton warrior is pierced by Dranix's thorns for 3 points of non-melee damage.
[Tue Jul 28 22:09:16 2026] A froglok ton warrior cleaves Dranix for 13 points of damage.
[Tue Jul 28 22:09:16 2026] You crush a froglok shin shaman for 19 points of damage.
[Tue Jul 28 22:09:16 2026] You try to smite a froglok shin shaman, but miss!
[Tue Jul 28 22:09:16 2026] A froglok ton knight cleaves a froglok shin shaman for 10 points of damage.
[Tue Jul 28 22:09:16 2026] Dranix crushes a froglok ton warrior for 18 points of damage.
[Tue Jul 28 22:09:17 2026] You have become better at Defense! (105)
[Tue Jul 28 22:09:17 2026] A froglok shin shaman tries to crush YOU, but misses!
[Tue Jul 28 22:09:17 2026] Dranix kicks a froglok ton warrior for 28 points of damage.
[Tue Jul 28 22:09:17 2026] Nanamen has taken 10 damage from Poison Bolt by a froglok necromancer.
[Tue Jul 28 22:09:17 2026] Nanamen has taken 1 damage from Disease Cloud by a froglok necromancer.
[Tue Jul 28 22:09:17 2026] You cannot see your target.
[Tue Jul 28 22:09:18 2026] A froglok ton warrior is pierced by Dranix's thorns for 3 points of non-melee damage.
[Tue Jul 28 22:09:18 2026] A froglok ton warrior slashes Dranix for 6 points of damage.
[Tue Jul 28 22:09:18 2026] A froglok ton knight tries to slash a froglok shin shaman, but misses!
[Tue Jul 28 22:09:18 2026] You try to kick a froglok shin shaman, but miss!
[Tue Jul 28 22:09:18 2026] You kick a froglok shin shaman for 6 points of damage.
[Tue Jul 28 22:09:18 2026] You begin casting Sanity Warp.
[Tue Jul 28 22:09:18 2026] You can't use that command right now...
[Tue Jul 28 22:09:18 2026] Dranix tries to strike a froglok ton warrior, but a froglok ton warrior dodges!
[Tue Jul 28 22:09:18 2026] You can't use that command right now...
[Tue Jul 28 22:09:18 2026] Dranix slashes a froglok ton warrior for 69 points of damage. (Critical)
[Tue Jul 28 22:09:18 2026] Dranix slashes a froglok ton warrior for 56 points of damage. (Critical)
[Tue Jul 28 22:09:18 2026] You hit a froglok shin shaman for 87 points of magic damage by Sanity Warp.
[Tue Jul 28 22:09:18 2026] A froglok shin shaman looks delirious.
[Tue Jul 28 22:09:18 2026] You try to crush a froglok shin shaman, but miss!
[Tue Jul 28 22:09:18 2026] You have become better at Dual Wield! (152)
[Tue Jul 28 22:09:18 2026] You crush a froglok shin shaman for 21 points of damage.
[Tue Jul 28 22:09:19 2026] You strike a froglok shin shaman for 13 points of damage.
[Tue Jul 28 22:09:19 2026] You have become better at Eagle Strike! (16)
[Tue Jul 28 22:09:19 2026] A froglok shin shaman begins casting Light Healing.
[Tue Jul 28 22:09:19 2026] A froglok ton knight tries to hit YOU, but misses!
[Tue Jul 28 22:09:19 2026] A froglok ton knight cleaves YOU for 1 point of damage.
[Tue Jul 28 22:09:19 2026] A froglok ton knight kicks YOU for 4 points of damage.
[Tue Jul 28 22:09:19 2026] A froglok ton knight bashes YOU for 1 point of damage.
[Tue Jul 28 22:09:19 2026] a froglok shin shaman's Light Healing spell is interrupted.
[Tue Jul 28 22:09:19 2026] A froglok ton knight bashes a froglok shin shaman for 1 point of damage.
[Tue Jul 28 22:09:19 2026] A froglok shin shaman tries to crush YOU, but misses!
[Tue Jul 28 22:09:20 2026] A froglok ton knight slashes a froglok shin shaman for 9 points of damage.
[Tue Jul 28 22:09:20 2026] A froglok ton knight slashes a froglok shin shaman for 17 points of damage.
[Tue Jul 28 22:09:20 2026] A froglok ton knight kicks a froglok shin shaman for 17 points of damage.
[Tue Jul 28 22:09:20 2026] Dranix crushes a froglok ton warrior for 24 points of damage.
[Tue Jul 28 22:09:20 2026] Dranix tries to smite a froglok ton warrior, but misses!
[Tue Jul 28 22:09:20 2026] You crush a froglok shin shaman for 11 points of damage.
[Tue Jul 28 22:09:20 2026] You try to crush a froglok shin shaman, but miss!
[Tue Jul 28 22:09:21 2026] A froglok ton warrior is pierced by Dranix's thorns for 3 points of non-melee damage.
[Tue Jul 28 22:09:21 2026] A froglok ton warrior slashes Dranix for 8 points of damage.
[Tue Jul 28 22:09:21 2026] A froglok ton warrior tries to slash Dranix, but misses!
[Tue Jul 28 22:09:21 2026] Dranix tries to slash a froglok ton warrior, but misses!
[Tue Jul 28 22:09:21 2026] Dranix bashes a froglok ton warrior for 2 points of damage.
[Tue Jul 28 22:09:22 2026] A froglok ton knight hits YOU for 23 points of damage.
[Tue Jul 28 22:09:22 2026] Dranix crushes a froglok ton warrior for 27 points of damage. (Critical)
[Tue Jul 28 22:09:22 2026] A froglok ton knight tries to slash a froglok shin shaman, but misses!
[Tue Jul 28 22:09:22 2026] A froglok ton knight slashes a froglok shin shaman for 19 points of damage.
[Tue Jul 28 22:09:22 2026] Dranix tries to strike a froglok ton warrior, but misses!
[Tue Jul 28 22:09:22 2026] A froglok shin shaman tries to crush YOU, but misses!
[Tue Jul 28 22:09:23 2026] A froglok ton warrior tries to bash Dranix, but misses!
[Tue Jul 28 22:09:23 2026] You can't use that command right now...
[Tue Jul 28 22:09:23 2026] You begin casting Sanity Warp.
[Tue Jul 28 22:09:23 2026] A froglok ton warrior is pierced by Dranix's thorns for 3 points of non-melee damage.
[Tue Jul 28 22:09:23 2026] A froglok ton warrior kicks Dranix for 1 point of damage.
[Tue Jul 28 22:09:23 2026] Nanamen has taken 10 damage from Poison Bolt by a froglok necromancer.
[Tue Jul 28 22:09:23 2026] Nanamen has taken 1 damage from Disease Cloud by a froglok necromancer.
[Tue Jul 28 22:09:23 2026] You can't use that command right now...
[Tue Jul 28 22:09:23 2026] Dranix tries to kick a froglok ton warrior, but misses!
[Tue Jul 28 22:09:23 2026] You hit a froglok shin shaman for 87 points of magic damage by Sanity Warp.
[Tue Jul 28 22:09:23 2026] A froglok shin shaman looks delirious.
[Tue Jul 28 22:09:23 2026] You try to crush a froglok shin shaman, but miss!
[Tue Jul 28 22:09:24 2026] You try to bash a froglok shin shaman, but a froglok shin shaman parries!
[Tue Jul 28 22:09:24 2026] You strike a froglok shin shaman for 13 points of damage.
[Tue Jul 28 22:09:24 2026] You have become better at Eagle Strike! (17)
[Tue Jul 28 22:09:24 2026] A froglok ton knight slashes a froglok shin shaman for 34 points of damage.
[Tue Jul 28 22:09:24 2026] A froglok ton knight tries to slash a froglok shin shaman, but a froglok shin shaman dodges!
[Tue Jul 28 22:09:24 2026] You kick a froglok shin shaman for 16 points of damage.
[Tue Jul 28 22:09:24 2026] Your faction standing with Frogloks of Guk has been adjusted by -5.
[Tue Jul 28 22:09:24 2026] You gain party experience! (0.730%)
[Tue Jul 28 22:09:24 2026] You receive 7 silver from the corpse.
[Tue Jul 28 22:09:24 2026] You have slain a froglok shin shaman!
[Tue Jul 28 22:09:24 2026] You kick a froglok ton knight for 7 points of damage.
[Tue Jul 28 22:09:24 2026] Dranix slashes a froglok ton warrior for 16 points of damage.
[Tue Jul 28 22:09:24 2026] You looted a Cracked Staff +1 from a froglok shin shaman's corpse and sold it for 8 gold, 5 silver and 7 copper.
[Tue Jul 28 22:09:24 2026] A froglok ton knight hits YOU for 1 point of damage.
[Tue Jul 28 22:09:25 2026] You crush a froglok ton knight for 19 points of damage.
[Tue Jul 28 22:09:25 2026] A froglok ton warrior is pierced by Dranix's thorns for 3 points of non-melee damage.
[Tue Jul 28 22:09:25 2026] A froglok ton warrior slashes Dranix for 21 points of damage.
[Tue Jul 28 22:09:25 2026] A froglok ton knight cleaves a froglok ton knight for 24 points of damage.
[Tue Jul 28 22:09:25 2026] A froglok ton knight cleaves a froglok ton knight for 34 points of damage.
[Tue Jul 28 22:09:25 2026] A froglok ton knight tries to slash a froglok ton knight, but misses!
[Tue Jul 28 22:09:26 2026] Dranix crushes a froglok ton warrior for 32 points of damage.
[Tue Jul 28 22:09:26 2026] A froglok ton knight tries to slash a froglok ton knight, but a froglok ton knight dodges!
[Tue Jul 28 22:09:26 2026] A froglok ton knight slashes a froglok ton knight for 34 points of damage.
[Tue Jul 28 22:09:26 2026] A froglok ton knight tries to kick a froglok ton knight, but a froglok ton knight parries!
[Tue Jul 28 22:09:26 2026] Dranix tries to strike a froglok ton warrior, but misses!
[Tue Jul 28 22:09:27 2026] A froglok ton knight tries to bash a froglok ton knight, but misses!
[Tue Jul 28 22:09:27 2026] A froglok ton knight tries to bash a froglok ton knight, but misses!
[Tue Jul 28 22:09:27 2026] You crush a froglok ton knight for 16 points of damage.
[Tue Jul 28 22:09:27 2026] You crush a froglok ton knight for 23 points of damage.
[Tue Jul 28 22:09:27 2026] You try to crush a froglok ton knight, but miss!
[Tue Jul 28 22:09:27 2026] A froglok ton knight tries to hit YOU, but misses!
[Tue Jul 28 22:09:27 2026] Dranix tries to slash a froglok ton warrior, but a froglok ton warrior dodges!
[Tue Jul 28 22:09:27 2026] You smite a froglok ton knight for 24 points of damage.
[Tue Jul 28 22:09:27 2026] You hit a froglok ton knight for 60 points of magic damage by Smiting Strike.
[Tue Jul 28 22:09:27 2026] A froglok ton knight staggers.
[Tue Jul 28 22:09:27 2026] Dranix crushes a froglok ton warrior for 20 points of damage.
[Tue Jul 28 22:09:28 2026] Dranix bashes a froglok ton warrior for 2 points of damage.
[Tue Jul 28 22:09:28 2026] A froglok ton knight kicks YOU for 7 points of damage.
[Tue Jul 28 22:09:28 2026] A froglok ton knight tries to slash a froglok ton knight, but misses!
[Tue Jul 28 22:09:28 2026] A froglok ton knight tries to slash a froglok ton knight, but misses!
[Tue Jul 28 22:09:28 2026] You have become better at Eagle Strike! (18)
[Tue Jul 28 22:09:28 2026] You try to strike a froglok ton knight, but miss!
[Tue Jul 28 22:09:29 2026] Nanamen has taken 10 damage from Poison Bolt by a froglok necromancer.
[Tue Jul 28 22:09:29 2026] Nanamen has taken 1 damage from Disease Cloud by a froglok necromancer.
[Tue Jul 28 22:09:29 2026] You can't use that command right now...
[Tue Jul 28 22:09:29 2026] You begin casting Sanity Warp.
[Tue Jul 28 22:09:29 2026] Dranix crushes a froglok ton warrior for 16 points of damage.
[Tue Jul 28 22:09:30 2026] A froglok ton knight hits YOU for 9 points of damage.
[Tue Jul 28 22:09:30 2026] A froglok ton knight hits YOU for 1 point of damage.
[Tue Jul 28 22:09:30 2026] You regain your concentration and continue your casting.
[Tue Jul 28 22:09:30 2026] You hit a froglok ton knight for 87 points of magic damage by Sanity Warp.
[Tue Jul 28 22:09:30 2026] A froglok ton knight looks delirious.
[Tue Jul 28 22:09:30 2026] You have become better at Channeling! (110)
[Tue Jul 28 22:09:30 2026] You crush a froglok ton knight for 16 points of damage.
[Tue Jul 28 22:09:30 2026] You try to crush a froglok ton knight, but miss!
[Tue Jul 28 22:09:30 2026] You try to crush a froglok ton knight, but a froglok ton knight dodges!
[Tue Jul 28 22:09:30 2026] You try to bash a froglok ton knight, but miss!
[Tue Jul 28 22:09:30 2026] Dranix slashes a froglok ton warrior for 2 points of damage.
[Tue Jul 28 22:09:30 2026] Dranix tries to slash a froglok ton warrior, but misses!
[Tue Jul 28 22:09:30 2026] A froglok ton knight slashes a froglok ton knight for 34 points of damage.
[Tue Jul 28 22:09:31 2026] A froglok ton knight cleaves YOU for 22 points of damage.
[Tue Jul 28 22:09:31 2026] You kick a froglok ton knight for 14 points of damage.
[Tue Jul 28 22:09:31 2026] Dranix strikes a froglok ton warrior for 24 points of damage.
[Tue Jul 28 22:09:32 2026] You crush a froglok ton knight for 14 points of damage.
[Tue Jul 28 22:09:32 2026] A froglok ton knight tries to bash a froglok ton knight, but misses!
[Tue Jul 28 22:09:32 2026] Dranix smites a froglok ton warrior for 33 points of damage.
[Tue Jul 28 22:09:32 2026] You gain party experience! (0.947%)
[Tue Jul 28 22:09:32 2026] You receive 9 silver and 1 copper from the corpse.
[Tue Jul 28 22:09:32 2026] A froglok ton warrior has been slain by Dranix!
[Tue Jul 28 22:09:32 2026] You looted a Rusty Short Sword +1 from a froglok ton warrior's corpse and sold it for 2 silver and 1 copper.
[Tue Jul 28 22:09:32 2026] You looted a Froglok Leg from a froglok ton warrior's corpse and sold it for 1 silver and 8 copper.
[Tue Jul 28 22:09:32 2026] You looted a Froglok Blood from a froglok ton warrior's corpse and sold it for 1 gold, 4 silver and 3 copper.
[Tue Jul 28 22:09:32 2026] A froglok ton knight tries to slash a froglok ton knight, but a froglok ton knight dodges!
[Tue Jul 28 22:09:32 2026] A froglok ton knight tries to slash a froglok ton knight, but a froglok ton knight parries!
[Tue Jul 28 22:09:33 2026] A froglok ton knight tries to hit YOU, but YOU riposte!
[Tue Jul 28 22:09:33 2026] You crush a froglok ton knight for 3 points of damage. (Riposte)
[Tue Jul 28 22:09:33 2026] A froglok ton knight tries to hit YOU, but misses!
[Tue Jul 28 22:09:33 2026] Your Mesmerization spell has worn off of a froglok ton knight.
[Tue Jul 28 22:09:33 2026] A froglok ton knight hits YOU for 3 points of damage.
[Tue Jul 28 22:09:33 2026] A froglok ton knight hits YOU for 1 point of damage.
[Tue Jul 28 22:09:33 2026] A froglok ton knight cleaves YOU for 22 points of damage.
[Tue Jul 28 22:09:33 2026] A froglok ton knight kicks YOU for 3 points of damage.
[Tue Jul 28 22:09:33 2026] You have become better at Eagle Strike! (19)
[Tue Jul 28 22:09:33 2026] You try to strike a froglok ton knight, but miss!
[Tue Jul 28 22:09:33 2026] A froglok ton knight tries to bash YOU, but misses!
[Tue Jul 28 22:09:34 2026] You crush a froglok ton knight for 13 points of damage.
[Tue Jul 28 22:09:34 2026] A froglok ton knight cleaves a froglok ton knight for 34 points of damage.
[Tue Jul 28 22:09:34 2026] A froglok ton knight cleaves a froglok ton knight for 2 points of damage.
[Tue Jul 28 22:09:35 2026] A froglok ton knight tries to slash a froglok ton knight, but a froglok ton knight dodges!
[Tue Jul 28 22:09:35 2026] You can't use that command right now...
[Tue Jul 28 22:09:35 2026] You begin casting Mesmerization.
[Tue Jul 28 22:09:35 2026] Nanamen has taken 1 damage from Disease Cloud by a froglok necromancer.
[Tue Jul 28 22:09:35 2026] A froglok ton knight tries to bash YOU, but YOU riposte!
[Tue Jul 28 22:09:35 2026] Dranix strikes a froglok ton knight for 16 points of damage.
[Tue Jul 28 22:09:35 2026] Dranix strikes a froglok ton knight for 2 points of damage.
[Tue Jul 28 22:09:35 2026] Dranix bashes a froglok ton knight for 2 points of damage.
[Tue Jul 28 22:09:35 2026] Dranix's Light Healing spell is interrupted.
[Tue Jul 28 22:09:35 2026] Dranix slashes a froglok ton knight for 50 points of damage.
[Tue Jul 28 22:09:35 2026] Dranix slashes a froglok ton knight for 48 points of damage.
[Tue Jul 28 22:09:35 2026] A froglok ton knight hits YOU for 5 points of damage.
[Tue Jul 28 22:09:36 2026] A froglok ton knight kicks YOU for 2 points of damage.
[Tue Jul 28 22:09:36 2026] You regain your concentration and continue your casting.
[Tue Jul 28 22:09:36 2026] You have become better at Conjuration! (107)
[Tue Jul 28 22:09:36 2026] You have become better at Specialize Conjuration! (20)
[Tue Jul 28 22:09:36 2026] A froglok ton knight hits YOU for 1 point of damage.
[Tue Jul 28 22:09:36 2026] A froglok ton knight tries to hit YOU, but misses!
[Tue Jul 28 22:09:36 2026] a froglok ton knight has been mesmerized.
[Tue Jul 28 22:09:36 2026] a froglok ton knight has been mesmerized.
[Tue Jul 28 22:09:36 2026] A froglok ton knight told you, 'I am unable to wake a froglok ton knight, Master.'
[Tue Jul 28 22:09:36 2026] A froglok ton knight told you, 'I am unable to wake a froglok ton knight, Master.'
[Tue Jul 28 22:09:36 2026] Your Mesmerization spell has worn off of a froglok ton knight.
[Tue Jul 28 22:09:36 2026] A froglok ton knight has been awakened by Primitive.
[Tue Jul 28 22:09:36 2026] You crush a froglok ton knight for 11 points of damage.
[Tue Jul 28 22:09:36 2026] You crush a froglok ton knight for 16 points of damage.
[Tue Jul 28 22:09:36 2026] Dranix tries to slash a froglok ton knight, but a froglok ton knight dodges!
[Tue Jul 28 22:09:36 2026] Dranix slashes a froglok ton knight for 14 points of damage.
[Tue Jul 28 22:09:36 2026] You bash a froglok ton knight for 1 point of damage.
[Tue Jul 28 22:09:37 2026] Dranix crushes a froglok ton knight for 39 points of damage. (Critical)
[Tue Jul 28 22:09:37 2026] You kick a froglok ton knight for 17 points of damage.
[Tue Jul 28 22:09:37 2026] You kick a froglok ton knight for 7 points of damage.
[Tue Jul 28 22:09:38 2026] You strike a froglok ton knight for 11 points of damage.
[Tue Jul 28 22:09:38 2026] You have become better at Eagle Strike! (20)
[Tue Jul 28 22:09:38 2026] You have become better at Eagle Strike! (21)
[Tue Jul 28 22:09:38 2026] You try to strike a froglok ton knight, but miss!
[Tue Jul 28 22:09:38 2026] A froglok ton knight tries to hit YOU, but misses!
[Tue Jul 28 22:09:38 2026] A froglok ton knight tries to slash a froglok ton knight, but misses!
[Tue Jul 28 22:09:38 2026] A froglok ton knight bashes a froglok ton knight for 1 point of damage.
[Tue Jul 28 22:09:38 2026] You crush a froglok ton knight for 20 points of damage.
[Tue Jul 28 22:09:38 2026] You try to crush a froglok ton knight, but miss!
[Tue Jul 28 22:09:39 2026] You try to smite a froglok ton knight, but miss!
[Tue Jul 28 22:09:39 2026] A froglok ton knight slashes a froglok ton knight for 12 points of damage.
[Tue Jul 28 22:09:39 2026] A froglok ton knight slashes a froglok ton knight for 22 points of damage.
[Tue Jul 28 22:09:39 2026] A froglok ton knight kicks a froglok ton knight for 14 points of damage.
[Tue Jul 28 22:09:39 2026] Dranix crushes a froglok ton knight for 28 points of damage.
[Tue Jul 28 22:09:39 2026] Dranix slashes a froglok ton knight for 48 points of damage.
[Tue Jul 28 22:09:40 2026] Dranix tries to strike a froglok ton knight, but misses!
[Tue Jul 28 22:09:40 2026] A froglok necromancer has been slain by Nanamen!
[Tue Jul 28 22:09:41 2026] Your Mesmerization spell has worn off of a froglok ton knight.
[Tue Jul 28 22:09:41 2026] A froglok ton knight has been awakened by Primitive.
[Tue Jul 28 22:09:41 2026] You crush a froglok ton knight for 15 points of damage.
[Tue Jul 28 22:09:41 2026] A froglok ton knight tries to hit YOU, but misses!
[Tue Jul 28 22:09:41 2026] A froglok ton knight hits YOU for 9 points of damage.
[Tue Jul 28 22:09:41 2026] A froglok ton knight tries to slash a froglok ton knight, but misses!
[Tue Jul 28 22:09:41 2026] You begin casting Languid Pace.
[Tue Jul 28 22:09:41 2026] A froglok ton knight tries to kick YOU, but misses!
[Tue Jul 28 22:09:41 2026] Dranix tries to crush a froglok ton knight, but misses!
[Tue Jul 28 22:09:41 2026] A froglok ton knight bashes YOU for 1 point of damage.
[Tue Jul 28 22:09:41 2026] A froglok ton knight tries to hit YOU, but misses!
[Tue Jul 28 22:09:41 2026] A froglok ton knight tries to hit YOU, but YOU dodge!
[Tue Jul 28 22:09:42 2026] Dranix bashes a froglok ton knight for 2 points of damage.
[Tue Jul 28 22:09:42 2026] Your Languid Pace spell is interrupted.
[Tue Jul 28 22:09:42 2026] Dranix tries to slash a froglok ton knight, but misses!
[Tue Jul 28 22:09:43 2026] You can't use that command right now...
[Tue Jul 28 22:09:43 2026] You have become better at Eagle Strike! (22)
[Tue Jul 28 22:09:43 2026] You try to strike a froglok ton knight, but miss!
[Tue Jul 28 22:09:43 2026] You begin casting Languid Pace.
[Tue Jul 28 22:09:43 2026] A froglok ton knight tries to bash YOU, but misses!
[Tue Jul 28 22:09:43 2026] Dranix crushes a froglok ton knight for 20 points of damage.
[Tue Jul 28 22:09:43 2026] A froglok ton knight slashes a froglok ton knight for 22 points of damage.
[Tue Jul 28 22:09:43 2026] a froglok ton knight slows down.
[Tue Jul 28 22:09:43 2026] You have become better at Alteration! (109)
[Tue Jul 28 22:09:43 2026] You crush a froglok ton knight for 16 points of damage.
[Tue Jul 28 22:09:43 2026] A froglok ton knight cleaves YOU for 19 points of damage.
[Tue Jul 28 22:09:43 2026] Dranix kicks a froglok ton knight for 2 points of damage.
[Tue Jul 28 22:09:43 2026] Dranix kicks a froglok ton knight for 18 points of damage.
[Tue Jul 28 22:09:43 2026] Dranix tries to kick a froglok ton knight, but misses!
[Tue Jul 28 22:09:43 2026] Dranix tries to smite a froglok ton knight, but misses!
[Tue Jul 28 22:09:43 2026] You bash a froglok ton knight for 1 point of damage.
[Tue Jul 28 22:09:43 2026] You try to bash a froglok ton knight, but a froglok ton knight dodges!
[Tue Jul 28 22:09:44 2026] A froglok ton knight tries to hit YOU, but misses!
[Tue Jul 28 22:09:44 2026] A froglok ton knight tries to cleave a froglok ton knight, but a froglok ton knight parries!
[Tue Jul 28 22:09:44 2026] A froglok ton knight tries to cleave a froglok ton knight, but misses!
[Tue Jul 28 22:09:44 2026] A froglok ton knight tries to kick YOU, but misses!
[Tue Jul 28 22:09:44 2026] You try to kick a froglok ton knight, but miss!
[Tue Jul 28 22:09:44 2026] You try to kick a froglok ton knight, but a froglok ton knight parries!
[Tue Jul 28 22:09:44 2026] You kick a froglok ton knight for 2 points of damage.
[Tue Jul 28 22:09:44 2026] Your faction standing with Frogloks of Guk has been adjusted by -5.
[Tue Jul 28 22:09:44 2026] You gain party experience! (1.201%)
[Tue Jul 28 22:09:44 2026] You receive 8 gold and 5 silver from the corpse.
[Tue Jul 28 22:09:44 2026] You have slain a froglok ton knight!
[Tue Jul 28 22:09:45 2026] A froglok ton knight bashes a froglok ton knight for 1 point of damage.
[Tue Jul 28 22:09:45 2026] A froglok ton knight hits YOU for 7 points of damage.
[Tue Jul 28 22:09:45 2026] Dranix strikes a froglok ton knight for 24 points of damage.
[Tue Jul 28 22:09:45 2026] Dranix strikes a froglok ton knight for 18 points of damage.
[Tue Jul 28 22:09:45 2026] A froglok ton knight cleaves YOU for 23 points of damage.
[Tue Jul 28 22:09:45 2026] You crush a froglok ton knight for 18 points of damage.
[Tue Jul 28 22:09:45 2026] You crush a froglok ton knight for 2 points of damage.
[Tue Jul 28 22:09:45 2026] You crush a froglok ton knight for 9 points of damage.
[Tue Jul 28 22:09:45 2026] A froglok ton knight tries to slash a froglok ton knight, but misses!
[Tue Jul 28 22:09:45 2026] A froglok ton knight slashes a froglok ton knight for 29 points of damage.
[Tue Jul 28 22:09:45 2026] Dranix slashes a froglok ton knight for 60 points of damage.
[Tue Jul 28 22:09:45 2026] Dranix slashes a froglok ton knight for 54 points of damage.
[Tue Jul 28 22:09:46 2026] A froglok ton knight kicks a froglok ton knight for 15 points of damage.
[Tue Jul 28 22:09:47 2026] Dranix crushes a froglok ton knight for 4 points of damage.
[Tue Jul 28 22:09:47 2026] You have become better at Eagle Strike! (23)
[Tue Jul 28 22:09:47 2026] You try to strike a froglok ton knight, but miss!
[Tue Jul 28 22:09:47 2026] A froglok ton knight slashes a froglok ton knight for 14 points of damage.
[Tue Jul 28 22:09:47 2026] You crush a froglok ton knight for 16 points of damage.
[Tue Jul 28 22:09:48 2026] Dranix tries to bash a froglok ton knight, but misses!
[Tue Jul 28 22:09:48 2026] A froglok ton knight tries to hit YOU, but misses!
[Tue Jul 28 22:09:48 2026] Dranix slashes a froglok ton knight for 38 points of damage.
[Tue Jul 28 22:09:49 2026] Dranix crushes a froglok ton knight for 39 points of damage. (Critical)
[Tue Jul 28 22:09:49 2026] A froglok ton knight tries to bash YOU, but misses!
[Tue Jul 28 22:09:49 2026] A froglok ton knight kicks YOU for 3 points of damage.
[Tue Jul 28 22:09:49 2026] A froglok ton knight kicks YOU for 2 points of damage.
[Tue Jul 28 22:09:50 2026] Dranix strikes a froglok ton knight for 24 points of damage.
[Tue Jul 28 22:09:50 2026] Dranix strikes a froglok ton knight for 26 points of damage.
[Tue Jul 28 22:09:50 2026] A froglok ton knight slashes a froglok ton knight for 24 points of damage.
[Tue Jul 28 22:09:50 2026] A froglok ton knight slashes a froglok ton knight for 29 points of damage.
[Tue Jul 28 22:09:50 2026] You try to bash a froglok ton knight, but miss!
[Tue Jul 28 22:09:50 2026] You try to crush a froglok ton knight, but miss!
[Tue Jul 28 22:09:50 2026] Dranix kicks a froglok ton knight for 16 points of damage.
[Tue Jul 28 22:09:51 2026] You try to smite a froglok ton knight, but miss!
[Tue Jul 28 22:09:51 2026] Dranix crushes a froglok ton knight for 10 points of damage.
[Tue Jul 28 22:09:51 2026] You try to kick a froglok ton knight, but miss!
[Tue Jul 28 22:09:51 2026] You try to kick a froglok ton knight, but a froglok ton knight parries!
[Tue Jul 28 22:09:51 2026] A froglok ton knight bashes a froglok ton knight for 1 point of damage.
[Tue Jul 28 22:09:51 2026] Dranix tries to slash a froglok ton knight, but misses!
[Tue Jul 28 22:09:52 2026] A froglok ton knight tries to slash a froglok ton knight, but misses!
[Tue Jul 28 22:09:52 2026] A froglok ton knight slashes a froglok ton knight for 10 points of damage.
[Tue Jul 28 22:09:52 2026] You crush a froglok ton knight for 24 points of damage.
[Tue Jul 28 22:09:52 2026] You try to crush a froglok ton knight, but miss!
[Tue Jul 28 22:09:52 2026] A froglok ton knight kicks a froglok ton knight for 18 points of damage.
[Tue Jul 28 22:09:52 2026] You have become better at Eagle Strike! (24)
[Tue Jul 28 22:09:52 2026] You try to strike a froglok ton knight, but a froglok ton knight dodges!
[Tue Jul 28 22:09:53 2026] A froglok ton knight hits YOU for 21 points of damage.
[Tue Jul 28 22:09:53 2026] A froglok ton knight tries to cleave a froglok ton knight, but misses!
[Tue Jul 28 22:09:54 2026] A froglok ton knight slashes a froglok ton knight for 10 points of damage.
[Tue Jul 28 22:09:54 2026] A froglok ton knight slashes a froglok ton knight for 20 points of damage.
[Tue Jul 28 22:09:54 2026] Dranix strikes a froglok ton knight for 24 points of damage.
[Tue Jul 28 22:09:54 2026] Dranix strikes a froglok ton knight for 31 points of damage. (Critical)
[Tue Jul 28 22:09:54 2026] You crush a froglok ton knight for 14 points of damage.
[Tue Jul 28 22:09:54 2026] Dranix bashes a froglok ton knight for 2 points of damage.
[Tue Jul 28 22:09:54 2026] Dranix tries to slash a froglok ton knight, but misses!
[Tue Jul 28 22:09:55 2026] Dranix smites a froglok ton knight for 48 points of damage.
[Tue Jul 28 22:09:55 2026] Dranix hit a froglok ton knight for 56 points of magic damage by Smiting Strike.
[Tue Jul 28 22:09:55 2026] A froglok ton knight staggers.
[Tue Jul 28 22:09:55 2026] A froglok ton knight hits YOU for 1 point of damage.
[Tue Jul 28 22:09:56 2026] You try to bash a froglok ton knight, but miss!
[Tue Jul 28 22:09:56 2026] A froglok ton knight tries to slash a froglok ton knight, but misses!
[Tue Jul 28 22:09:56 2026] You crush a froglok ton knight for 6 points of damage.
[Tue Jul 28 22:09:56 2026] You crush a froglok ton knight for 21 points of damage.
[Tue Jul 28 22:09:57 2026] Dranix kicks a froglok ton knight for 26 points of damage.
[Tue Jul 28 22:09:57 2026] You strike a froglok ton knight for 6 points of damage.
[Tue Jul 28 22:09:57 2026] You have become better at Eagle Strike! (25)
[Tue Jul 28 22:09:57 2026] A froglok ton knight bashes a froglok ton knight for 1 point of damage.
[Tue Jul 28 22:09:57 2026] You kick a froglok ton knight for 14 points of damage.
[Tue Jul 28 22:09:58 2026] Dranix tries to slash a froglok ton knight, but misses!
[Tue Jul 28 22:09:58 2026] A froglok ton knight tries to slash a froglok ton knight, but misses!
[Tue Jul 28 22:09:58 2026] A froglok ton knight tries to slash a froglok ton knight, but misses!
[Tue Jul 28 22:09:58 2026] A froglok ton knight tries to kick a froglok ton knight, but misses!
[Tue Jul 28 22:09:58 2026] Dranix strikes a froglok ton knight for 10 points of damage.
[Tue Jul 28 22:09:59 2026] You crush a froglok ton knight for 25 points of damage. (Critical)
[Tue Jul 28 22:09:59 2026] You crush a froglok ton knight for 16 points of damage.
[Tue Jul 28 22:09:59 2026] A froglok ton knight tries to hit YOU, but misses!
[Tue Jul 28 22:09:59 2026] A froglok ton knight bashes YOU for 1 point of damage.
[Tue Jul 28 22:09:59 2026] A froglok ton knight tries to bash YOU, but misses!
[Tue Jul 28 22:09:59 2026] A froglok ton knight tries to kick YOU, but misses!
[Tue Jul 28 22:09:59 2026] A froglok ton knight tries to kick YOU, but misses!
[Tue Jul 28 22:10:00 2026] A froglok ton knight slashes a froglok ton knight for 29 points of damage.
